series,date,open,high,low,close,volume,average,bar_count
NST:TRADES:2Y,2024-08-26,15.19,15.25,15.0,15.15,2979167.0,15.155,9467
NST:TRADES:2Y,2024-08-27,15.17,15.36,15.125,15.22,2632822.0,15.234,6851
NST:TRADES:2Y,2024-08-28,15.21,15.31,15.0,15.07,2844057.0,15.102,7720
NST:TRADES:2Y,2024-08-29,14.95,15.16,14.94,15.0,3100272.0,15.012,11347
NST:TRADES:2Y,2024-08-30,15.05,15.26,15.05,15.26,4567343.0,15.231,6521
NST:TRADES:2Y,2024-09-02,15.01,15.1,14.85,15.1,2317981.0,15.0365,10220
NST:TRADES:2Y,2024-09-03,14.92,14.98,14.83,14.87,1754186.0,14.8885,5355
NST:TRADES:2Y,2024-09-04,14.65,14.68,14.455,14.54,3767603.0,14.5465,10336
NST:TRADES:2Y,2024-09-05,14.61,14.66,14.44,14.52,2705126.0,14.53,10610
NST:TRADES:2Y,2024-09-06,14.56,14.8,14.54,14.73,3374184.0,14.7095,11310
NST:TRADES:2Y,2024-09-09,14.52,14.66,14.43,14.65,2740991.0,14.596,9699
NST:TRADES:2Y,2024-09-10,14.8,14.86,14.56,14.6,2915516.0,14.662,8785
NST:TRADES:2Y,2024-09-11,14.79,14.95,14.72,14.83,3264660.0,14.845,12046
NST:TRADES:2Y,2024-09-12,14.86,15.1,14.855,15.04,3056137.0,15.026,10170
NST:TRADES:2Y,2024-09-13,15.58,15.8,15.54,15.6,6681837.0,15.6645,17703
NST:TRADES:2Y,2024-09-16,15.96,16.11,15.72,15.83,5065399.0,15.863,19504
NST:TRADES:2Y,2024-09-17,15.88,15.99,15.75,15.79,2627227.0,15.841,11549
NST:TRADES:2Y,2024-09-18,15.64,15.85,15.61,15.81,2702856.0,15.7835,8333
NST:TRADES:2Y,2024-09-19,15.75,15.81,15.5,15.81,3686823.0,15.73,10189
NST:TRADES:2Y,2024-09-20,15.8,16.03,15.75,16.02,4735442.0,15.996,9870
NST:TRADES:2Y,2024-09-23,16.12,16.2,15.96,16.05,2590695.0,16.0915,8133
NST:TRADES:2Y,2024-09-24,15.9,16.1,15.9,16.02,2065873.0,16.0205,8476
NST:TRADES:2Y,2024-09-25,16.42,16.48,16.12,16.15,3534570.0,16.2115,11654
NST:TRADES:2Y,2024-09-26,16.27,16.39,16.19,16.24,3617992.0,16.2845,11179
NST:TRADES:2Y,2024-09-27,16.21,16.29,16.1,16.23,3941996.0,16.2235,15302
NST:TRADES:2Y,2024-09-30,15.96,16.05,15.85,15.97,3600987.0,15.954,9249
NST:TRADES:2Y,2024-10-01,15.8,15.91,15.71,15.89,2627534.0,15.84,10348
NST:TRADES:2Y,2024-10-02,16.0,16.11,15.89,16.0,3136485.0,16.0045,11646
NST:TRADES:2Y,2024-10-03,15.96,16.03,15.71,15.84,2721801.0,15.823,7949
NST:TRADES:2Y,2024-10-04,15.79,15.98,15.62,15.9,2499850.0,15.847,6977
NST:TRADES:2Y,2024-10-07,15.95,16.03,15.73,15.84,2340030.0,15.845,10183
NST:TRADES:2Y,2024-10-08,15.83,16.15,15.77,16.05,3765252.0,16.0565,14064
NST:TRADES:2Y,2024-10-09,16.0,16.13,15.8,15.8,3396665.0,15.8965,12065
NST:TRADES:2Y,2024-10-10,15.85,15.98,15.705,15.79,3229175.0,15.821,11619
NST:TRADES:2Y,2024-10-11,16.0,16.13,15.97,15.97,2962727.0,16.008,10211
NST:TRADES:2Y,2024-10-14,16.19,16.36,16.09,16.34,3039995.0,16.279,11408
NST:TRADES:2Y,2024-10-15,16.32,16.52,16.24,16.51,2760079.0,16.4725,12187
NST:TRADES:2Y,2024-10-16,16.56,16.89,16.51,16.81,3512109.0,16.7695,13725
NST:TRADES:2Y,2024-10-17,16.74,17.03,16.71,17.03,4871399.0,16.899,13506
NST:TRADES:2Y,2024-10-18,17.2,17.23,16.99,17.08,3868979.0,17.1105,11104
NST:TRADES:2Y,2024-10-21,17.26,17.44,17.25,17.41,3299542.0,17.377,13877
NST:TRADES:2Y,2024-10-22,17.36,17.51,17.25,17.47,3942468.0,17.438,10989
NST:TRADES:2Y,2024-10-23,17.44,17.53,17.345,17.43,3366502.0,17.448,13579
NST:TRADES:2Y,2024-10-24,17.03,17.54,16.91,17.41,5366442.0,17.325,19870
NST:TRADES:2Y,2024-10-25,17.2,18.32,17.2,18.29,6041854.0,18.079,25125
NST:TRADES:2Y,2024-10-28,17.43,17.69,17.22,17.28,5942680.0,17.4155,19948
NST:TRADES:2Y,2024-10-29,17.46,17.89,17.32,17.89,4080561.0,17.7355,11388
NST:TRADES:2Y,2024-10-30,17.86,18.28,17.85,18.01,3826253.0,18.078,15713
NST:TRADES:2Y,2024-10-31,17.94,17.95,17.6,17.73,3183966.0,17.747,9570
NST:TRADES:2Y,2024-11-01,17.3,17.58,17.16,17.58,2952300.0,17.483,9669
NST:TRADES:2Y,2024-11-04,17.7,17.74,17.5,17.74,1742828.0,17.652,8114
NST:TRADES:2Y,2024-11-05,17.52,17.89,17.51,17.72,2235082.0,17.743,8394
NST:TRADES:2Y,2024-11-06,18.0,18.0,17.39,17.61,2716805.0,17.6715,9513
NST:TRADES:2Y,2024-11-07,16.75,16.8,16.22,16.5,5261955.0,16.519,19801
NST:TRADES:2Y,2024-11-08,17.0,17.14,16.78,16.79,3209340.0,16.898,11784
NST:TRADES:2Y,2024-11-11,16.82,17.25,16.67,17.0,3624919.0,17.041,11696
NST:TRADES:2Y,2024-11-12,16.31,16.67,16.24,16.55,3951401.0,16.4785,13862
NST:TRADES:2Y,2024-11-13,16.41,16.71,16.39,16.54,3516712.0,16.5455,12909
NST:TRADES:2Y,2024-11-14,16.64,16.64,15.7,15.7,5439072.0,15.9425,20249
NST:TRADES:2Y,2024-11-15,16.0,16.05,15.81,15.85,4609681.0,15.8815,15703
NST:TRADES:2Y,2024-11-18,15.91,16.32,15.85,16.25,3832161.0,16.1675,14065
NST:TRADES:2Y,2024-11-19,16.61,17.1,16.41,16.9,4202372.0,16.87,19561
NST:TRADES:2Y,2024-11-20,17.05,17.24,17.02,17.07,2179165.0,17.1065,13601
NST:TRADES:2Y,2024-11-21,17.34,17.6,17.28,17.56,3846544.0,17.519,14333
NST:TRADES:2Y,2024-11-22,17.74,17.93,17.64,17.9,2823425.0,17.851,13077
NST:TRADES:2Y,2024-11-25,18.0,18.14,17.4,17.61,8369446.0,17.673,19508
NST:TRADES:2Y,2024-11-26,17.43,17.6,17.18,17.18,3280409.0,17.2765,14299
NST:TRADES:2Y,2024-11-27,17.63,17.71,17.48,17.62,2736664.0,17.617,16047
NST:TRADES:2Y,2024-11-28,17.55,17.59,17.25,17.37,2431466.0,17.408,13496
NST:TRADES:2Y,2024-11-29,17.48,17.55,17.28,17.51,1407076.0,17.488,6090
NST:TRADES:2Y,2024-12-02,16.86,17.0,16.11,16.59,5507909.0,16.5085,32601
NST:TRADES:2Y,2024-12-03,16.33,16.66,15.93,16.13,8443595.0,16.1155,31647
NST:TRADES:2Y,2024-12-04,16.23,16.23,15.75,16.14,6192085.0,16.012,26588
NST:TRADES:2Y,2024-12-05,16.1,16.53,15.88,16.53,5668742.0,16.3085,25490
NST:TRADES:2Y,2024-12-06,16.52,16.53,16.2,16.35,3823020.0,16.356,15166
NST:TRADES:2Y,2024-12-09,16.22,16.56,16.22,16.51,3027195.0,16.4335,11835
NST:TRADES:2Y,2024-12-10,16.76,16.95,16.7,16.9,3901444.0,16.854,17127
NST:TRADES:2Y,2024-12-11,17.13,17.2,16.68,16.93,4549593.0,16.913,14773
NST:TRADES:2Y,2024-12-12,17.18,17.18,16.73,16.75,3467518.0,16.841,12567
NST:TRADES:2Y,2024-12-13,16.46,16.5,16.255,16.44,2646163.0,16.4195,10039
NST:TRADES:2Y,2024-12-16,16.33,16.365,16.06,16.1,3475281.0,16.164,12953
NST:TRADES:2Y,2024-12-17,15.94,16.08,15.91,16.08,4006628.0,16.0255,16585
NST:TRADES:2Y,2024-12-18,16.27,16.3,15.93,15.98,3433772.0,16.0365,12805
NST:TRADES:2Y,2024-12-19,15.22,15.47,15.06,15.33,6842643.0,15.302,19643
NST:TRADES:2Y,2024-12-20,15.21,15.3,15.07,15.25,7891032.0,15.2355,11814
NST:TRADES:2Y,2024-12-23,15.41,15.5,15.285,15.5,2405204.0,15.4345,11285
NST:TRADES:2Y,2024-12-24,15.35,15.42,15.32,15.39,832704.0,15.37,4296
NST:TRADES:2Y,2024-12-27,15.5,15.62,15.43,15.6,1323476.0,15.561,6241
NST:TRADES:2Y,2024-12-30,15.54,15.58,15.44,15.56,1266413.0,15.527,6251
NST:TRADES:2Y,2024-12-31,15.4,15.48,15.34,15.44,1345152.0,15.417,5334
NST:TRADES:2Y,2025-01-02,15.4,15.54,15.34,15.45,1201742.0,15.4445,5952
NST:TRADES:2Y,2025-01-03,15.85,15.9,15.675,15.76,2303561.0,15.7815,7841
NST:TRADES:2Y,2025-01-06,15.87,16.03,15.67,15.67,2603803.0,15.784,10310
NST:TRADES:2Y,2025-01-07,15.72,15.79,15.555,15.79,2440007.0,15.7335,11095
NST:TRADES:2Y,2025-01-08,15.88,16.06,15.82,16.06,2523850.0,15.9905,9650
NST:TRADES:2Y,2025-01-09,16.13,16.67,16.07,16.53,3192067.0,16.52,15055
NST:TRADES:2Y,2025-01-10,16.65,16.74,16.5,16.57,2473615.0,16.587,14066
NST:TRADES:2Y,2025-01-13,16.65,16.83,16.61,16.78,2647422.0,16.746,10487
NST:TRADES:2Y,2025-01-14,16.75,17.1,16.65,17.1,3661043.0,16.945,15057
NST:TRADES:2Y,2025-01-15,17.33,17.35,17.07,17.28,2703682.0,17.2405,14037
NST:TRADES:2Y,2025-01-16,17.52,17.52,17.14,17.36,4631031.0,17.3205,17177
NST:TRADES:2Y,2025-01-17,17.3,17.45,17.21,17.45,3152874.0,17.3565,11409
NST:TRADES:2Y,2025-01-20,17.45,17.45,16.98,16.99,3111421.0,17.068,10090
NST:TRADES:2Y,2025-01-21,16.79,17.28,16.65,17.26,3011176.0,17.1325,13709
NST:TRADES:2Y,2025-01-22,17.35,17.39,17.16,17.26,3474668.0,17.269,18309
NST:TRADES:2Y,2025-01-23,17.01,17.28,16.97,17.28,2922617.0,17.2025,13080
NST:TRADES:2Y,2025-01-24,17.35,17.35,17.04,17.17,2378676.0,17.1695,13018
NST:TRADES:2Y,2025-01-28,16.75,17.0,16.705,16.79,4020020.0,16.813,18504
NST:TRADES:2Y,2025-01-29,17.04,17.09,16.81,16.94,3049196.0,16.94,16149
NST:TRADES:2Y,2025-01-30,16.99,17.1,16.83,16.86,2169465.0,16.93,12642
NST:TRADES:2Y,2025-01-31,17.14,17.39,17.08,17.3,3535017.0,17.2835,13205
NST:TRADES:2Y,2025-02-03,17.15,17.44,17.07,17.23,2711901.0,17.22,17487
NST:TRADES:2Y,2025-02-04,17.33,17.5,17.2,17.48,2965680.0,17.39,17761
NST:TRADES:2Y,2025-02-05,17.65,17.86,17.51,17.78,3091419.0,17.7345,15486
NST:TRADES:2Y,2025-02-06,18.08,18.33,17.96,18.16,3727864.0,18.2025,20660
NST:TRADES:2Y,2025-02-07,17.96,18.19,17.7,17.73,2819643.0,17.848,17823
NST:TRADES:2Y,2025-02-10,17.76,17.96,17.735,17.82,2318053.0,17.8375,14411
NST:TRADES:2Y,2025-02-11,18.3,18.805,18.21,18.54,4680071.0,18.522,19032
NST:TRADES:2Y,2025-02-12,18.35,18.51,18.26,18.3,4306291.0,18.3565,16456
NST:TRADES:2Y,2025-02-13,18.54,18.63,18.23,18.33,4038527.0,18.397,20365
NST:TRADES:2Y,2025-02-14,18.46,18.58,18.27,18.56,4034718.0,18.4835,15927
NST:TRADES:2Y,2025-02-17,17.98,18.04,17.66,17.91,3895273.0,17.8635,16811
NST:TRADES:2Y,2025-02-18,18.0,18.02,17.5,17.57,4154181.0,17.642,18185
NST:TRADES:2Y,2025-02-19,17.7,17.94,17.7,17.94,4047515.0,17.847,17301
NST:TRADES:2Y,2025-02-20,17.85,17.985,17.7,17.89,4207923.0,17.838,16495
NST:TRADES:2Y,2025-02-21,18.15,18.29,17.9,18.15,3616055.0,18.133,13449
NST:TRADES:2Y,2025-02-24,17.77,17.87,17.64,17.77,3125312.0,17.772,16601
NST:TRADES:2Y,2025-02-25,17.7,17.94,17.63,17.83,2849973.0,17.7885,12958
NST:TRADES:2Y,2025-02-26,17.4,17.54,17.19,17.33,3519280.0,17.354,16149
NST:TRADES:2Y,2025-02-27,17.48,17.78,17.415,17.6,3221286.0,17.631,12935
NST:TRADES:2Y,2025-02-28,17.11,17.28,16.96,17.16,5527492.0,17.154,14742
NST:TRADES:2Y,2025-03-03,17.23,17.48,17.085,17.42,3097982.0,17.359,13719
NST:TRADES:2Y,2025-03-04,17.49,17.72,17.39,17.53,3119267.0,17.551,19446
NST:TRADES:2Y,2025-03-05,17.35,17.49,16.95,17.29,3665268.0,17.1895,17974
NST:TRADES:2Y,2025-03-06,17.45,17.61,17.29,17.61,3433175.0,17.4865,16043
NST:TRADES:2Y,2025-03-07,17.51,17.535,17.21,17.22,2958988.0,17.343,12916
NST:TRADES:2Y,2025-03-10,17.31,17.43,17.06,17.27,2563647.0,17.231,12831
NST:TRADES:2Y,2025-03-11,17.05,17.12,16.62,16.95,4151293.0,16.88,22276
NST:TRADES:2Y,2025-03-12,17.17,17.21,16.75,16.97,5618350.0,16.9545,21027
NST:TRADES:2Y,2025-03-13,17.21,17.39,17.05,17.39,6440185.0,17.27,27955
NST:TRADES:2Y,2025-03-14,17.73,18.09,17.73,17.87,4744795.0,17.892,23253
NST:TRADES:2Y,2025-03-17,17.62,17.78,17.545,17.78,3175087.0,17.7045,14273
NST:TRADES:2Y,2025-03-18,17.85,17.98,17.65,17.98,3791670.0,17.87,18486
NST:TRADES:2Y,2025-03-19,18.0,18.18,17.76,17.76,4758337.0,17.929,18452
NST:TRADES:2Y,2025-03-20,18.1,18.38,17.9,18.31,7100996.0,18.233,19416
NST:TRADES:2Y,2025-03-21,18.26,18.42,18.17,18.21,6160175.0,18.234,13070
NST:TRADES:2Y,2025-03-24,18.15,18.24,17.95,17.97,3974088.0,18.035,15648
NST:TRADES:2Y,2025-03-25,17.82,18.04,17.82,17.92,3396694.0,17.917,17748
NST:TRADES:2Y,2025-03-26,18.06,18.18,17.775,17.8,4074382.0,17.8845,18922
NST:TRADES:2Y,2025-03-27,17.89,18.04,17.84,17.94,4075882.0,17.9465,15029
NST:TRADES:2Y,2025-03-28,18.46,18.83,18.32,18.63,5632584.0,18.6005,21553
NST:TRADES:2Y,2025-03-31,18.62,18.62,18.27,18.32,5906361.0,18.3885,17336
NST:TRADES:2Y,2025-04-01,18.53,18.64,18.23,18.37,5143851.0,18.417,24495
NST:TRADES:2Y,2025-04-02,18.47,18.48,17.93,18.07,5110496.0,18.1585,23889
NST:TRADES:2Y,2025-04-03,18.0,18.65,17.99,18.45,6913748.0,18.4255,28011
NST:TRADES:2Y,2025-04-04,18.45,18.99,18.32,18.85,7868616.0,18.782,27990
NST:TRADES:2Y,2025-04-07,17.55,18.72,17.24,18.6,13658472.0,18.207,55142
NST:TRADES:2Y,2025-04-08,18.73,19.6,18.64,19.52,9317732.0,19.2445,41543
NST:TRADES:2Y,2025-04-09,19.4,19.52,19.07,19.29,8145318.0,19.302,36130
NST:TRADES:2Y,2025-04-10,20.05,20.32,19.84,20.28,7744546.0,20.123,31226
NST:TRADES:2Y,2025-04-11,20.68,21.4,20.56,21.4,7971832.0,21.169,31749
NST:TRADES:2Y,2025-04-14,21.4,21.66,21.27,21.65,6917958.0,21.531,28525
NST:TRADES:2Y,2025-04-15,21.43,21.8,21.25,21.77,5620367.0,21.5965,37121
NST:TRADES:2Y,2025-04-16,21.75,22.18,21.67,22.09,6125591.0,22.016,27734
NST:TRADES:2Y,2025-04-17,22.6,22.76,22.1,22.35,6699384.0,22.37,24369
NST:TRADES:2Y,2025-04-22,22.8,23.3,22.51,23.01,7470743.0,22.94,24882
NST:TRADES:2Y,2025-04-23,22.11,22.28,20.71,20.81,28887677.0,20.962,55282
NST:TRADES:2Y,2025-04-24,21.29,21.51,20.74,20.84,9905465.0,20.935,31113
NST:TRADES:2Y,2025-04-28,21.28,21.28,20.455,20.87,9104955.0,20.8415,32479
NST:TRADES:2Y,2025-04-29,19.85,20.225,19.44,19.88,9626818.0,19.7975,48477
NST:TRADES:2Y,2025-04-30,19.74,19.74,19.11,19.18,10755186.0,19.2845,31335
NST:TRADES:2Y,2025-05-01,19.03,19.21,18.89,19.04,7460474.0,19.0515,31411
NST:TRADES:2Y,2025-05-02,18.95,19.22,18.71,19.17,4994603.0,19.0545,23726
NST:TRADES:2Y,2025-05-05,19.08,19.45,18.97,19.24,5468378.0,19.225,18038
NST:TRADES:2Y,2025-05-06,19.93,20.12,19.59,19.95,7636122.0,19.905,30225
NST:TRADES:2Y,2025-05-07,20.4,20.56,19.37,19.43,8276519.0,19.709,32539
NST:TRADES:2Y,2025-05-08,19.63,20.0,19.52,19.89,5524001.0,19.87,20043
NST:TRADES:2Y,2025-05-09,19.65,20.01,19.53,19.77,5411753.0,19.7645,22224
NST:TRADES:2Y,2025-05-12,19.8,19.87,19.07,19.19,5351810.0,19.293,23031
NST:TRADES:2Y,2025-05-13,18.15,18.345,17.87,18.31,7452346.0,18.134,30245
NST:TRADES:2Y,2025-05-14,17.96,18.32,17.805,18.32,7923540.0,18.1305,29919
NST:TRADES:2Y,2025-05-15,18.12,18.155,17.84,18.04,8801985.0,18.0305,35472
NST:TRADES:2Y,2025-05-16,18.55,18.87,18.46,18.53,6166657.0,18.6145,23481
NST:TRADES:2Y,2025-05-19,18.55,18.95,18.535,18.88,4371446.0,18.8145,17553
NST:TRADES:2Y,2025-05-20,19.2,19.24,18.24,18.62,5370323.0,18.709,20383
NST:TRADES:2Y,2025-05-21,19.35,19.44,19.08,19.22,6860450.0,19.248,22164
NST:TRADES:2Y,2025-05-22,19.44,20.35,19.38,20.25,8436769.0,20.061,31460
NST:TRADES:2Y,2025-05-23,19.8,20.39,19.7,20.35,5687855.0,20.2635,28259
NST:TRADES:2Y,2025-05-26,20.5,21.04,20.43,20.95,4441620.0,20.868,13701
NST:TRADES:2Y,2025-05-27,20.97,21.01,20.465,20.64,3976133.0,20.7225,17493
NST:TRADES:2Y,2025-05-28,20.36,20.67,20.27,20.48,5355664.0,20.4655,22813
NST:TRADES:2Y,2025-05-29,19.9,20.43,19.8,20.33,4591543.0,20.2805,15760
NST:TRADES:2Y,2025-05-30,20.26,20.98,20.26,20.98,10862690.0,20.8855,23272
NST:TRADES:2Y,2025-06-02,20.97,21.24,20.8,20.88,3895813.0,21.01,24305
NST:TRADES:2Y,2025-06-03,22.16,22.16,21.09,21.26,5221177.0,21.4885,21831
NST:TRADES:2Y,2025-06-04,21.39,21.39,21.01,21.02,4249765.0,21.0945,20992
NST:TRADES:2Y,2025-06-05,21.22,21.23,20.92,21.02,4430752.0,21.0445,22875
NST:TRADES:2Y,2025-06-06,21.17,21.5,20.6,20.96,4751673.0,20.9545,24212
NST:TRADES:2Y,2025-06-10,20.8,21.02,20.72,21.01,5189612.0,20.9175,25454
NST:TRADES:2Y,2025-06-11,20.73,21.24,20.61,21.17,3316696.0,21.0605,20572
NST:TRADES:2Y,2025-06-12,21.47,21.78,21.2,21.43,5775657.0,21.503,28559
NST:TRADES:2Y,2025-06-13,21.8,22.72,21.7,22.53,7864527.0,22.373,33748
NST:TRADES:2Y,2025-06-16,22.75,22.78,20.68,20.68,8556049.0,21.2355,41925
NST:TRADES:2Y,2025-06-17,20.97,21.18,20.82,20.99,5757213.0,21.018,26099
NST:TRADES:2Y,2025-06-18,20.8,20.89,20.33,20.58,8930705.0,20.551,26305
NST:TRADES:2Y,2025-06-19,20.73,20.73,20.275,20.38,5370199.0,20.4885,16322
NST:TRADES:2Y,2025-06-20,20.18,20.56,20.12,20.52,17926295.0,20.4985,19904
NST:TRADES:2Y,2025-06-23,20.7,20.71,19.88,19.88,6889815.0,20.142,24984
NST:TRADES:2Y,2025-06-24,20.45,20.45,19.67,19.8,7827369.0,19.8415,29726
NST:TRADES:2Y,2025-06-25,19.4,19.49,19.13,19.28,7875135.0,19.2695,28778
NST:TRADES:2Y,2025-06-26,19.16,19.24,18.665,18.84,7769580.0,18.8635,28214
NST:TRADES:2Y,2025-06-27,18.95,19.08,18.19,18.33,7325564.0,18.478,28886
NST:TRADES:2Y,2025-06-30,18.17,18.59,18.1,18.55,6763662.0,18.477,26253
NST:TRADES:2Y,2025-07-01,18.87,19.09,18.54,18.79,5758659.0,18.7455,28040
NST:TRADES:2Y,2025-07-02,18.78,18.9,18.51,18.77,5009257.0,18.702,22645
NST:TRADES:2Y,2025-07-03,18.61,18.73,18.36,18.56,4822896.0,18.5135,18963
NST:TRADES:2Y,2025-07-04,18.5,18.6,18.22,18.39,2756232.0,18.377,15176
NST:TRADES:2Y,2025-07-07,17.84,17.85,16.73,16.8,10609088.0,17.0675,43708
NST:TRADES:2Y,2025-07-08,16.14,17.23,16.14,16.94,9114667.0,16.83,38820
NST:TRADES:2Y,2025-07-09,16.07,16.46,16.07,16.37,7441519.0,16.3025,36596
NST:TRADES:2Y,2025-07-10,16.57,16.65,16.3,16.62,5289896.0,16.5675,20061
NST:TRADES:2Y,2025-07-11,16.47,16.56,16.13,16.25,6934736.0,16.2665,23438
NST:TRADES:2Y,2025-07-14,16.47,16.77,16.41,16.53,5845322.0,16.526,20466
NST:TRADES:2Y,2025-07-15,16.55,16.815,16.48,16.78,5186383.0,16.727,21434
NST:TRADES:2Y,2025-07-16,16.54,16.62,16.33,16.42,5494660.0,16.4745,23085
NST:TRADES:2Y,2025-07-17,16.43,16.63,16.28,16.34,5268790.0,16.392,20099
NST:TRADES:2Y,2025-07-18,16.47,16.63,16.36,16.52,3173447.0,16.507,16665
NST:TRADES:2Y,2025-07-21,16.63,16.63,16.15,16.28,4631197.0,16.2785,15491
NST:TRADES:2Y,2025-07-22,16.56,16.75,16.49,16.49,4127446.0,16.5715,18736
NST:TRADES:2Y,2025-07-23,16.99,17.09,16.67,16.67,4694831.0,16.81,20694
NST:TRADES:2Y,2025-07-24,16.29,16.87,16.0,16.27,6733792.0,16.2805,23305
NST:TRADES:2Y,2025-07-25,16.03,16.13,15.75,15.81,6540039.0,15.8995,21876
NST:TRADES:2Y,2025-07-28,16.0,16.21,15.88,15.92,4368940.0,16.004,14098
NST:TRADES:2Y,2025-07-29,15.8,16.04,15.65,15.92,4476417.0,15.889,14650
NST:TRADES:2Y,2025-07-30,16.0,16.15,15.88,15.92,3624806.0,15.9765,14740
NST:TRADES:2Y,2025-07-31,15.63,15.65,15.44,15.57,5800571.0,15.547,17234
NST:TRADES:2Y,2025-08-01,15.57,15.61,15.3,15.3,3929705.0,15.3625,15901
NST:TRADES:2Y,2025-08-04,15.85,16.29,15.69,16.16,8305805.0,16.131,27499
NST:TRADES:2Y,2025-08-05,16.38,16.74,16.27,16.32,7730874.0,16.485,26445
NST:TRADES:2Y,2025-08-06,16.61,17.26,16.55,17.13,9250072.0,17.0945,30347
NST:TRADES:2Y,2025-08-07,17.03,17.57,17.03,17.39,8119025.0,17.4025,28024
NST:TRADES:2Y,2025-08-08,17.51,18.29,17.51,18.08,9783764.0,18.0265,25511
NST:TRADES:2Y,2025-08-11,17.86,17.96,17.66,17.75,5662246.0,17.784,20418
NST:TRADES:2Y,2025-08-12,17.5,17.69,17.25,17.58,4987816.0,17.5215,16038
NST:TRADES:2Y,2025-08-13,17.44,17.89,17.37,17.78,3462888.0,17.7295,13108
NST:TRADES:2Y,2025-08-14,17.95,18.11,17.87,18.0,4286703.0,18.0115,18984
NST:TRADES:2Y,2025-08-15,17.8,18.33,17.8,18.32,3715110.0,18.1715,14781
NST:TRADES:2Y,2025-08-18,18.35,18.44,18.03,18.28,3593679.0,18.2405,13223
NST:TRADES:2Y,2025-08-19,18.12,18.4,18.07,18.24,4084873.0,18.2105,18370
NST:TRADES:2Y,2025-08-20,17.88,18.26,17.59,18.22,4656226.0,18.0655,21838
NST:TRADES:2Y,2025-08-21,18.79,18.9,18.13,18.31,5850898.0,18.435,19228
NST:TRADES:2Y,2025-08-22,18.38,18.45,18.005,18.06,6078746.0,18.1615,20067
NST:TRADES:2Y,2025-08-25,18.36,18.74,18.32,18.57,5382747.0,18.571,20015
NST:TRADES:2Y,2025-08-26,18.34,18.77,18.34,18.6,6942809.0,18.591,16231
NST:TRADES:2Y,2025-08-27,19.2,19.46,18.795,18.93,5361010.0,18.998,15565
NST:TRADES:2Y,2025-08-28,19.05,19.1,18.73,18.87,4711365.0,18.8685,15776
NST:TRADES:2Y,2025-08-29,18.91,18.99,18.71,18.89,6148411.0,18.8745,17850
NST:TRADES:2Y,2025-09-01,19.5,20.19,19.42,20.1,6731122.0,19.873,19632
NST:TRADES:2Y,2025-09-02,19.88,20.17,19.83,19.86,5368770.0,19.937,16932
NST:TRADES:2Y,2025-09-03,20.5,20.585,19.96,19.96,7950091.0,20.1535,23377
NST:TRADES:2Y,2025-09-04,20.2,20.28,19.515,19.7,7340457.0,19.8035,29575
NST:TRADES:2Y,2025-09-05,19.55,20.02,19.44,19.94,4979521.0,19.8735,20921
NST:TRADES:2Y,2025-09-08,20.38,20.41,19.95,20.1,4702986.0,20.113,21824
NST:TRADES:2Y,2025-09-09,20.21,20.4,20.11,20.22,5825376.0,20.2255,19970
NST:TRADES:2Y,2025-09-10,20.01,20.16,19.78,20.16,5128589.0,20.0375,18654
NST:TRADES:2Y,2025-09-11,20.36,20.92,20.3,20.87,5350617.0,20.7875,17360
NST:TRADES:2Y,2025-09-12,21.0,21.2,20.91,21.2,4749400.0,21.0785,18826
NST:TRADES:2Y,2025-09-15,21.0,21.1,20.445,20.8,4808393.0,20.816,20165
NST:TRADES:2Y,2025-09-16,21.24,21.44,20.83,20.91,4257286.0,20.988,21001
NST:TRADES:2Y,2025-09-17,20.88,20.98,20.4,20.48,5085747.0,20.5715,18305
NST:TRADES:2Y,2025-09-18,20.59,20.65,20.28,20.46,5400245.0,20.4825,16902
NST:TRADES:2Y,2025-09-19,20.7,20.945,20.55,20.71,37622983.0,20.7115,25801
NST:TRADES:2Y,2025-09-22,21.44,22.47,20.85,22.41,7641824.0,22.22,26106
NST:TRADES:2Y,2025-09-23,22.67,23.12,22.63,23.12,9171996.0,22.948,34467
NST:TRADES:2Y,2025-09-24,22.72,23.17,22.56,23.11,8131762.0,22.9755,27068
NST:TRADES:2Y,2025-09-25,22.79,23.09,22.51,22.66,10683700.0,22.754,33502
NST:TRADES:2Y,2025-09-26,22.66,22.81,22.385,22.74,8067963.0,22.643,25176
NST:TRADES:2Y,2025-09-29,23.01,23.555,22.63,23.45,7707005.0,23.228,24306
NST:TRADES:2Y,2025-09-30,23.79,24.09,23.57,23.73,7864878.0,23.7855,21629
NST:TRADES:2Y,2025-10-01,23.76,24.07,23.56,23.91,6496572.0,23.879,19400
NST:TRADES:2Y,2025-10-02,24.49,24.96,24.27,24.83,6559975.0,24.7305,22907
NST:TRADES:2Y,2025-10-03,24.32,24.6,24.25,24.41,4788837.0,24.4225,21274
NST:TRADES:2Y,2025-10-06,24.55,24.935,24.48,24.77,3383102.0,24.7895,15211
NST:TRADES:2Y,2025-10-07,24.77,24.9,24.49,24.79,3744018.0,24.7095,20628
NST:TRADES:2Y,2025-10-08,24.76,24.85,24.14,24.73,5122728.0,24.5515,26084
NST:TRADES:2Y,2025-10-09,24.79,24.89,24.14,24.57,5127027.0,24.583,24572
NST:TRADES:2Y,2025-10-10,23.35,24.09,22.75,24.05,7442514.0,23.8325,32635
NST:TRADES:2Y,2025-10-13,24.86,25.06,24.165,24.35,3581584.0,24.6065,18389
NST:TRADES:2Y,2025-10-14,25.0,25.54,24.83,25.04,5283447.0,25.0905,25200
NST:TRADES:2Y,2025-10-15,24.81,25.58,24.8,25.15,5778941.0,25.18,25986
NST:TRADES:2Y,2025-10-16,25.63,25.92,25.35,25.46,5075061.0,25.6145,20793
NST:TRADES:2Y,2025-10-17,26.48,26.52,25.79,26.05,7529146.0,26.12,38149
NST:TRADES:2Y,2025-10-20,25.24,25.29,24.83,25.12,5747322.0,25.078,25536
NST:TRADES:2Y,2025-10-21,25.64,25.85,25.425,25.84,5169484.0,25.728,22581
NST:TRADES:2Y,2025-10-22,24.3,24.39,22.94,23.56,11082275.0,23.4265,49073
NST:TRADES:2Y,2025-10-23,24.02,24.44,23.75,24.11,8607229.0,24.1565,39964
NST:TRADES:2Y,2025-10-24,23.35,24.02,23.23,23.7,5300502.0,23.767,24974
NST:TRADES:2Y,2025-10-27,23.6,24.28,23.55,24.07,5558142.0,24.034,25321
NST:TRADES:2Y,2025-10-28,22.87,23.475,22.77,23.32,8519534.0,23.208,38146
NST:TRADES:2Y,2025-10-29,23.53,24.17,23.31,23.88,4972004.0,23.8395,21992
NST:TRADES:2Y,2025-10-30,23.3,24.0,23.3,23.79,4815738.0,23.803,22823
NST:TRADES:2Y,2025-10-31,23.98,24.83,23.91,24.61,6610039.0,24.533,32171
NST:TRADES:2Y,2025-11-03,24.45,24.49,23.865,24.11,2945748.0,24.161,22985
NST:TRADES:2Y,2025-11-04,24.64,24.68,23.91,23.91,3628496.0,24.1085,24629
NST:TRADES:2Y,2025-11-05,23.4,23.8,22.98,23.8,4130159.0,23.5215,30640
NST:TRADES:2Y,2025-11-06,24.2,24.55,24.16,24.47,3740111.0,24.4155,19251
NST:TRADES:2Y,2025-11-07,24.4,24.8,24.31,24.34,3415454.0,24.464,21035
NST:TRADES:2Y,2025-11-10,24.56,25.26,24.56,25.19,3305049.0,25.0295,20047
NST:TRADES:2Y,2025-11-11,25.89,26.46,25.86,25.99,4150807.0,26.1025,26997
NST:TRADES:2Y,2025-11-12,25.97,26.5,25.92,26.35,3224799.0,26.3125,16079
NST:TRADES:2Y,2025-11-13,26.5,27.02,26.4,27.02,4005935.0,26.822,25131
NST:TRADES:2Y,2025-11-14,25.0,26.5,25.0,26.5,4481392.0,26.1105,25439
NST:TRADES:2Y,2025-11-17,26.5,26.72,26.06,26.36,3792863.0,26.427,19216
NST:TRADES:2Y,2025-11-18,26.21,26.31,24.88,24.88,5202609.0,25.2675,27675
NST:TRADES:2Y,2025-11-19,25.7,26.01,25.38,25.59,3329695.0,25.6435,19765
NST:TRADES:2Y,2025-11-20,25.6,26.57,25.6,26.56,3599377.0,26.3435,22007
NST:TRADES:2Y,2025-11-21,25.03,25.88,25.03,25.5,3593893.0,25.48,20243
NST:TRADES:2Y,2025-11-24,25.95,26.09,25.56,25.78,6066508.0,25.7875,19835
NST:TRADES:2Y,2025-11-25,26.78,26.78,26.07,26.29,4136374.0,26.344,22535
NST:TRADES:2Y,2025-11-26,26.31,26.76,25.73,26.76,3015172.0,26.5135,18528
NST:TRADES:2Y,2025-11-27,27.54,27.92,26.81,26.96,3023327.0,27.222,22700
NST:TRADES:2Y,2025-11-28,26.9,27.48,26.85,27.16,3028525.0,27.1945,13642
NST:TRADES:2Y,2025-12-01,27.7,27.985,27.2,27.2,4483749.0,27.418,23394
NST:TRADES:2Y,2025-12-02,27.2,27.69,26.82,27.11,4198386.0,27.149,23181
NST:TRADES:2Y,2025-12-03,26.8,27.09,26.645,27.09,3070555.0,27.003,17310
NST:TRADES:2Y,2025-12-04,26.7,26.81,26.05,26.09,5083926.0,26.309,25567
NST:TRADES:2Y,2025-12-05,26.85,26.85,26.02,26.33,3590379.0,26.2895,20816
NST:TRADES:2Y,2025-12-08,26.31,26.32,25.73,25.97,4884834.0,25.95,20228
NST:TRADES:2Y,2025-12-09,25.78,25.985,25.51,25.67,3788052.0,25.7185,22777
NST:TRADES:2Y,2025-12-10,26.21,26.97,26.19,26.97,5228495.0,26.6985,26755
NST:TRADES:2Y,2025-12-11,27.03,27.31,26.36,26.57,5392238.0,26.7795,32788
NST:TRADES:2Y,2025-12-12,27.57,27.65,26.95,27.33,3782277.0,27.2675,27121
NST:TRADES:2Y,2025-12-15,27.19,27.3,26.35,26.77,6803572.0,26.6855,34599
NST:TRADES:2Y,2025-12-16,26.9,26.9,25.93,26.14,6778672.0,26.3085,30320
NST:TRADES:2Y,2025-12-17,26.34,27.14,26.1,27.12,4715745.0,26.877,24362
NST:TRADES:2Y,2025-12-18,26.87,27.14,26.35,26.72,6291139.0,26.6735,30011
NST:TRADES:2Y,2025-12-19,26.7,26.71,25.74,25.82,24628795.0,25.85,36220
NST:TRADES:2Y,2025-12-22,26.2,26.88,25.8,26.87,4520137.0,26.6705,28679
NST:TRADES:2Y,2025-12-23,26.78,27.0,26.5,26.7,3598191.0,26.7115,21149
NST:TRADES:2Y,2025-12-24,27.02,27.22,26.74,27.01,2729628.0,27.0115,12862
NST:TRADES:2Y,2025-12-29,27.4,27.61,26.58,26.81,2579657.0,26.9735,19003
NST:TRADES:2Y,2025-12-30,25.79,26.395,25.54,26.28,3115085.0,26.0935,19736
NST:TRADES:2Y,2025-12-31,26.36,26.73,26.29,26.73,2278835.0,26.629,15383
NST:TRADES:2Y,2026-01-02,24.56,24.8,23.67,24.43,8146745.0,24.3035,38853
NST:TRADES:2Y,2026-01-05,24.43,24.95,24.09,24.95,4791694.0,24.723,32418
NST:TRADES:2Y,2026-01-06,25.9,25.9,24.805,25.15,5668404.0,25.1855,35823
NST:TRADES:2Y,2026-01-07,25.22,25.69,24.86,25.36,4544061.0,25.3085,28456
NST:TRADES:2Y,2026-01-08,24.8,25.08,24.57,24.6,6038656.0,24.7435,32858
NST:TRADES:2Y,2026-01-09,24.96,25.35,24.54,24.72,6220763.0,24.772,31354
NST:TRADES:2Y,2026-01-12,24.9,25.62,24.83,25.43,5708223.0,25.3665,34791
NST:TRADES:2Y,2026-01-13,26.0,26.59,25.58,26.35,4774996.0,26.221,27234
NST:TRADES:2Y,2026-01-14,26.85,26.98,26.28,26.73,4814377.0,26.626,29811
NST:TRADES:2Y,2026-01-15,26.85,27.43,26.66,27.11,7922252.0,27.0815,44433
NST:TRADES:2Y,2026-01-16,27.57,27.66,26.565,26.83,5639579.0,26.8905,35117
NST:TRADES:2Y,2026-01-19,26.88,27.85,26.735,27.68,2884101.0,27.5755,23903
NST:TRADES:2Y,2026-01-20,27.96,28.075,27.47,27.98,3637293.0,27.873,22900
NST:TRADES:2Y,2026-01-21,28.51,28.77,28.04,28.59,5180536.0,28.497,37811
NST:TRADES:2Y,2026-01-22,28.07,28.27,25.97,26.18,8541845.0,26.4805,48470
NST:TRADES:2Y,2026-01-23,27.02,28.11,26.87,27.6,7309960.0,27.5145,42144
NST:TRADES:2Y,2026-01-27,28.07,28.29,27.58,27.7,5504731.0,27.858,43732
NST:TRADES:2Y,2026-01-28,27.7,28.86,27.66,28.6,5040382.0,28.543,32313
NST:TRADES:2Y,2026-01-29,29.0,29.55,28.88,29.49,7329639.0,29.3185,56301
NST:TRADES:2Y,2026-01-30,28.3,29.75,28.3,28.94,12511250.0,28.941,64932
NST:TRADES:2Y,2026-02-02,26.65,27.53,25.95,26.6,10540961.0,26.7235,57017
NST:TRADES:2Y,2026-02-03,26.7,27.65,26.55,26.89,7407025.0,27.06,47369
NST:TRADES:2Y,2026-02-04,27.87,28.69,27.77,28.55,5512711.0,28.4565,32114
NST:TRADES:2Y,2026-02-05,28.12,28.43,26.95,27.24,6742335.0,27.561,50863
NST:TRADES:2Y,2026-02-06,26.93,27.2,26.3,26.77,6194349.0,26.7135,44623
NST:TRADES:2Y,2026-02-09,27.47,27.74,27.18,27.72,3691304.0,27.609,32882
NST:TRADES:2Y,2026-02-10,28.09,28.26,27.77,28.23,3551974.0,28.118,20409
NST:TRADES:2Y,2026-02-11,28.2,28.41,27.63,28.26,4111601.0,28.1775,26973
NST:TRADES:2Y,2026-02-12,28.42,30.21,28.31,29.39,5788807.0,29.3185,34835
NST:TRADES:2Y,2026-02-13,28.54,29.08,27.89,28.37,6170215.0,28.378,35652
NST:TRADES:2Y,2026-02-16,29.4,29.44,28.4,28.46,3313276.0,28.827,20521
NST:TRADES:2Y,2026-02-17,28.46,28.63,27.99,28.23,2711835.0,28.2095,14824
NST:TRADES:2Y,2026-02-18,27.9,28.02,27.51,28.02,3279534.0,27.885,22610
NST:TRADES:2Y,2026-02-19,28.6,28.63,28.05,28.36,4326122.0,28.3035,22067
NST:TRADES:2Y,2026-02-20,28.35,28.79,28.165,28.33,4207978.0,28.3845,27118
NST:TRADES:2Y,2026-02-23,28.73,29.43,28.42,29.3,3393284.0,29.054,20483
NST:TRADES:2Y,2026-02-24,30.44,30.93,29.19,29.76,5131349.0,29.8755,32628
NST:TRADES:2Y,2026-02-25,29.8,30.63,29.7,30.39,5046420.0,30.349,24607
NST:TRADES:2Y,2026-02-26,30.59,30.69,29.49,29.62,5096746.0,29.7665,30417
NST:TRADES:2Y,2026-02-27,30.25,30.57,29.75,30.28,6315941.0,30.263,20331
NST:TRADES:2Y,2026-03-02,31.0,31.96,30.93,31.73,4403946.0,31.5415,37313
NST:TRADES:2Y,2026-03-03,30.94,31.18,30.38,30.71,4726246.0,30.766,33585
NST:TRADES:2Y,2026-03-04,28.4,29.98,28.35,29.93,5838458.0,29.445,42326
NST:TRADES:2Y,2026-03-05,29.05,29.7,28.82,29.36,4935673.0,29.232,40142
NST:TRADES:2Y,2026-03-06,28.7,28.75,26.98,26.98,7058389.0,27.3615,44704
NST:TRADES:2Y,2026-03-09,26.7,26.8,25.05,25.31,8248069.0,25.524,53698
NST:TRADES:2Y,2026-03-10,26.03,26.29,25.69,25.96,5617295.0,25.9595,31445
NST:TRADES:2Y,2026-03-11,26.5,26.93,26.29,26.75,6226327.0,26.684,40376
NST:TRADES:2Y,2026-03-12,26.69,26.82,26.13,26.77,6003787.0,26.6305,26474
NST:TRADES:2Y,2026-03-13,23.5,23.5,21.67,21.75,16546295.0,22.3195,77892
NST:TRADES:2Y,2026-03-16,21.53,21.53,20.44,20.58,12620541.0,20.676,66045
NST:TRADES:2Y,2026-03-17,20.7,20.8,20.14,20.66,8309366.0,20.533,42710
NST:TRADES:2Y,2026-03-18,20.73,21.19,20.52,20.95,7059870.0,20.9005,36308
NST:TRADES:2Y,2026-03-19,19.8,19.84,18.95,18.96,10622992.0,19.2655,39062
NST:TRADES:2Y,2026-03-20,18.42,18.9,18.3,18.5,24993753.0,18.5125,42737
NST:TRADES:2Y,2026-03-23,17.65,17.83,17.07,17.21,13635054.0,17.3425,43528
NST:TRADES:2Y,2026-03-24,17.95,18.06,17.37,17.57,10793521.0,17.6655,35933
NST:TRADES:2Y,2026-03-25,18.1,18.96,18.05,18.8,9285704.0,18.666,33795
NST:TRADES:2Y,2026-03-26,18.96,18.96,18.51,18.76,5736989.0,18.7435,26896
NST:TRADES:2Y,2026-03-27,18.19,18.57,18.0,18.55,5613008.0,18.4095,22160
NST:TRADES:2Y,2026-03-30,19.03,19.51,18.91,19.51,7970565.0,19.3375,32969
NST:TRADES:2Y,2026-03-31,19.98,20.5,19.47,20.36,8746519.0,20.1985,30983
NST:TRADES:2Y,2026-04-01,21.8,22.1,21.615,22.1,10074284.0,21.965,40087
NST:TRADES:2Y,2026-04-02,22.77,22.995,21.72,21.91,8695748.0,22.277,36082
NST:TRADES:2Y,2026-04-07,22.5,22.94,22.1,22.35,5062874.0,22.452,25787
NST:TRADES:2Y,2026-04-08,23.33,24.06,23.33,23.93,7676025.0,23.8,33798
NST:TRADES:2Y,2026-04-09,23.68,24.47,23.4,24.47,7113293.0,24.0425,36031
NST:TRADES:2Y,2026-04-10,24.47,24.63,23.74,24.48,5976206.0,24.4165,28266
NST:TRADES:2Y,2026-04-13,23.6,24.0,23.17,24.0,4249139.0,23.7355,29070
NST:TRADES:2Y,2026-04-14,23.08,24.14,23.08,23.97,3993070.0,23.7725,21827
NST:TRADES:2Y,2026-04-15,24.35,24.8,24.2,24.69,6825585.0,24.592,28572
NST:TRADES:2Y,2026-04-16,24.32,24.48,24.08,24.3,5973899.0,24.2595,28721
NST:TRADES:2Y,2026-04-17,23.85,24.07,23.57,23.76,5889211.0,23.775,21711
NST:TRADES:2Y,2026-04-20,23.74,24.03,23.3,23.84,4103983.0,23.7985,23619
NST:TRADES:2Y,2026-04-21,23.4,23.81,23.34,23.66,3867602.0,23.593,18851
NST:TRADES:2Y,2026-04-22,22.92,23.46,22.74,22.8,6526550.0,22.892,30445
NST:TRADES:2Y,2026-04-23,22.8,22.92,22.31,22.65,5788003.0,22.6045,25880
NST:TRADES:2Y,2026-04-24,21.98,22.37,21.72,21.86,6483173.0,21.937,33355
NST:TRADES:2Y,2026-04-27,21.72,22.14,21.46,22.14,4705791.0,21.9145,23569
NST:TRADES:2Y,2026-04-28,21.6,21.9,21.32,21.5,5889959.0,21.475,30464
NST:TRADES:2Y,2026-04-29,21.24,21.59,21.16,21.59,6044020.0,21.5125,27220
NST:TRADES:2Y,2026-04-30,20.92,21.06,20.8,21.0,9641998.0,20.956,35816
NST:TRADES:2Y,2026-05-01,21.7,21.99,21.13,21.17,5055683.0,21.277,24945
NST:TRADES:2Y,2026-05-04,21.1,21.4,20.95,21.1,3205890.0,21.1095,17102
NST:TRADES:2Y,2026-05-05,20.41,20.92,20.36,20.82,5376799.0,20.705,26215
NST:TRADES:2Y,2026-05-06,20.65,20.8,20.2,20.79,7146341.0,20.5765,29837
NST:TRADES:2Y,2026-05-07,21.43,21.7,21.11,21.7,9685683.0,21.5255,36988
NST:TRADES:2Y,2026-05-08,21.25,21.72,21.06,21.16,7071231.0,21.2615,29836
NST:TRADES:2Y,2026-05-11,21.03,21.42,20.75,20.75,6172409.0,20.9365,26249
NST:TRADES:2Y,2026-05-12,21.36,21.71,21.08,21.42,6282941.0,21.4035,27729
NST:TRADES:2Y,2026-05-13,21.55,21.86,21.34,21.64,3458844.0,21.5915,19453
NST:TRADES:2Y,2026-05-14,21.71,21.72,21.08,21.13,3918726.0,21.2045,21279
NST:TRADES:2Y,2026-05-15,20.9,21.03,20.34,20.5,4834335.0,20.58,24340
NST:TRADES:2Y,2026-05-18,20.0,20.16,19.53,20.0,5137681.0,19.854,29316
NST:TRADES:2Y,2026-05-19,20.35,20.35,19.64,19.86,3912933.0,19.8765,19437
NST:TRADES:2Y,2026-05-20,19.8,19.85,19.26,19.35,5968770.0,19.4255,26098
NST:TRADES:2Y,2026-05-21,18.77,19.42,18.65,18.94,12141341.0,18.9645,48257
NST:TRADES:2Y,2026-05-22,19.22,19.31,18.71,18.83,7899208.0,18.845,31215
NST:TRADES:2Y,2026-05-25,19.65,20.02,19.58,19.91,4769619.0,19.803,26738
NST:TRADES:2Y,2026-05-26,20.0,20.17,19.5,19.68,4319388.0,19.7025,17676
NST:TRADES:2Y,2026-05-27,19.79,19.99,19.63,19.67,4539602.0,19.717,22796
NST:TRADES:2Y,2026-05-28,19.17,19.39,18.05,18.2,6974580.0,18.438,31883
NST:TRADES:2Y,2026-05-29,19.11,19.13,18.81,18.81,12129758.0,18.855,19468
NST:TRADES:2Y,2026-06-01,18.75,18.98,18.51,18.51,4516325.0,18.6025,20246
NST:TRADES:2Y,2026-06-02,20.05,21.09,19.55,21.03,13189405.0,20.6025,51830
NST:TRADES:2Y,2026-06-03,22.0,22.79,21.71,21.71,15252827.0,22.0285,58807
NST:TRADES:2Y,2026-06-04,21.0,21.12,20.31,20.39,5939297.0,20.5765,33512
NST:TRADES:2Y,2026-06-05,20.41,20.6,19.88,19.88,5297338.0,20.055,25618
NST:TRADES:2Y,2026-06-09,18.1,19.44,18.1,19.22,7953541.0,19.038,34171
NST:TRADES:2Y,2026-06-10,18.8,19.11,18.33,18.54,6093114.0,18.62,32312
NST:TRADES:2Y,2026-06-11,17.8,18.51,17.55,18.27,5922250.0,18.181,34590
NST:TRADES:2Y,2026-06-12,19.23,19.51,19.07,19.25,3086341.0,19.2355,21298
NST:TRADES:2Y,2026-06-15,20.14,20.89,19.94,20.83,4515041.0,20.6,31486
NST:TRADES:2Y,2026-06-16,20.99,21.46,20.85,21.31,4409134.0,21.193,42126
NST:TRADES:2Y,2026-06-17,21.55,22.04,21.45,21.84,2789698.0,21.803,26515
NST:TRADES:2Y,2026-06-18,21.5,21.63,21.14,21.46,4419172.0,21.47,26228
NST:TRADES:2Y,2026-06-19,21.33,21.33,20.67,20.935,3030876.0,20.96,24192
NST:TRADES:2Y,2026-06-22,20.52,21.34,20.41,21.21,2269531.0,21.067,16350
NST:TRADES:2Y,2026-06-23,21.05,21.15,20.53,20.56,2489715.0,20.7545,26817
NST:TRADES:2Y,2026-06-24,20.8,20.8,20.33,20.63,3835766.0,20.616,29944
NST:TRADES:2Y,2026-06-25,20.14,20.37,19.73,19.96,3689697.0,20.007,28137
NST:TRADES:2Y,2026-06-26,20.25,20.58,20.08,20.56,2656321.0,20.353,23065
NST:TRADES:2Y,2026-06-29,20.72,20.91,20.07,20.13,2266258.0,20.362,20416
NST:TRADES:2Y,2026-06-30,20.06,20.06,18.92,19.07,4053903.0,19.131,24477
NST:TRADES:2Y,2026-07-01,18.9,19.02,18.68,18.835,2179614.0,18.8795,21139
NST:TRADES:2Y,2026-07-02,19.56,19.81,19.17,19.78,3358693.0,19.553,23285
NST:TRADES:2Y,2026-07-03,21.01,22.06,21.01,22.05,3638312.0,21.6595,30357
NST:TRADES:2Y,2026-07-06,22.0,22.29,21.61,21.63,3128475.0,22.071,27963
NST:TRADES:2Y,2026-07-07,22.11,22.11,20.73,20.81,2534116.0,21.108,22805
NST:TRADES:2Y,2026-07-08,20.2,20.46,19.9,20.15,2329995.0,20.1955,23231
NST:TRADES:2Y,2026-07-09,19.6,19.97,19.42,19.885,1951395.0,19.7685,19332
NST:TRADES:2Y,2026-07-10,20.5,20.65,20.28,20.45,1457484.0,20.471,14362
NST:TRADES:2Y,2026-07-13,19.98,20.15,19.82,19.95,1789506.0,19.935,14757
NST:TRADES:2Y,2026-07-14,19.55,19.92,19.11,19.83,2966016.0,19.5765,24694
NST:TRADES:2Y,2026-07-15,20.2,20.39,19.92,20.05,2925804.0,20.1185,22893
NST:TRADES:2Y,2026-07-16,19.95,20.22,19.83,19.97,2013239.0,19.9425,18022
NST:TRADES:2Y,2026-07-17,19.45,19.54,19.04,19.27,2368364.0,19.2675,16899
NST:TRADES:2Y,2026-07-20,19.27,19.27,18.77,19.06,2499304.0,19.0435,19559
NST:TRADES:2Y,2026-07-21,19.14,19.62,18.79,19.57,2218262.0,19.2635,18404
NST:TRADES:2Y,2026-07-22,20.2,20.51,19.88,20.43,3366022.0,20.276,19983
NST:TRADES:2Y,2026-07-23,20.72,21.135,20.7,20.87,3818725.0,20.948,22153
NST:TRADES:2Y,2026-07-24,20.2,20.39,19.76,20.03,2110451.0,20.0405,20076
NST:TRADES:2Y,2026-07-27,20.51,20.74,20.26,20.32,1971455.0,20.502,16156
NST:TRADES:2Y,2026-07-28,20.18,20.28,19.89,20.2,1694932.0,20.085,15302
NST:TRADES:2Y,2026-07-29,20.25,20.74,20.15,20.58,3201161.0,20.486,30063
NST:TRADES:2Y,2026-07-30,20.95,20.95,19.89,19.98,3029331.0,20.3835,25303
NST:TRADES:2Y,2026-07-31,20.5,20.66,19.95,20.05,3229994.0,20.154,25489
NST:TRADES:2Y,2026-08-03,19.5,20.01,19.375,19.85,2127590.0,19.8165,18751
NST:TRADES:2Y,2026-08-04,19.98,20.5,19.77,20.38,2513223.0,20.2145,21858
NST:TRADES:2Y,2026-08-05,20.72,21.46,20.63,21.43,3530372.0,21.146,25191
NST:TRADES:2Y,2026-08-06,22.65,22.89,22.04,22.09,4815877.0,22.4405,35822
NST:TRADES:2Y,2026-08-07,22.19,22.63,22.19,22.54,3404598.0,22.468,25486
NST:TRADES:2Y,2026-08-10,23.55,23.55,22.74,23.01,3238086.0,23.0075,25950
NST:TRADES:2Y,2026-08-11,22.8,23.51,22.75,22.8,4940653.0,23.1815,31111
NST:TRADES:2Y,2026-08-12,22.86,23.28,22.74,23.03,3445887.0,23.0555,24940
NST:TRADES:2Y,2026-08-13,23.33,23.48,22.99,23.04,2715597.0,23.2005,22224
NST:TRADES:2Y,2026-08-14,22.55,22.74,22.14,22.3,3516055.0,22.3085,23204
NST:TRADES:2Y,2026-08-17,22.62,23.16,22.54,23.06,2668390.0,22.95,20808
NST:TRADES:2Y,2026-08-18,22.95,23.23,22.31,22.36,4059947.0,22.6605,28274
NST:TRADES:2Y,2026-08-19,21.84,22.715,21.76,22.42,3614738.0,22.374,23719
NST:TRADES:2Y,2026-08-20,23.8,24.44,23.78,23.86,6174495.0,24.0455,38221
NST:TRADES:2Y,2026-08-21,24.02,24.17,23.31,23.83,4520339.0,23.6875,27434
NST:TRADES:2Y,2026-08-24,24.5,24.5,23.78,24.27,4389785.0,24.225,27459
NST:BID_ASK:3M,2026-05-27,19.839,19.99,19.62,19.743,-1.0,-1.0,-1
NST:BID_ASK:3M,2026-05-28,18.6725,19.4,18.04,18.5475,-1.0,-1.0,-1
NST:BID_ASK:3M,2026-05-29,19.097,19.14,18.8,18.907,-1.0,-1.0,-1
NST:BID_ASK:3M,2026-06-01,18.669,18.98,18.51,18.579,-1.0,-1.0,-1
NST:BID_ASK:3M,2026-06-02,20.804,21.09,19.54,20.5965,-1.0,-1.0,-1
NST:BID_ASK:3M,2026-06-03,22.193,22.8,21.71,22.076,-1.0,-1.0,-1
NST:BID_ASK:3M,2026-06-04,20.669,21.24,20.31,20.5805,-1.0,-1.0,-1
NST:BID_ASK:3M,2026-06-05,20.177,20.62,19.88,20.084,-1.0,-1.0,-1
NST:BID_ASK:3M,2026-06-09,19.12,19.44,18.1,19.0275,-1.0,-1.0,-1
NST:BID_ASK:3M,2026-06-10,18.764,19.11,18.33,18.6065,-1.0,-1.0,-1
NST:BID_ASK:3M,2026-06-11,18.2405,18.52,17.55,18.25,-1.0,-1.0,-1
NST:BID_ASK:3M,2026-06-12,19.215,19.52,19.07,19.225,-1.0,-1.0,-1
NST:BID_ASK:3M,2026-06-15,20.62,20.89,19.94,20.6325,-1.0,-1.0,-1
NST:BID_ASK:3M,2026-06-16,21.202,21.46,20.85,21.213,-1.0,-1.0,-1
NST:BID_ASK:3M,2026-06-17,21.819,22.04,21.33,21.8315,-1.0,-1.0,-1
NST:BID_ASK:3M,2026-06-18,21.4605,21.63,21.14,21.47,-1.0,-1.0,-1
NST:BID_ASK:3M,2026-06-19,20.917,21.35,20.67,20.929,-1.0,-1.0,-1
NST:BID_ASK:3M,2026-06-22,21.089,21.34,20.37,21.1025,-1.0,-1.0,-1
NST:BID_ASK:3M,2026-06-23,20.747,21.25,20.53,20.7585,-1.0,-1.0,-1
NST:BID_ASK:3M,2026-06-24,20.6095,20.8,20.32,20.623,-1.0,-1.0,-1
NST:BID_ASK:3M,2026-06-25,19.951,20.37,19.72,19.96,-1.0,-1.0,-1
NST:BID_ASK:3M,2026-06-26,20.3255,20.59,20.08,20.338,-1.0,-1.0,-1
NST:BID_ASK:3M,2026-06-29,20.319,20.94,20.06,20.33,-1.0,-1.0,-1
NST:BID_ASK:3M,2026-06-30,19.0885,20.07,18.92,19.103,-1.0,-1.0,-1
NST:BID_ASK:3M,2026-07-01,18.8635,19.03,18.68,18.876,-1.0,-1.0,-1
NST:BID_ASK:3M,2026-07-02,19.561,19.81,19.17,19.573,-1.0,-1.0,-1
NST:BID_ASK:3M,2026-07-03,21.7305,22.06,21.0,21.743,-1.0,-1.0,-1
NST:BID_ASK:3M,2026-07-06,22.069,22.29,21.61,22.0825,-1.0,-1.0,-1
NST:BID_ASK:3M,2026-07-07,21.0145,22.15,20.73,21.0275,-1.0,-1.0,-1
NST:BID_ASK:3M,2026-07-08,20.222,20.47,19.89,20.2355,-1.0,-1.0,-1
NST:BID_ASK:3M,2026-07-09,19.7915,19.98,19.42,19.803,-1.0,-1.0,-1
NST:BID_ASK:3M,2026-07-10,20.4665,20.66,20.28,20.4795,-1.0,-1.0,-1
NST:BID_ASK:3M,2026-07-13,19.9225,20.16,19.82,19.9325,-1.0,-1.0,-1
NST:BID_ASK:3M,2026-07-14,19.6215,19.93,19.11,19.6335,-1.0,-1.0,-1
NST:BID_ASK:3M,2026-07-15,20.1125,20.4,19.92,20.1235,-1.0,-1.0,-1
NST:BID_ASK:3M,2026-07-16,19.935,20.23,19.82,19.9465,-1.0,-1.0,-1
NST:BID_ASK:3M,2026-07-17,19.257,19.56,19.04,19.2675,-1.0,-1.0,-1
NST:BID_ASK:3M,2026-07-20,19.0675,19.27,18.76,19.0795,-1.0,-1.0,-1
NST:BID_ASK:3M,2026-07-21,19.287,19.62,18.79,19.2995,-1.0,-1.0,-1
NST:BID_ASK:3M,2026-07-22,20.272,20.52,19.86,20.282,-1.0,-1.0,-1
NST:BID_ASK:3M,2026-07-23,20.9315,21.14,20.66,20.9435,-1.0,-1.0,-1
NST:BID_ASK:3M,2026-07-24,20.0135,20.4,19.75,20.027,-1.0,-1.0,-1
NST:BID_ASK:3M,2026-07-27,20.477,20.75,20.26,20.488,-1.0,-1.0,-1
NST:BID_ASK:3M,2026-07-28,20.0615,20.29,19.88,20.0705,-1.0,-1.0,-1
NST:BID_ASK:3M,2026-07-29,20.4635,20.75,20.15,20.473,-1.0,-1.0,-1
NST:BID_ASK:3M,2026-07-30,20.317,20.95,19.88,20.3275,-1.0,-1.0,-1
NST:BID_ASK:3M,2026-07-31,20.111,20.67,19.95,20.1245,-1.0,-1.0,-1
NST:BID_ASK:3M,2026-08-03,19.865,20.01,19.36,19.8735,-1.0,-1.0,-1
NST:BID_ASK:3M,2026-08-04,20.2545,20.5,19.76,20.2655,-1.0,-1.0,-1
NST:BID_ASK:3M,2026-08-05,21.1465,21.46,20.55,21.158,-1.0,-1.0,-1
NST:BID_ASK:3M,2026-08-06,22.394,22.9,22.04,22.4055,-1.0,-1.0,-1
NST:BID_ASK:3M,2026-08-07,22.4925,22.64,22.16,22.5015,-1.0,-1.0,-1
NST:BID_ASK:3M,2026-08-10,22.9285,23.55,22.74,22.941,-1.0,-1.0,-1
NST:BID_ASK:3M,2026-08-11,23.232,23.51,22.74,23.2405,-1.0,-1.0,-1
NST:BID_ASK:3M,2026-08-12,23.08,23.28,22.74,23.09,-1.0,-1.0,-1
NST:BID_ASK:3M,2026-08-13,23.183,23.48,22.98,23.193,-1.0,-1.0,-1
NST:BID_ASK:3M,2026-08-14,22.2865,22.75,22.14,22.2945,-1.0,-1.0,-1
NST:BID_ASK:3M,2026-08-17,22.9855,23.17,22.53,22.9955,-1.0,-1.0,-1
NST:BID_ASK:3M,2026-08-18,22.6625,23.24,22.3,22.671,-1.0,-1.0,-1
NST:BID_ASK:3M,2026-08-19,22.436,22.72,21.76,22.4475,-1.0,-1.0,-1
NST:BID_ASK:3M,2026-08-20,24.027,24.44,23.77,24.036,-1.0,-1.0,-1
NST:BID_ASK:3M,2026-08-21,23.6345,24.19,23.3,23.645,-1.0,-1.0,-1
NST:BID_ASK:3M,2026-08-24,24.232,24.52,23.78,24.2435,-1.0,-1.0,-1
EVN:TRADES:2Y,2024-08-26,4.35,4.39,4.3,4.36,5853135.0,4.352,4180
EVN:TRADES:2Y,2024-08-27,4.37,4.4,4.34,4.34,5775356.0,4.3625,5191
EVN:TRADES:2Y,2024-08-28,4.34,4.385,4.26,4.29,5634512.0,4.3125,3898
EVN:TRADES:2Y,2024-08-29,4.22,4.26,4.2,4.2,4860555.0,4.2145,4518
EVN:TRADES:2Y,2024-08-30,4.23,4.26,4.2,4.24,5999119.0,4.232,4113
EVN:TRADES:2Y,2024-09-02,4.17,4.17,4.09,4.11,6392353.0,4.118,4814
EVN:TRADES:2Y,2024-09-03,4.12,4.175,4.1,4.16,5928416.0,4.148,5730
EVN:TRADES:2Y,2024-09-04,4.1,4.1,3.93,3.93,11104130.0,3.9725,6509
EVN:TRADES:2Y,2024-09-05,3.94,3.97,3.9,3.95,4754865.0,3.9395,4591
EVN:TRADES:2Y,2024-09-06,3.95,3.99,3.935,3.99,6579164.0,3.973,4248
EVN:TRADES:2Y,2024-09-09,3.89,3.91,3.85,3.87,5782349.0,3.8775,5536
EVN:TRADES:2Y,2024-09-10,3.9,3.91,3.86,3.87,5900079.0,3.8825,5508
EVN:TRADES:2Y,2024-09-11,3.92,3.98,3.91,3.95,6281771.0,3.946,6137
EVN:TRADES:2Y,2024-09-12,3.98,4.04,3.96,4.04,5521747.0,4.014,4420
EVN:TRADES:2Y,2024-09-13,4.3,4.38,4.245,4.32,11877542.0,4.326,10438
EVN:TRADES:2Y,2024-09-16,4.51,4.54,4.46,4.5,16047694.0,4.507,12436
EVN:TRADES:2Y,2024-09-17,4.44,4.52,4.41,4.41,10456303.0,4.457,7508
EVN:TRADES:2Y,2024-09-18,4.41,4.49,4.385,4.45,10310670.0,4.4465,7281
EVN:TRADES:2Y,2024-09-19,4.57,4.57,4.34,4.4,13649652.0,4.424,7651
EVN:TRADES:2Y,2024-09-20,4.38,4.46,4.37,4.4,58747920.0,4.4045,10982
EVN:TRADES:2Y,2024-09-23,4.42,4.44,4.35,4.38,7968313.0,4.3935,6177
EVN:TRADES:2Y,2024-09-24,4.35,4.46,4.34,4.44,8584101.0,4.415,5406
EVN:TRADES:2Y,2024-09-25,4.53,4.625,4.52,4.52,10486883.0,4.5545,9116
EVN:TRADES:2Y,2024-09-26,4.55,4.64,4.54,4.64,8827042.0,4.6065,7522
EVN:TRADES:2Y,2024-09-27,4.66,4.77,4.66,4.69,10686093.0,4.716,6888
EVN:TRADES:2Y,2024-09-30,4.61,4.665,4.58,4.64,9668583.0,4.6315,6449
EVN:TRADES:2Y,2024-10-01,4.56,4.61,4.52,4.57,5483734.0,4.5635,5665
EVN:TRADES:2Y,2024-10-02,4.62,4.65,4.575,4.58,7064948.0,4.6085,4487
EVN:TRADES:2Y,2024-10-03,4.55,4.595,4.51,4.52,6453949.0,4.5295,5436
EVN:TRADES:2Y,2024-10-04,4.45,4.64,4.43,4.62,8640281.0,4.554,4301
EVN:TRADES:2Y,2024-10-07,4.55,4.57,4.485,4.57,6670857.0,4.541,4152
EVN:TRADES:2Y,2024-10-08,4.57,4.63,4.52,4.56,6253265.0,4.573,5156
EVN:TRADES:2Y,2024-10-09,4.55,4.57,4.46,4.49,5494969.0,4.5075,4710
EVN:TRADES:2Y,2024-10-10,4.5,4.51,4.46,4.49,5800249.0,4.485,4910
EVN:TRADES:2Y,2024-10-11,4.54,4.6,4.53,4.57,6063490.0,4.5665,3956
EVN:TRADES:2Y,2024-10-14,4.59,4.72,4.58,4.7,8118350.0,4.678,4751
EVN:TRADES:2Y,2024-10-15,4.7,4.735,4.655,4.69,4206987.0,4.6875,3989
EVN:TRADES:2Y,2024-10-16,4.8,5.01,4.8,5.01,13222315.0,4.9375,9831
EVN:TRADES:2Y,2024-10-17,4.92,5.05,4.91,5.05,9334890.0,5.007,7209
EVN:TRADES:2Y,2024-10-18,5.07,5.1,5.02,5.04,8290176.0,5.053,5602
EVN:TRADES:2Y,2024-10-21,5.19,5.32,5.18,5.3,9771088.0,5.251,8447
EVN:TRADES:2Y,2024-10-22,5.2,5.28,5.2,5.27,7525865.0,5.244,6077
EVN:TRADES:2Y,2024-10-23,5.24,5.38,5.2,5.37,5971202.0,5.323,5394
EVN:TRADES:2Y,2024-10-24,5.18,5.3,5.18,5.2,10652112.0,5.234,8885
EVN:TRADES:2Y,2024-10-25,5.19,5.31,5.17,5.27,6663922.0,5.2705,6092
EVN:TRADES:2Y,2024-10-28,5.2,5.24,5.15,5.17,6356687.0,5.1825,5139
EVN:TRADES:2Y,2024-10-29,5.17,5.25,5.15,5.21,4628327.0,5.205,6551
EVN:TRADES:2Y,2024-10-30,5.26,5.3,5.21,5.23,3484831.0,5.253,5326
EVN:TRADES:2Y,2024-10-31,5.24,5.27,5.19,5.24,5546131.0,5.2315,4276
EVN:TRADES:2Y,2024-11-01,5.13,5.16,5.085,5.13,5936597.0,5.1235,5710
EVN:TRADES:2Y,2024-11-04,5.13,5.14,5.05,5.14,3886099.0,5.107,4284
EVN:TRADES:2Y,2024-11-05,5.12,5.18,5.09,5.12,4550236.0,5.142,4256
EVN:TRADES:2Y,2024-11-06,5.2,5.22,5.04,5.11,7305356.0,5.1375,5541
EVN:TRADES:2Y,2024-11-07,4.9,4.9,4.73,4.78,15597278.0,4.7875,10061
EVN:TRADES:2Y,2024-11-08,4.99,5.01,4.84,4.88,7694927.0,4.9125,6375
EVN:TRADES:2Y,2024-11-11,4.8,4.91,4.74,4.87,5005290.0,4.859,5139
EVN:TRADES:2Y,2024-11-12,4.67,4.75,4.605,4.7,8020703.0,4.6835,6871
EVN:TRADES:2Y,2024-11-13,4.65,4.66,4.59,4.64,8949223.0,4.627,6787
EVN:TRADES:2Y,2024-11-14,4.58,4.62,4.47,4.49,6868202.0,4.517,5620
EVN:TRADES:2Y,2024-11-15,4.54,4.63,4.52,4.62,7695972.0,4.59,5598
EVN:TRADES:2Y,2024-11-18,4.6,4.805,4.6,4.74,7443505.0,4.7505,7600
EVN:TRADES:2Y,2024-11-19,4.92,4.97,4.83,4.9,5902747.0,4.9135,7790
EVN:TRADES:2Y,2024-11-20,4.93,4.99,4.91,4.95,3411651.0,4.9565,4744
EVN:TRADES:2Y,2024-11-21,4.99,5.02,4.96,5.02,4789368.0,5.0095,4545
EVN:TRADES:2Y,2024-11-22,5.05,5.085,5.02,5.07,3045148.0,5.06,4497
EVN:TRADES:2Y,2024-11-25,5.12,5.15,4.95,5.02,6960326.0,5.028,7134
EVN:TRADES:2Y,2024-11-26,4.92,4.99,4.87,4.9,5687888.0,4.915,4900
EVN:TRADES:2Y,2024-11-27,4.98,5.03,4.925,5.0,4807198.0,4.9825,5346
EVN:TRADES:2Y,2024-11-28,5.01,5.02,4.955,4.98,4119981.0,4.9855,5165
EVN:TRADES:2Y,2024-11-29,4.97,5.06,4.95,5.06,3190197.0,5.0235,2721
EVN:TRADES:2Y,2024-12-02,5.1,5.1,4.855,4.86,7662049.0,4.904,7993
EVN:TRADES:2Y,2024-12-03,4.91,4.935,4.855,4.89,7743784.0,4.9,7371
EVN:TRADES:2Y,2024-12-04,4.98,5.03,4.95,5.01,4671377.0,4.9975,5370
EVN:TRADES:2Y,2024-12-05,5.01,5.15,4.98,5.15,4174353.0,5.1115,4930
EVN:TRADES:2Y,2024-12-06,5.09,5.15,5.05,5.08,2894780.0,5.0885,3926
EVN:TRADES:2Y,2024-12-09,5.03,5.11,4.965,5.04,4747489.0,5.051,5224
EVN:TRADES:2Y,2024-12-10,5.16,5.3,5.15,5.29,7240661.0,5.249,6122
EVN:TRADES:2Y,2024-12-11,5.31,5.32,5.2,5.21,3973741.0,5.234,4970
EVN:TRADES:2Y,2024-12-12,5.31,5.31,5.2,5.24,4322778.0,5.2455,4711
EVN:TRADES:2Y,2024-12-13,5.12,5.13,5.02,5.05,4940762.0,5.0555,5301
EVN:TRADES:2Y,2024-12-16,4.96,4.98,4.91,4.94,6141691.0,4.9435,5709
EVN:TRADES:2Y,2024-12-17,4.93,5.01,4.92,4.95,4181527.0,4.9535,4278
EVN:TRADES:2Y,2024-12-18,4.95,5.005,4.94,4.96,4315274.0,4.968,6011
EVN:TRADES:2Y,2024-12-19,4.66,4.82,4.61,4.82,9437290.0,4.7455,8196
EVN:TRADES:2Y,2024-12-20,4.75,4.82,4.7,4.82,27750355.0,4.8125,7043
EVN:TRADES:2Y,2024-12-23,4.83,4.89,4.83,4.86,2967445.0,4.8635,3688
EVN:TRADES:2Y,2024-12-24,4.85,4.87,4.83,4.84,2102325.0,4.846,2500
EVN:TRADES:2Y,2024-12-27,4.84,4.92,4.84,4.87,1974621.0,4.876,2470
EVN:TRADES:2Y,2024-12-30,4.85,4.89,4.83,4.87,2370792.0,4.8625,2686
EVN:TRADES:2Y,2024-12-31,4.83,4.86,4.79,4.81,2364348.0,4.822,2196
EVN:TRADES:2Y,2025-01-02,4.83,4.88,4.8,4.84,2693728.0,4.8315,4327
EVN:TRADES:2Y,2025-01-03,4.91,4.96,4.88,4.9,2577167.0,4.92,3685
EVN:TRADES:2Y,2025-01-06,4.9,4.97,4.845,4.9,3417805.0,4.9025,4954
EVN:TRADES:2Y,2025-01-07,4.91,4.96,4.86,4.92,3981491.0,4.926,5456
EVN:TRADES:2Y,2025-01-08,4.93,5.02,4.93,5.01,3806809.0,4.991,4080
EVN:TRADES:2Y,2025-01-09,5.05,5.12,5.02,5.11,3767211.0,5.094,4580
EVN:TRADES:2Y,2025-01-10,5.13,5.19,5.11,5.18,3602862.0,5.159,5593
EVN:TRADES:2Y,2025-01-13,5.18,5.305,5.15,5.24,4474938.0,5.234,4889
EVN:TRADES:2Y,2025-01-14,5.18,5.31,5.17,5.31,7215580.0,5.277,7036
EVN:TRADES:2Y,2025-01-15,5.4,5.47,5.365,5.44,4833639.0,5.4235,7011
EVN:TRADES:2Y,2025-01-16,5.52,5.59,5.47,5.59,5229836.0,5.5625,8694
EVN:TRADES:2Y,2025-01-17,5.62,5.72,5.575,5.6,7200401.0,5.6315,6423
EVN:TRADES:2Y,2025-01-20,5.64,5.64,5.49,5.54,5768130.0,5.5385,6894
EVN:TRADES:2Y,2025-01-21,5.57,5.69,5.5,5.66,7316605.0,5.6045,6424
EVN:TRADES:2Y,2025-01-22,5.7,5.91,5.66,5.89,9349562.0,5.8205,10806
EVN:TRADES:2Y,2025-01-23,5.68,5.78,5.585,5.66,8105980.0,5.66,8930
EVN:TRADES:2Y,2025-01-24,5.65,5.66,5.52,5.56,6731591.0,5.5555,9585
EVN:TRADES:2Y,2025-01-28,5.52,5.62,5.51,5.55,5454048.0,5.549,7210
EVN:TRADES:2Y,2025-01-29,5.6,5.66,5.56,5.64,4169229.0,5.6275,7460
EVN:TRADES:2Y,2025-01-30,5.65,5.73,5.63,5.65,3326183.0,5.6725,5118
EVN:TRADES:2Y,2025-01-31,5.75,5.77,5.69,5.7,5821246.0,5.717,6090
EVN:TRADES:2Y,2025-02-03,5.61,5.73,5.6,5.67,4087418.0,5.6465,7140
EVN:TRADES:2Y,2025-02-04,5.79,5.8,5.68,5.76,4354153.0,5.742,8330
EVN:TRADES:2Y,2025-02-05,5.8,5.91,5.75,5.88,5005999.0,5.845,7293
EVN:TRADES:2Y,2025-02-06,5.92,6.02,5.89,5.95,5953832.0,5.959,7616
EVN:TRADES:2Y,2025-02-07,5.92,5.95,5.87,5.91,3909606.0,5.9055,6887
EVN:TRADES:2Y,2025-02-10,5.89,5.985,5.87,5.93,3311557.0,5.9315,6778
EVN:TRADES:2Y,2025-02-11,6.02,6.34,6.015,6.22,9642978.0,6.214,12882
EVN:TRADES:2Y,2025-02-12,6.25,6.37,6.24,6.29,9687937.0,6.2975,10871
EVN:TRADES:2Y,2025-02-13,6.1,6.3,6.07,6.25,7602986.0,6.2245,12536
EVN:TRADES:2Y,2025-02-14,6.3,6.4,6.26,6.34,6712569.0,6.3405,7432
EVN:TRADES:2Y,2025-02-17,6.14,6.21,6.03,6.21,7070563.0,6.1445,7759
EVN:TRADES:2Y,2025-02-18,6.23,6.28,6.11,6.16,5374900.0,6.164,9079
EVN:TRADES:2Y,2025-02-19,6.23,6.33,6.22,6.28,5774928.0,6.2705,7502
EVN:TRADES:2Y,2025-02-20,6.3,6.43,6.26,6.38,9004051.0,6.3575,8737
EVN:TRADES:2Y,2025-02-21,6.35,6.41,6.25,6.36,5437300.0,6.3565,8962
EVN:TRADES:2Y,2025-02-24,6.26,6.28,6.17,6.23,5418707.0,6.213,8102
EVN:TRADES:2Y,2025-02-25,6.23,6.37,6.21,6.32,6296933.0,6.3055,8427
EVN:TRADES:2Y,2025-02-26,6.27,6.29,6.11,6.21,5475487.0,6.1945,7437
EVN:TRADES:2Y,2025-02-27,6.24,6.36,6.24,6.3,6175860.0,6.316,6836
EVN:TRADES:2Y,2025-02-28,6.19,6.22,6.03,6.09,10961758.0,6.095,9099
EVN:TRADES:2Y,2025-03-03,6.21,6.22,6.09,6.14,5922940.0,6.147,7801
EVN:TRADES:2Y,2025-03-04,6.13,6.26,6.1,6.24,6876172.0,6.1925,9251
EVN:TRADES:2Y,2025-03-05,6.25,6.34,6.18,6.33,6834625.0,6.283,12478
EVN:TRADES:2Y,2025-03-06,6.39,6.54,6.36,6.5,5868540.0,6.469,10519
EVN:TRADES:2Y,2025-03-07,6.42,6.48,6.24,6.27,5444494.0,6.3125,10541
EVN:TRADES:2Y,2025-03-10,6.3,6.36,6.19,6.36,6718326.0,6.318,9853
EVN:TRADES:2Y,2025-03-11,6.23,6.27,6.02,6.16,9483921.0,6.148,15114
EVN:TRADES:2Y,2025-03-12,6.33,6.345,6.17,6.21,8559671.0,6.224,12024
EVN:TRADES:2Y,2025-03-13,6.35,6.49,6.3,6.46,7100332.0,6.4435,12692
EVN:TRADES:2Y,2025-03-14,6.62,6.83,6.57,6.76,8291948.0,6.7365,10710
EVN:TRADES:2Y,2025-03-17,6.61,6.83,6.6,6.74,5516339.0,6.746,9674
EVN:TRADES:2Y,2025-03-18,6.8,6.81,6.64,6.76,6847367.0,6.7305,9309
EVN:TRADES:2Y,2025-03-19,6.77,6.81,6.66,6.7,6945551.0,6.7335,9521
EVN:TRADES:2Y,2025-03-20,6.78,6.9,6.76,6.88,9357406.0,6.8455,8497
EVN:TRADES:2Y,2025-03-21,6.84,6.94,6.81,6.86,18434339.0,6.866,8501
EVN:TRADES:2Y,2025-03-24,6.85,6.96,6.82,6.85,5595809.0,6.8815,9188
EVN:TRADES:2Y,2025-03-25,6.81,6.935,6.81,6.89,5911977.0,6.887,8079
EVN:TRADES:2Y,2025-03-26,6.94,6.99,6.88,6.89,8338849.0,6.9125,11064
EVN:TRADES:2Y,2025-03-27,6.96,7.02,6.92,6.97,10835874.0,6.9655,10147
EVN:TRADES:2Y,2025-03-28,7.1,7.24,7.09,7.2,11354198.0,7.189,10572
EVN:TRADES:2Y,2025-03-31,7.17,7.175,7.03,7.11,8544033.0,7.106,9938
EVN:TRADES:2Y,2025-04-01,7.33,7.38,7.22,7.23,10704973.0,7.261,11295
EVN:TRADES:2Y,2025-04-02,7.22,7.24,7.11,7.11,7859492.0,7.1605,9953
EVN:TRADES:2Y,2025-04-03,7.08,7.23,7.02,7.08,9556922.0,7.094,13738
EVN:TRADES:2Y,2025-04-04,7.01,7.1,6.94,6.99,12471270.0,7.008,10465
EVN:TRADES:2Y,2025-04-07,6.3,6.56,6.23,6.44,18187225.0,6.4205,25550
EVN:TRADES:2Y,2025-04-08,6.44,6.76,6.42,6.76,12108552.0,6.6835,17326
EVN:TRADES:2Y,2025-04-09,6.62,6.73,6.55,6.63,11775466.0,6.62,13555
EVN:TRADES:2Y,2025-04-10,7.01,7.14,6.91,7.14,10707930.0,7.075,12297
EVN:TRADES:2Y,2025-04-11,7.22,7.7,7.2,7.7,13520094.0,7.5745,17591
EVN:TRADES:2Y,2025-04-14,7.74,7.95,7.73,7.9,16748844.0,7.875,21387
EVN:TRADES:2Y,2025-04-15,7.88,8.28,7.73,8.21,15834309.0,8.1065,17461
EVN:TRADES:2Y,2025-04-16,8.12,8.56,8.095,8.32,13624560.0,8.3685,17031
EVN:TRADES:2Y,2025-04-17,8.51,8.61,8.38,8.46,11003214.0,8.4645,14431
EVN:TRADES:2Y,2025-04-22,8.52,8.97,8.5,8.87,13121355.0,8.7785,15920
EVN:TRADES:2Y,2025-04-23,8.45,8.48,7.9,7.9,25901005.0,8.0305,33391
EVN:TRADES:2Y,2025-04-24,7.95,8.12,7.91,7.99,16279053.0,7.9915,19569
EVN:TRADES:2Y,2025-04-28,7.96,7.98,7.72,7.9,13202042.0,7.8575,18246
EVN:TRADES:2Y,2025-04-29,7.95,7.99,7.77,7.99,10945677.0,7.901,12661
EVN:TRADES:2Y,2025-04-30,8.08,8.12,7.75,7.83,12092422.0,7.8695,13588
EVN:TRADES:2Y,2025-05-01,7.83,7.86,7.7,7.73,12663070.0,7.7495,15136
EVN:TRADES:2Y,2025-05-02,7.74,7.95,7.6,7.95,10628863.0,7.833,15875
EVN:TRADES:2Y,2025-05-05,7.93,8.23,7.88,8.12,6912785.0,8.111,10368
EVN:TRADES:2Y,2025-05-06,8.37,8.63,8.345,8.53,9205441.0,8.515,12509
EVN:TRADES:2Y,2025-05-07,8.75,8.75,8.43,8.47,9442015.0,8.5285,15494
EVN:TRADES:2Y,2025-05-08,8.55,8.775,8.52,8.64,9609930.0,8.6705,13185
EVN:TRADES:2Y,2025-05-09,8.54,8.63,8.37,8.63,7045569.0,8.5525,11749
EVN:TRADES:2Y,2025-05-12,8.51,8.61,8.18,8.31,8197925.0,8.324,9873
EVN:TRADES:2Y,2025-05-13,7.86,7.93,7.58,7.87,17675518.0,7.7775,24186
EVN:TRADES:2Y,2025-05-14,7.92,7.995,7.68,7.76,12718221.0,7.8225,15259
EVN:TRADES:2Y,2025-05-15,7.74,7.81,7.48,7.6,12811962.0,7.6365,13323
EVN:TRADES:2Y,2025-05-16,7.98,8.07,7.81,7.87,9551042.0,7.914,11399
EVN:TRADES:2Y,2025-05-19,7.9,8.18,7.9,8.12,10357968.0,8.068,14140
EVN:TRADES:2Y,2025-05-20,8.2,8.32,8.03,8.11,8201169.0,8.1495,11538
EVN:TRADES:2Y,2025-05-21,8.52,8.69,8.32,8.67,15285686.0,8.578,22171
EVN:TRADES:2Y,2025-05-22,8.63,8.96,8.63,8.86,15119587.0,8.845,17839
EVN:TRADES:2Y,2025-05-23,8.59,8.9,8.59,8.77,8022265.0,8.7765,15581
EVN:TRADES:2Y,2025-05-26,8.95,9.12,8.91,9.07,9619448.0,9.0275,12764
EVN:TRADES:2Y,2025-05-27,9.08,9.15,8.76,8.79,8605371.0,8.9135,11616
EVN:TRADES:2Y,2025-05-28,8.84,8.915,8.76,8.79,7928256.0,8.817,11707
EVN:TRADES:2Y,2025-05-29,8.5,8.95,8.37,8.86,9630054.0,8.8165,19484
EVN:TRADES:2Y,2025-05-30,8.94,9.01,8.73,8.85,134512049.0,8.849,19700
EVN:TRADES:2Y,2025-06-02,8.98,9.18,8.84,9.12,8303212.0,9.0705,16511
EVN:TRADES:2Y,2025-06-03,9.69,9.77,9.355,9.48,11681488.0,9.493,18462
EVN:TRADES:2Y,2025-06-04,9.41,9.45,9.21,9.22,8098335.0,9.263,11477
EVN:TRADES:2Y,2025-06-05,9.37,9.38,9.03,9.07,12722827.0,9.107,20391
EVN:TRADES:2Y,2025-06-06,9.13,9.35,8.63,8.89,13101456.0,8.917,17184
EVN:TRADES:2Y,2025-06-10,8.57,8.69,8.46,8.55,15601525.0,8.5315,19635
EVN:TRADES:2Y,2025-06-11,8.47,8.6,8.42,8.52,9142527.0,8.528,13308
EVN:TRADES:2Y,2025-06-12,8.67,8.86,8.46,8.72,11089630.0,8.707,12420
EVN:TRADES:2Y,2025-06-13,8.92,9.3,8.88,9.2,16057668.0,9.1645,17859
EVN:TRADES:2Y,2025-06-16,9.35,9.36,8.44,8.46,15370347.0,8.692,20947
EVN:TRADES:2Y,2025-06-17,8.47,8.61,8.4,8.45,11775090.0,8.485,16615
EVN:TRADES:2Y,2025-06-18,8.47,8.56,8.13,8.15,14270292.0,8.237,18395
EVN:TRADES:2Y,2025-06-19,7.86,7.99,7.74,7.78,17540997.0,7.8265,21793
EVN:TRADES:2Y,2025-06-20,7.71,7.91,7.69,7.82,41131845.0,7.8125,18253
EVN:TRADES:2Y,2025-06-23,7.85,7.91,7.59,7.62,9524068.0,7.692,15801
EVN:TRADES:2Y,2025-06-24,7.72,7.79,7.49,7.68,13352559.0,7.6735,19514
EVN:TRADES:2Y,2025-06-25,7.63,7.74,7.51,7.61,8800406.0,7.599,14426
EVN:TRADES:2Y,2025-06-26,7.6,7.6,7.38,7.54,11475558.0,7.486,15601
EVN:TRADES:2Y,2025-06-27,7.6,7.75,7.51,7.59,10391003.0,7.6205,17895
EVN:TRADES:2Y,2025-06-30,7.55,7.86,7.52,7.79,10489322.0,7.7535,14295
EVN:TRADES:2Y,2025-07-01,7.93,7.98,7.71,7.79,6819664.0,7.805,10858
EVN:TRADES:2Y,2025-07-02,7.85,7.95,7.78,7.82,8141102.0,7.8455,13316
EVN:TRADES:2Y,2025-07-03,7.9,7.94,7.73,7.88,5793706.0,7.869,9365
EVN:TRADES:2Y,2025-07-04,7.85,7.94,7.74,7.81,3126304.0,7.8055,7158
EVN:TRADES:2Y,2025-07-07,7.81,7.81,7.55,7.64,4286534.0,7.657,8579
EVN:TRADES:2Y,2025-07-08,7.88,7.97,7.68,7.84,9806047.0,7.825,16437
EVN:TRADES:2Y,2025-07-09,7.5,7.52,7.13,7.29,11284131.0,7.278,15242
EVN:TRADES:2Y,2025-07-10,7.39,7.62,7.34,7.55,6363099.0,7.5325,13100
EVN:TRADES:2Y,2025-07-11,7.55,7.56,7.35,7.44,4804308.0,7.436,10883
EVN:TRADES:2Y,2025-07-14,7.54,7.62,7.49,7.58,5422330.0,7.5665,9281
EVN:TRADES:2Y,2025-07-15,7.57,7.7,7.51,7.7,4781173.0,7.6455,9608
EVN:TRADES:2Y,2025-07-16,7.76,7.85,7.52,7.52,9977322.0,7.62,20207
EVN:TRADES:2Y,2025-07-17,7.67,7.67,7.4,7.48,7469028.0,7.4905,10160
EVN:TRADES:2Y,2025-07-18,7.43,7.58,7.41,7.56,6036693.0,7.5375,9226
EVN:TRADES:2Y,2025-07-21,7.55,7.55,7.37,7.47,4044702.0,7.457,7682
EVN:TRADES:2Y,2025-07-22,7.58,7.74,7.58,7.68,5679653.0,7.659,9117
EVN:TRADES:2Y,2025-07-23,7.84,7.98,7.74,7.75,8739988.0,7.827,15320
EVN:TRADES:2Y,2025-07-24,7.53,7.61,7.46,7.54,8822774.0,7.5395,12722
EVN:TRADES:2Y,2025-07-25,7.51,7.54,7.28,7.3,5786994.0,7.338,8254
EVN:TRADES:2Y,2025-07-28,7.31,7.41,7.26,7.27,3313163.0,7.311,7134
EVN:TRADES:2Y,2025-07-29,7.12,7.24,7.04,7.23,5109455.0,7.1885,10402
EVN:TRADES:2Y,2025-07-30,7.21,7.38,7.16,7.33,3807623.0,7.3155,7482
EVN:TRADES:2Y,2025-07-31,7.03,7.11,6.96,7.11,8315783.0,7.084,10298
EVN:TRADES:2Y,2025-08-01,7.05,7.1,6.98,7.05,5470187.0,7.048,10622
EVN:TRADES:2Y,2025-08-04,7.33,7.38,7.23,7.23,5343557.0,7.2765,10938
EVN:TRADES:2Y,2025-08-05,7.21,7.36,7.14,7.33,9989165.0,7.2805,17231
EVN:TRADES:2Y,2025-08-06,7.53,7.61,7.42,7.47,7254347.0,7.477,18112
EVN:TRADES:2Y,2025-08-07,7.54,7.58,7.455,7.5,7716388.0,7.503,16039
EVN:TRADES:2Y,2025-08-08,7.57,7.66,7.53,7.66,5611135.0,7.6295,9920
EVN:TRADES:2Y,2025-08-11,7.6,7.72,7.53,7.67,8876847.0,7.663,11072
EVN:TRADES:2Y,2025-08-12,7.58,7.7,7.51,7.69,7075798.0,7.663,10247
EVN:TRADES:2Y,2025-08-13,7.94,8.19,7.7,7.99,8598684.0,7.996,15250
EVN:TRADES:2Y,2025-08-14,8.01,8.06,7.89,7.94,9105600.0,7.9435,15114
EVN:TRADES:2Y,2025-08-15,7.91,8.01,7.85,8.01,9103827.0,7.9755,12476
EVN:TRADES:2Y,2025-08-18,7.95,7.98,7.82,7.89,7473927.0,7.8885,8354
EVN:TRADES:2Y,2025-08-19,7.85,7.91,7.79,7.89,6362314.0,7.8775,11499
EVN:TRADES:2Y,2025-08-20,7.87,8.0,7.79,7.98,7483486.0,7.929,8864
EVN:TRADES:2Y,2025-08-21,8.1,8.2,8.04,8.1,5805648.0,8.1035,8410
EVN:TRADES:2Y,2025-08-22,8.16,8.37,8.11,8.11,8488442.0,8.1825,13114
EVN:TRADES:2Y,2025-08-25,8.29,8.42,8.23,8.39,7791754.0,8.3575,14415
EVN:TRADES:2Y,2025-08-26,8.23,8.54,8.23,8.34,12929336.0,8.349,12097
EVN:TRADES:2Y,2025-08-27,8.66,8.72,8.435,8.51,9603951.0,8.541,12235
EVN:TRADES:2Y,2025-08-28,8.51,8.56,8.45,8.5,4279898.0,8.5035,8632
EVN:TRADES:2Y,2025-08-29,8.51,8.67,8.455,8.66,7183008.0,8.624,8283
EVN:TRADES:2Y,2025-09-01,8.89,9.14,8.88,9.1,5101911.0,9.031,13306
EVN:TRADES:2Y,2025-09-02,9.12,9.29,9.12,9.17,5423523.0,9.194,10526
EVN:TRADES:2Y,2025-09-03,9.3,9.46,9.0,9.01,6727468.0,9.108,14265
EVN:TRADES:2Y,2025-09-04,9.01,9.14,8.855,9.0,5934754.0,9.0,11522
EVN:TRADES:2Y,2025-09-05,9.0,9.09,8.89,9.06,5665231.0,9.027,10734
EVN:TRADES:2Y,2025-09-08,9.2,9.21,8.89,8.93,6451744.0,8.9815,13969
EVN:TRADES:2Y,2025-09-09,9.1,9.16,8.95,9.12,7056788.0,9.0685,13090
EVN:TRADES:2Y,2025-09-10,9.13,9.14,8.94,9.13,6824216.0,9.083,15591
EVN:TRADES:2Y,2025-09-11,9.33,9.72,9.275,9.7,8963116.0,9.614,15279
EVN:TRADES:2Y,2025-09-12,9.75,9.92,9.68,9.9,6563957.0,9.8475,12343
EVN:TRADES:2Y,2025-09-15,9.8,9.84,9.11,9.38,10203330.0,9.3665,18144
EVN:TRADES:2Y,2025-09-16,9.47,9.6,9.37,9.43,7337781.0,9.443,15742
EVN:TRADES:2Y,2025-09-17,9.15,9.42,9.15,9.31,6184812.0,9.304,12265
EVN:TRADES:2Y,2025-09-18,9.22,9.27,9.11,9.21,7136151.0,9.199,12200
EVN:TRADES:2Y,2025-09-19,9.45,9.5,9.2,9.5,37907833.0,9.48,13206
EVN:TRADES:2Y,2025-09-22,9.84,10.16,9.79,10.1,7783408.0,10.0455,13709
EVN:TRADES:2Y,2025-09-23,10.29,10.485,10.095,10.23,9312594.0,10.2385,18900
EVN:TRADES:2Y,2025-09-24,10.09,10.36,10.01,10.28,8344907.0,10.245,18860
EVN:TRADES:2Y,2025-09-25,10.2,10.46,10.15,10.27,8558320.0,10.3125,16563
EVN:TRADES:2Y,2025-09-26,9.95,10.28,9.74,10.28,6770450.0,10.116,13711
EVN:TRADES:2Y,2025-09-29,10.55,10.83,10.46,10.73,7344504.0,10.667,11169
EVN:TRADES:2Y,2025-09-30,10.83,11.01,10.8,10.83,9325636.0,10.8755,22191
EVN:TRADES:2Y,2025-10-01,10.89,11.0,10.74,10.75,8327992.0,10.8245,19979
EVN:TRADES:2Y,2025-10-02,11.09,11.2,10.89,11.15,8706683.0,11.083,18916
EVN:TRADES:2Y,2025-10-03,10.95,11.145,10.91,10.98,5353784.0,11.002,12060
EVN:TRADES:2Y,2025-10-06,11.16,11.29,11.07,11.26,4909720.0,11.2075,11758
EVN:TRADES:2Y,2025-10-07,11.27,11.33,11.11,11.25,5146342.0,11.2265,12662
EVN:TRADES:2Y,2025-10-08,11.26,11.34,10.95,11.28,5418967.0,11.1675,13984
EVN:TRADES:2Y,2025-10-09,11.22,11.445,11.015,11.37,6719440.0,11.2945,15418
EVN:TRADES:2Y,2025-10-10,10.95,11.13,10.85,10.93,7861894.0,10.98,15569
EVN:TRADES:2Y,2025-10-13,11.23,11.41,11.13,11.21,5465875.0,11.257,12005
EVN:TRADES:2Y,2025-10-14,11.41,11.73,11.345,11.42,7379878.0,11.487,14787
EVN:TRADES:2Y,2025-10-15,11.25,11.4,10.975,11.09,8177355.0,11.113,16216
EVN:TRADES:2Y,2025-10-16,11.31,11.5,11.25,11.45,7344536.0,11.413,17327
EVN:TRADES:2Y,2025-10-17,11.98,12.04,11.565,11.67,11087923.0,11.7035,28489
EVN:TRADES:2Y,2025-10-20,10.97,11.15,10.91,11.1,7897946.0,11.0655,16783
EVN:TRADES:2Y,2025-10-21,11.74,11.77,11.49,11.59,6911695.0,11.62,13537
EVN:TRADES:2Y,2025-10-22,10.61,10.65,10.295,10.4,10100871.0,10.4675,24341
EVN:TRADES:2Y,2025-10-23,10.44,10.71,10.38,10.62,7928265.0,10.6005,19639
EVN:TRADES:2Y,2025-10-24,10.58,10.685,10.48,10.5,5942042.0,10.574,14909
EVN:TRADES:2Y,2025-10-27,10.59,10.74,10.53,10.64,4975550.0,10.6245,14575
EVN:TRADES:2Y,2025-10-28,10.1,10.37,10.06,10.23,8933792.0,10.237,20938
EVN:TRADES:2Y,2025-10-29,10.35,10.555,10.16,10.47,4979613.0,10.4395,14650
EVN:TRADES:2Y,2025-10-30,10.31,10.52,10.31,10.49,4690417.0,10.4585,12694
EVN:TRADES:2Y,2025-10-31,10.75,10.97,10.71,10.86,7881636.0,10.8675,16023
EVN:TRADES:2Y,2025-11-03,10.63,10.855,10.52,10.59,4441847.0,10.6095,20712
EVN:TRADES:2Y,2025-11-04,10.68,10.74,10.33,10.38,5098559.0,10.4565,13431
EVN:TRADES:2Y,2025-11-05,10.12,10.33,9.79,10.33,7616513.0,10.16,20587
EVN:TRADES:2Y,2025-11-06,10.48,10.73,10.36,10.73,5186337.0,10.656,13426
EVN:TRADES:2Y,2025-11-07,10.72,10.97,10.63,10.66,5394460.0,10.7315,16442
EVN:TRADES:2Y,2025-11-10,10.82,11.09,10.75,11.08,3738779.0,11.0035,12941
EVN:TRADES:2Y,2025-11-11,11.37,11.59,11.255,11.27,4885902.0,11.368,17410
EVN:TRADES:2Y,2025-11-12,11.35,11.62,11.35,11.5,4313651.0,11.5055,16421
EVN:TRADES:2Y,2025-11-13,11.77,11.88,11.68,11.85,4649101.0,11.804,15160
EVN:TRADES:2Y,2025-11-14,11.18,11.65,11.18,11.57,5944728.0,11.502,17991
EVN:TRADES:2Y,2025-11-17,11.41,11.62,11.26,11.41,5280969.0,11.4585,15511
EVN:TRADES:2Y,2025-11-18,11.32,11.4,10.81,10.82,7997810.0,10.963,20192
EVN:TRADES:2Y,2025-11-19,11.15,11.27,11.035,11.04,5261654.0,11.11,15753
EVN:TRADES:2Y,2025-11-20,11.19,11.52,11.09,11.4,4352549.0,11.384,12922
EVN:TRADES:2Y,2025-11-21,10.75,11.03,10.7,10.89,6990864.0,10.8595,14825
EVN:TRADES:2Y,2025-11-24,11.16,11.245,10.97,11.15,10612740.0,11.143,12440
EVN:TRADES:2Y,2025-11-25,11.55,11.64,11.27,11.54,4884952.0,11.495,10933
EVN:TRADES:2Y,2025-11-26,11.55,11.65,11.295,11.65,4823006.0,11.5415,10672
EVN:TRADES:2Y,2025-11-27,11.88,12.0,11.81,11.91,5004900.0,11.9045,14012
EVN:TRADES:2Y,2025-11-28,11.95,12.05,11.87,11.88,4735098.0,11.922,7700
EVN:TRADES:2Y,2025-12-01,12.05,12.16,11.63,11.65,6463148.0,11.7465,15199
EVN:TRADES:2Y,2025-12-02,11.46,11.82,11.44,11.75,6095936.0,11.7045,15722
EVN:TRADES:2Y,2025-12-03,11.48,11.975,11.48,11.9,4614841.0,11.845,12802
EVN:TRADES:2Y,2025-12-04,11.68,11.98,11.57,11.7,6359870.0,11.7915,19220
EVN:TRADES:2Y,2025-12-05,11.93,12.03,11.79,12.0,4876153.0,11.964,11971
EVN:TRADES:2Y,2025-12-08,11.9,12.04,11.73,11.75,6132983.0,11.7985,13770
EVN:TRADES:2Y,2025-12-09,11.7,11.87,11.59,11.63,4608082.0,11.7005,13090
EVN:TRADES:2Y,2025-12-10,11.95,12.15,11.83,12.15,5992291.0,12.0565,17292
EVN:TRADES:2Y,2025-12-11,12.35,12.63,12.18,12.25,6025626.0,12.3515,22157
EVN:TRADES:2Y,2025-12-12,12.67,12.81,12.59,12.76,5965227.0,12.715,15166
EVN:TRADES:2Y,2025-12-15,12.61,12.715,12.2,12.28,6639457.0,12.365,20847
EVN:TRADES:2Y,2025-12-16,12.37,12.5,12.03,12.11,7136826.0,12.2115,22807
EVN:TRADES:2Y,2025-12-17,12.31,12.72,12.13,12.66,4733425.0,12.5575,15438
EVN:TRADES:2Y,2025-12-18,12.51,12.65,12.37,12.52,6806140.0,12.4965,15065
EVN:TRADES:2Y,2025-12-19,12.8,12.8,12.34,12.62,22105641.0,12.6135,16565
EVN:TRADES:2Y,2025-12-22,12.7,13.02,12.54,13.02,4322706.0,12.932,16427
EVN:TRADES:2Y,2025-12-23,13.04,13.09,12.85,13.04,4545528.0,13.01,12579
EVN:TRADES:2Y,2025-12-24,13.12,13.235,12.94,12.94,2334203.0,13.0395,6213
EVN:TRADES:2Y,2025-12-29,13.11,13.3,12.92,13.0,4545216.0,13.064,14956
EVN:TRADES:2Y,2025-12-30,12.3,12.6,12.01,12.56,5695643.0,12.4355,18153
EVN:TRADES:2Y,2025-12-31,12.6,12.76,12.53,12.68,2990594.0,12.68,7961
EVN:TRADES:2Y,2026-01-02,12.57,12.73,12.5,12.68,3731330.0,12.641,8478
EVN:TRADES:2Y,2026-01-05,12.5,12.825,12.41,12.79,5023727.0,12.6815,12473
EVN:TRADES:2Y,2026-01-06,13.04,13.04,12.68,12.82,5724185.0,12.8245,20189
EVN:TRADES:2Y,2026-01-07,13.0,13.13,12.86,12.99,4509487.0,13.014,14462
EVN:TRADES:2Y,2026-01-08,12.84,12.99,12.73,12.74,3997932.0,12.806,12015
EVN:TRADES:2Y,2026-01-09,12.93,13.07,12.66,12.82,4265781.0,12.8385,13066
EVN:TRADES:2Y,2026-01-12,13.07,13.27,12.885,12.91,6040112.0,13.0355,12335
EVN:TRADES:2Y,2026-01-13,13.2,13.22,12.94,13.17,4581639.0,13.119,15161
EVN:TRADES:2Y,2026-01-14,13.45,13.45,12.96,13.26,5041901.0,13.223,14226
EVN:TRADES:2Y,2026-01-15,13.26,13.43,12.97,13.07,4976005.0,13.1575,15076
EVN:TRADES:2Y,2026-01-16,13.13,13.21,12.88,13.12,4911351.0,13.0705,12091
EVN:TRADES:2Y,2026-01-19,13.12,13.53,13.08,13.53,3814565.0,13.44,12389
EVN:TRADES:2Y,2026-01-20,13.42,13.54,13.32,13.51,3795622.0,13.471,11702
EVN:TRADES:2Y,2026-01-21,13.6,14.855,13.59,14.79,7244869.0,14.478,25335
EVN:TRADES:2Y,2026-01-22,14.5,14.73,13.85,14.11,6404097.0,14.113,25108
EVN:TRADES:2Y,2026-01-23,14.94,15.29,14.83,14.86,7009767.0,14.9515,24521
EVN:TRADES:2Y,2026-01-27,14.99,15.13,14.54,14.76,8290577.0,14.7665,22145
EVN:TRADES:2Y,2026-01-28,14.96,15.42,14.77,15.35,7955209.0,15.164,27159
EVN:TRADES:2Y,2026-01-29,15.45,15.81,15.17,15.72,7542127.0,15.5705,28952
EVN:TRADES:2Y,2026-01-30,15.06,15.65,14.52,14.71,9338741.0,14.8895,33040
EVN:TRADES:2Y,2026-02-02,13.68,14.15,13.28,13.88,10126244.0,13.824,43502
EVN:TRADES:2Y,2026-02-03,13.95,14.73,13.9,14.46,8946397.0,14.4615,34303
EVN:TRADES:2Y,2026-02-04,14.75,15.09,14.59,15.02,6732834.0,14.9245,23122
EVN:TRADES:2Y,2026-02-05,14.55,15.01,14.19,14.54,5433571.0,14.5885,24809
EVN:TRADES:2Y,2026-02-06,14.22,14.48,13.98,14.34,7565546.0,14.277,31652
EVN:TRADES:2Y,2026-02-09,14.82,14.99,14.56,14.98,5774859.0,14.887,23810
EVN:TRADES:2Y,2026-02-10,15.22,15.28,14.81,14.98,5220872.0,14.9575,16681
EVN:TRADES:2Y,2026-02-11,15.42,16.3,15.36,16.28,6693166.0,15.9415,27629
EVN:TRADES:2Y,2026-02-12,15.83,16.05,15.72,16.03,7160465.0,15.9445,26090
EVN:TRADES:2Y,2026-02-13,15.45,15.64,15.2,15.44,7047455.0,15.4385,26035
EVN:TRADES:2Y,2026-02-16,16.02,16.02,15.19,15.19,4813964.0,15.4085,20361
EVN:TRADES:2Y,2026-02-17,15.26,15.26,14.8,14.91,3831887.0,14.9295,14068
EVN:TRADES:2Y,2026-02-18,14.72,14.72,14.31,14.59,6208966.0,14.538,26150
EVN:TRADES:2Y,2026-02-19,14.99,14.99,14.72,14.94,7005101.0,14.9025,19406
EVN:TRADES:2Y,2026-02-20,15.21,15.36,14.9,15.05,5785373.0,15.0955,15747
EVN:TRADES:2Y,2026-02-23,15.2,15.58,15.15,15.58,5687493.0,15.438,18714
EVN:TRADES:2Y,2026-02-24,16.37,16.39,15.37,15.71,8023821.0,15.8455,36502
EVN:TRADES:2Y,2026-02-25,15.8,16.31,15.7,16.22,6183304.0,16.169,24436
EVN:TRADES:2Y,2026-02-26,16.35,16.58,16.16,16.4,6568904.0,16.3915,22887
EVN:TRADES:2Y,2026-02-27,16.5,16.99,16.4,16.58,9503653.0,16.6415,22698
EVN:TRADES:2Y,2026-03-02,17.01,17.75,17.01,17.67,7911493.0,17.553,32451
EVN:TRADES:2Y,2026-03-03,17.06,17.28,16.67,16.87,6570453.0,16.9375,25672
EVN:TRADES:2Y,2026-03-04,15.82,16.41,15.545,16.07,6920641.0,16.027,32229
EVN:TRADES:2Y,2026-03-05,15.85,15.93,15.55,15.73,4956513.0,15.7325,18981
EVN:TRADES:2Y,2026-03-06,15.4,15.43,14.685,14.79,6646904.0,14.8845,27664
EVN:TRADES:2Y,2026-03-09,14.48,14.6,13.705,13.92,8737719.0,13.999,32923
EVN:TRADES:2Y,2026-03-10,14.35,14.52,14.03,14.15,8244572.0,14.207,29358
EVN:TRADES:2Y,2026-03-11,14.31,14.43,14.07,14.15,9310504.0,14.184,28973
EVN:TRADES:2Y,2026-03-12,13.88,14.14,13.79,13.96,7390714.0,13.942,22400
EVN:TRADES:2Y,2026-03-13,13.95,14.0,13.4,13.51,10652891.0,13.6175,32219
EVN:TRADES:2Y,2026-03-16,13.25,13.39,12.94,13.1,12948477.0,13.1415,35931
EVN:TRADES:2Y,2026-03-17,13.38,13.645,13.13,13.58,12082629.0,13.469,28910
EVN:TRADES:2Y,2026-03-18,13.3,13.58,13.24,13.5,7112829.0,13.4745,22929
EVN:TRADES:2Y,2026-03-19,12.71,12.83,12.095,12.21,12271638.0,12.388,29520
EVN:TRADES:2Y,2026-03-20,11.8,12.41,11.71,12.41,61968839.0,12.3705,23769
EVN:TRADES:2Y,2026-03-23,12.0,12.0,11.34,11.5,13691058.0,11.544,47093
EVN:TRADES:2Y,2026-03-24,11.96,12.09,11.645,11.89,11059362.0,11.885,31050
EVN:TRADES:2Y,2026-03-25,12.35,13.03,12.18,12.9,10872208.0,12.835,26227
EVN:TRADES:2Y,2026-03-26,12.86,12.97,12.54,12.64,8217635.0,12.698,24600
EVN:TRADES:2Y,2026-03-27,12.38,12.56,12.18,12.46,7022543.0,12.4485,18710
EVN:TRADES:2Y,2026-03-30,12.6,12.83,12.3,12.52,8648738.0,12.499,26042
EVN:TRADES:2Y,2026-03-31,12.63,12.845,12.16,12.62,10094636.0,12.6095,23998
EVN:TRADES:2Y,2026-04-01,13.69,13.74,13.33,13.65,13264032.0,13.6285,33908
EVN:TRADES:2Y,2026-04-02,13.98,14.09,12.98,13.02,11648406.0,13.2905,35792
EVN:TRADES:2Y,2026-04-07,13.49,13.49,12.75,12.81,7672198.0,12.925,27083
EVN:TRADES:2Y,2026-04-08,13.7,14.14,13.68,14.09,8402398.0,13.977,26780
EVN:TRADES:2Y,2026-04-09,13.68,13.92,13.5,13.92,6576199.0,13.778,23222
EVN:TRADES:2Y,2026-04-10,13.61,13.87,13.41,13.55,6160715.0,13.572,15728
EVN:TRADES:2Y,2026-04-13,12.86,13.22,12.73,13.22,6917480.0,13.0905,19356
EVN:TRADES:2Y,2026-04-14,13.17,13.24,12.85,13.19,7673565.0,13.0975,24314
EVN:TRADES:2Y,2026-04-15,13.88,14.51,13.79,14.45,10351114.0,14.2625,32269
EVN:TRADES:2Y,2026-04-16,14.25,14.3,13.685,13.85,10581591.0,13.907,28347
EVN:TRADES:2Y,2026-04-17,13.5,13.58,13.18,13.58,10344722.0,13.4235,24976
EVN:TRADES:2Y,2026-04-20,13.53,13.91,13.27,13.82,5183586.0,13.7335,24753
EVN:TRADES:2Y,2026-04-21,13.58,13.69,13.43,13.6,5304625.0,13.5855,19695
EVN:TRADES:2Y,2026-04-22,13.2,13.31,12.97,13.2,6435422.0,13.1435,19785
EVN:TRADES:2Y,2026-04-23,13.2,13.2,12.82,13.04,5146508.0,13.0295,20499
EVN:TRADES:2Y,2026-04-24,12.77,12.96,12.71,12.76,6214032.0,12.809,23589
EVN:TRADES:2Y,2026-04-27,12.7,13.12,12.58,13.08,4499102.0,12.9825,19173
EVN:TRADES:2Y,2026-04-28,12.8,12.95,12.635,12.69,3991216.0,12.745,17416
EVN:TRADES:2Y,2026-04-29,12.4,12.65,12.33,12.57,5265132.0,12.559,17136
EVN:TRADES:2Y,2026-04-30,12.11,12.29,11.895,11.9,10872165.0,11.9795,23046
EVN:TRADES:2Y,2026-05-01,12.33,12.44,12.035,12.15,4973680.0,12.1685,21181
EVN:TRADES:2Y,2026-05-04,12.37,12.38,12.09,12.18,3771132.0,12.204,14904
EVN:TRADES:2Y,2026-05-05,11.9,12.115,11.79,12.06,5318566.0,12.003,18157
EVN:TRADES:2Y,2026-05-06,12.15,12.32,11.83,12.32,5688339.0,12.166,16202
EVN:TRADES:2Y,2026-05-07,12.86,13.1,12.715,13.1,12701928.0,13.014,29144
EVN:TRADES:2Y,2026-05-08,12.82,13.23,12.81,13.05,7404062.0,13.0345,25498
EVN:TRADES:2Y,2026-05-11,12.93,13.27,12.87,12.96,6670872.0,13.037,21378
EVN:TRADES:2Y,2026-05-12,13.44,13.62,13.18,13.32,7992874.0,13.341,25014
EVN:TRADES:2Y,2026-05-13,13.35,13.66,13.34,13.4,4719916.0,13.449,18877
EVN:TRADES:2Y,2026-05-14,13.17,13.41,13.13,13.23,4447564.0,13.2485,16090
EVN:TRADES:2Y,2026-05-15,12.87,13.02,12.41,12.5,9292947.0,12.5855,25541
EVN:TRADES:2Y,2026-05-18,12.12,12.16,11.72,11.93,7845064.0,11.9125,24032
EVN:TRADES:2Y,2026-05-19,12.13,12.23,11.78,11.95,5773407.0,11.943,18341
EVN:TRADES:2Y,2026-05-20,11.74,11.77,11.27,11.37,8360115.0,11.4245,25138
EVN:TRADES:2Y,2026-05-21,11.93,11.93,11.66,11.8,7317606.0,11.795,17954
EVN:TRADES:2Y,2026-05-22,12.12,12.23,12.01,12.17,6034497.0,12.1605,18603
EVN:TRADES:2Y,2026-05-25,12.4,12.76,12.36,12.68,4247549.0,12.655,12744
EVN:TRADES:2Y,2026-05-26,12.69,12.77,12.43,12.61,4843679.0,12.581,15878
EVN:TRADES:2Y,2026-05-27,12.7,12.74,12.55,12.63,3979498.0,12.6335,15339
EVN:TRADES:2Y,2026-05-28,12.25,12.36,11.49,11.65,7410458.0,11.7835,21842
EVN:TRADES:2Y,2026-05-29,12.25,12.32,12.07,12.14,15929409.0,12.1435,15070
EVN:TRADES:2Y,2026-06-01,12.23,12.535,12.13,12.43,5467027.0,12.397,14801
EVN:TRADES:2Y,2026-06-02,12.29,12.45,12.1,12.41,5976382.0,12.305,19495
EVN:TRADES:2Y,2026-06-03,12.48,12.69,12.295,12.48,5203546.0,12.516,17951
EVN:TRADES:2Y,2026-06-04,12.25,12.35,11.97,12.1,5417600.0,12.1115,17492
EVN:TRADES:2Y,2026-06-05,12.18,12.23,11.72,11.73,4233092.0,11.803,15279
EVN:TRADES:2Y,2026-06-09,10.56,11.3,10.41,11.3,8968876.0,11.0405,26162
EVN:TRADES:2Y,2026-06-10,11.07,11.19,10.62,10.73,9400196.0,10.826,24574
EVN:TRADES:2Y,2026-06-11,10.35,10.94,10.205,10.9,4947655.0,10.6655,23067
EVN:TRADES:2Y,2026-06-12,11.63,11.72,11.44,11.67,5325361.0,11.627,20080
EVN:TRADES:2Y,2026-06-15,12.59,12.96,12.23,12.84,5534660.0,12.792,20162
EVN:TRADES:2Y,2026-06-16,12.97,13.25,12.83,13.14,5740354.0,13.1185,17506
EVN:TRADES:2Y,2026-06-17,13.1,13.56,13.05,13.48,3992207.0,13.3855,18469
EVN:TRADES:2Y,2026-06-18,13.13,13.25,12.96,13.19,6838859.0,13.132,22390
EVN:TRADES:2Y,2026-06-19,12.77,12.79,12.32,12.45,4711089.0,12.541,20781
EVN:TRADES:2Y,2026-06-22,12.53,13.06,12.48,12.98,4288638.0,12.8795,18241
EVN:TRADES:2Y,2026-06-23,12.88,12.99,12.65,12.66,2861977.0,12.771,15368
EVN:TRADES:2Y,2026-06-24,12.45,12.5,12.2,12.35,5312595.0,12.337,22161
EVN:TRADES:2Y,2026-06-25,12.15,12.24,11.71,11.87,4599566.0,11.927,19628
EVN:TRADES:2Y,2026-06-26,12.15,12.26,11.97,12.24,2614604.0,12.1455,12853
EVN:TRADES:2Y,2026-06-29,12.37,12.64,12.19,12.33,2922991.0,12.353,13541
EVN:TRADES:2Y,2026-06-30,12.33,12.33,11.59,11.81,5154701.0,11.844,17403
EVN:TRADES:2Y,2026-07-01,11.66,11.79,11.56,11.65,2536416.0,11.6415,17165
EVN:TRADES:2Y,2026-07-02,11.88,11.88,11.42,11.76,3284924.0,11.671,18064
EVN:TRADES:2Y,2026-07-03,12.3,12.88,12.16,12.8,3859339.0,12.631,18223
EVN:TRADES:2Y,2026-07-06,12.79,12.94,12.56,12.56,2019473.0,12.764,10785
EVN:TRADES:2Y,2026-07-07,12.36,12.42,11.94,11.96,2791379.0,12.13,15543
EVN:TRADES:2Y,2026-07-08,11.76,11.8,11.29,11.33,4239217.0,11.4105,19851
EVN:TRADES:2Y,2026-07-09,11.11,11.19,10.86,11.12,4713552.0,11.0235,21609
EVN:TRADES:2Y,2026-07-10,11.48,11.77,11.45,11.59,3958432.0,11.6255,16995
EVN:TRADES:2Y,2026-07-13,11.33,11.5,11.32,11.45,3394810.0,11.4155,16846
EVN:TRADES:2Y,2026-07-14,11.36,11.82,11.08,11.79,3308390.0,11.4945,17209
EVN:TRADES:2Y,2026-07-15,11.55,11.86,11.25,11.265,4410906.0,11.457,22257
EVN:TRADES:2Y,2026-07-16,11.01,11.13,10.91,11.06,4198913.0,11.0295,20899
EVN:TRADES:2Y,2026-07-17,10.47,10.645,10.43,10.52,4350892.0,10.522,17188
EVN:TRADES:2Y,2026-07-20,10.6,10.64,10.23,10.34,7350726.0,10.37,29245
EVN:TRADES:2Y,2026-07-21,10.4,10.88,10.315,10.875,4089292.0,10.665,18745
EVN:TRADES:2Y,2026-07-22,11.28,11.56,11.11,11.41,4449180.0,11.36,18915
EVN:TRADES:2Y,2026-07-23,11.55,11.82,11.49,11.6,4311493.0,11.707,16526
EVN:TRADES:2Y,2026-07-24,11.3,11.36,11.06,11.22,3253630.0,11.2155,19037
EVN:TRADES:2Y,2026-07-27,11.65,11.85,11.46,11.49,4658726.0,11.605,19335
EVN:TRADES:2Y,2026-07-28,11.45,11.54,11.12,11.29,4402637.0,11.267,13853
EVN:TRADES:2Y,2026-07-29,11.53,11.57,11.31,11.47,3678418.0,11.459,16187
EVN:TRADES:2Y,2026-07-30,11.49,11.51,11.07,11.09,3464658.0,11.283,14417
EVN:TRADES:2Y,2026-07-31,11.56,11.59,11.26,11.26,2999038.0,11.3985,16870
EVN:TRADES:2Y,2026-08-03,11.3,11.475,11.28,11.45,3370404.0,11.411,13944
EVN:TRADES:2Y,2026-08-04,11.5,11.8,11.41,11.75,4656315.0,11.6455,16968
EVN:TRADES:2Y,2026-08-05,11.86,12.51,11.81,12.49,4263074.0,12.2395,19557
EVN:TRADES:2Y,2026-08-06,13.21,13.41,13.02,13.07,5909583.0,13.2275,24065
EVN:TRADES:2Y,2026-08-07,12.97,13.34,12.87,13.32,3551111.0,13.1635,16575
EVN:TRADES:2Y,2026-08-10,13.89,13.89,13.37,13.75,4194547.0,13.628,18801
EVN:TRADES:2Y,2026-08-11,13.82,14.08,13.69,13.78,3567021.0,13.901,12920
EVN:TRADES:2Y,2026-08-12,13.8,13.975,13.72,13.87,2652199.0,13.873,14199
EVN:TRADES:2Y,2026-08-13,13.98,14.01,13.62,13.635,3268847.0,13.805,16514
EVN:TRADES:2Y,2026-08-14,13.29,13.34,13.05,13.14,3745012.0,13.1715,17134
EVN:TRADES:2Y,2026-08-17,13.38,13.77,13.26,13.76,4708449.0,13.5945,23287
EVN:TRADES:2Y,2026-08-18,13.76,13.93,13.48,13.53,3324081.0,13.6765,14623
EVN:TRADES:2Y,2026-08-19,13.2,13.91,13.16,13.53,4384780.0,13.563,21147
EVN:TRADES:2Y,2026-08-20,14.48,15.115,14.4,15.07,10724913.0,14.8805,32761
EVN:TRADES:2Y,2026-08-21,15.3,15.45,15.075,15.35,5984750.0,15.2255,23862
EVN:TRADES:2Y,2026-08-24,15.5,15.67,15.27,15.64,6089597.0,15.497,19789
EVN:BID_ASK:3M,2026-05-27,12.6675,12.75,12.55,12.599,-1.0,-1.0,-1
EVN:BID_ASK:3M,2026-05-28,11.9795,12.38,11.49,11.9255,-1.0,-1.0,-1
EVN:BID_ASK:3M,2026-05-29,12.2175,12.32,12.07,12.098,-1.0,-1.0,-1
EVN:BID_ASK:3M,2026-06-01,12.419,12.54,12.12,12.3605,-1.0,-1.0,-1
EVN:BID_ASK:3M,2026-06-02,12.292,12.45,12.09,12.2445,-1.0,-1.0,-1
EVN:BID_ASK:3M,2026-06-03,12.5955,12.69,12.28,12.535,-1.0,-1.0,-1
EVN:BID_ASK:3M,2026-06-04,12.1405,12.36,11.96,12.0855,-1.0,-1.0,-1
EVN:BID_ASK:3M,2026-06-05,11.8515,12.23,11.71,11.7985,-1.0,-1.0,-1
EVN:BID_ASK:3M,2026-06-09,11.13,11.3,10.39,11.089,-1.0,-1.0,-1
EVN:BID_ASK:3M,2026-06-10,10.914,11.2,10.62,10.8655,-1.0,-1.0,-1
EVN:BID_ASK:3M,2026-06-11,10.7035,10.94,10.2,10.713,-1.0,-1.0,-1
EVN:BID_ASK:3M,2026-06-12,11.619,11.73,11.43,11.629,-1.0,-1.0,-1
EVN:BID_ASK:3M,2026-06-15,12.823,12.96,12.2,12.8335,-1.0,-1.0,-1
EVN:BID_ASK:3M,2026-06-16,13.1195,13.26,12.82,13.13,-1.0,-1.0,-1
EVN:BID_ASK:3M,2026-06-17,13.403,13.57,13.05,13.414,-1.0,-1.0,-1
EVN:BID_ASK:3M,2026-06-18,13.145,13.26,12.95,13.154,-1.0,-1.0,-1
EVN:BID_ASK:3M,2026-06-19,12.553,12.9,12.31,12.563,-1.0,-1.0,-1
EVN:BID_ASK:3M,2026-06-22,12.884,13.06,12.47,12.896,-1.0,-1.0,-1
EVN:BID_ASK:3M,2026-06-23,12.764,12.99,12.65,12.775,-1.0,-1.0,-1
EVN:BID_ASK:3M,2026-06-24,12.311,12.5,12.2,12.3215,-1.0,-1.0,-1
EVN:BID_ASK:3M,2026-06-25,11.899,12.25,11.71,11.9075,-1.0,-1.0,-1
EVN:BID_ASK:3M,2026-06-26,12.1285,12.26,11.97,12.1405,-1.0,-1.0,-1
EVN:BID_ASK:3M,2026-06-29,12.333,12.64,12.19,12.344,-1.0,-1.0,-1
EVN:BID_ASK:3M,2026-06-30,11.801,12.35,11.59,11.812,-1.0,-1.0,-1
EVN:BID_ASK:3M,2026-07-01,11.6305,11.79,11.56,11.641,-1.0,-1.0,-1
EVN:BID_ASK:3M,2026-07-02,11.681,11.88,11.42,11.6915,-1.0,-1.0,-1
EVN:BID_ASK:3M,2026-07-03,12.694,12.88,12.15,12.704,-1.0,-1.0,-1
EVN:BID_ASK:3M,2026-07-06,12.7505,12.95,12.55,12.7615,-1.0,-1.0,-1
EVN:BID_ASK:3M,2026-07-07,12.1055,12.42,11.94,12.1165,-1.0,-1.0,-1
EVN:BID_ASK:3M,2026-07-08,11.381,11.83,11.28,11.3915,-1.0,-1.0,-1
EVN:BID_ASK:3M,2026-07-09,11.01,11.2,10.86,11.0205,-1.0,-1.0,-1
EVN:BID_ASK:3M,2026-07-10,11.6375,11.77,11.45,11.6475,-1.0,-1.0,-1
EVN:BID_ASK:3M,2026-07-13,11.411,11.51,11.31,11.42,-1.0,-1.0,-1
EVN:BID_ASK:3M,2026-07-14,11.47,11.82,11.08,11.481,-1.0,-1.0,-1
EVN:BID_ASK:3M,2026-07-15,11.438,11.87,11.25,11.449,-1.0,-1.0,-1
EVN:BID_ASK:3M,2026-07-16,11.0295,11.27,10.9,11.0395,-1.0,-1.0,-1
EVN:BID_ASK:3M,2026-07-17,10.5245,10.65,10.43,10.535,-1.0,-1.0,-1
EVN:BID_ASK:3M,2026-07-20,10.3755,10.7,10.23,10.3855,-1.0,-1.0,-1
EVN:BID_ASK:3M,2026-07-21,10.655,10.88,10.31,10.664,-1.0,-1.0,-1
EVN:BID_ASK:3M,2026-07-22,11.3855,11.56,11.1,11.3945,-1.0,-1.0,-1
EVN:BID_ASK:3M,2026-07-23,11.717,11.82,11.49,11.7275,-1.0,-1.0,-1
EVN:BID_ASK:3M,2026-07-24,11.1915,11.38,11.05,11.2025,-1.0,-1.0,-1
EVN:BID_ASK:3M,2026-07-27,11.572,11.86,11.46,11.583,-1.0,-1.0,-1
EVN:BID_ASK:3M,2026-07-28,11.2305,11.6,11.12,11.2395,-1.0,-1.0,-1
EVN:BID_ASK:3M,2026-07-29,11.4505,11.57,11.31,11.4605,-1.0,-1.0,-1
EVN:BID_ASK:3M,2026-07-30,11.274,11.51,11.06,11.283,-1.0,-1.0,-1
EVN:BID_ASK:3M,2026-07-31,11.3875,11.6,11.26,11.398,-1.0,-1.0,-1
EVN:BID_ASK:3M,2026-08-03,11.4155,11.48,11.27,11.424,-1.0,-1.0,-1
EVN:BID_ASK:3M,2026-08-04,11.671,11.8,11.41,11.682,-1.0,-1.0,-1
EVN:BID_ASK:3M,2026-08-05,12.229,12.51,11.8,12.2395,-1.0,-1.0,-1
EVN:BID_ASK:3M,2026-08-06,13.201,13.42,13.02,13.211,-1.0,-1.0,-1
EVN:BID_ASK:3M,2026-08-07,13.1825,13.34,12.87,13.191,-1.0,-1.0,-1
EVN:BID_ASK:3M,2026-08-10,13.592,13.9,13.37,13.603,-1.0,-1.0,-1
EVN:BID_ASK:3M,2026-08-11,13.934,14.09,13.69,13.9435,-1.0,-1.0,-1
EVN:BID_ASK:3M,2026-08-12,13.884,13.98,13.71,13.8935,-1.0,-1.0,-1
EVN:BID_ASK:3M,2026-08-13,13.7685,14.01,13.62,13.776,-1.0,-1.0,-1
EVN:BID_ASK:3M,2026-08-14,13.155,13.54,13.05,13.165,-1.0,-1.0,-1
EVN:BID_ASK:3M,2026-08-17,13.601,13.78,13.26,13.6105,-1.0,-1.0,-1
EVN:BID_ASK:3M,2026-08-18,13.6645,13.93,13.48,13.6745,-1.0,-1.0,-1
EVN:BID_ASK:3M,2026-08-19,13.5915,13.92,13.15,13.604,-1.0,-1.0,-1
EVN:BID_ASK:3M,2026-08-20,14.94,15.12,14.38,14.949,-1.0,-1.0,-1
EVN:BID_ASK:3M,2026-08-21,15.2055,15.46,15.07,15.2145,-1.0,-1.0,-1
EVN:BID_ASK:3M,2026-08-24,15.515,15.67,15.26,15.526,-1.0,-1.0,-1
CMM:TRADES:2Y,2024-08-26,6.01,6.03,5.95,5.96,423749.0,5.975,2446
CMM:TRADES:2Y,2024-08-27,5.95,6.01,5.91,6.0,456278.0,5.9855,1984
CMM:TRADES:2Y,2024-08-28,6.0,6.11,5.93,5.93,1322581.0,5.999,2845
CMM:TRADES:2Y,2024-08-29,5.91,5.94,5.83,5.84,569491.0,5.8605,2854
CMM:TRADES:2Y,2024-08-30,5.93,5.99,5.88,5.99,882649.0,5.976,2561
CMM:TRADES:2Y,2024-09-02,5.95,5.98,5.73,5.77,316650.0,5.7895,1785
CMM:TRADES:2Y,2024-09-03,5.76,5.87,5.76,5.78,465635.0,5.7905,2553
CMM:TRADES:2Y,2024-09-04,5.69,5.7,5.48,5.48,415410.0,5.5355,2256
CMM:TRADES:2Y,2024-09-05,5.52,5.61,5.47,5.55,989074.0,5.5645,3757
CMM:TRADES:2Y,2024-09-06,5.82,5.82,5.44,5.44,865036.0,5.508,4083
CMM:TRADES:2Y,2024-09-09,5.33,5.43,5.28,5.42,1053755.0,5.4055,3718
CMM:TRADES:2Y,2024-09-10,5.54,5.54,5.43,5.44,784550.0,5.463,3602
CMM:TRADES:2Y,2024-09-11,5.58,5.62,5.51,5.6,663920.0,5.5895,3586
CMM:TRADES:2Y,2024-09-12,5.63,5.7,5.62,5.69,538329.0,5.67,2647
CMM:TRADES:2Y,2024-09-13,6.01,6.37,6.0,6.25,2174472.0,6.179,5406
CMM:TRADES:2Y,2024-09-16,6.33,6.37,6.22,6.23,1273949.0,6.266,4259
CMM:TRADES:2Y,2024-09-17,6.24,6.355,6.205,6.24,886114.0,6.272,3527
CMM:TRADES:2Y,2024-09-18,6.17,6.23,6.15,6.19,668902.0,6.1945,3419
CMM:TRADES:2Y,2024-09-19,6.34,6.35,6.15,6.35,1381298.0,6.2885,3303
CMM:TRADES:2Y,2024-09-20,6.37,6.48,6.34,6.34,3702555.0,6.3565,3723
CMM:TRADES:2Y,2024-09-23,6.36,6.41,6.26,6.29,554499.0,6.312,2613
CMM:TRADES:2Y,2024-09-24,6.26,6.285,6.195,6.2,524078.0,6.218,2338
CMM:TRADES:2Y,2024-09-25,6.36,6.38,5.96,5.97,1685257.0,6.036,7536
CMM:TRADES:2Y,2024-09-26,6.0,6.01,5.89,5.97,1866757.0,5.963,6284
CMM:TRADES:2Y,2024-09-27,5.95,5.96,5.87,5.9,897503.0,5.9065,3116
CMM:TRADES:2Y,2024-09-30,5.85,5.87,5.72,5.75,1100515.0,5.759,4523
CMM:TRADES:2Y,2024-10-01,5.68,5.84,5.67,5.84,825329.0,5.79,4189
CMM:TRADES:2Y,2024-10-02,5.92,5.97,5.8,5.8,711069.0,5.852,3500
CMM:TRADES:2Y,2024-10-03,5.82,5.85,5.71,5.77,737316.0,5.7685,3199
CMM:TRADES:2Y,2024-10-04,5.74,5.79,5.63,5.75,678657.0,5.74,2845
CMM:TRADES:2Y,2024-10-07,5.74,5.77,5.64,5.74,488968.0,5.72,2174
CMM:TRADES:2Y,2024-10-08,5.63,5.865,5.61,5.84,1112608.0,5.8,5659
CMM:TRADES:2Y,2024-10-09,5.83,5.93,5.78,5.79,611948.0,5.828,3149
CMM:TRADES:2Y,2024-10-10,5.79,5.84,5.77,5.77,396334.0,5.788,2250
CMM:TRADES:2Y,2024-10-11,5.9,6.0,5.86,5.91,568173.0,5.9245,3034
CMM:TRADES:2Y,2024-10-14,6.1,6.1,5.95,6.05,670695.0,6.046,2464
CMM:TRADES:2Y,2024-10-15,6.09,6.2,6.06,6.15,551784.0,6.1475,3058
CMM:TRADES:2Y,2024-10-16,6.17,6.45,6.16,6.43,943758.0,6.3745,2863
CMM:TRADES:2Y,2024-10-17,6.45,6.46,6.255,6.42,1020736.0,6.3795,3770
CMM:TRADES:2Y,2024-10-18,6.44,6.45,6.32,6.38,729037.0,6.3685,3395
CMM:TRADES:2Y,2024-10-21,6.49,6.6,6.45,6.55,1150202.0,6.549,4342
CMM:TRADES:2Y,2024-10-22,6.5,6.575,6.475,6.53,493407.0,6.526,3529
CMM:TRADES:2Y,2024-10-23,6.53,6.605,6.46,6.6,612148.0,6.5665,3198
CMM:TRADES:2Y,2024-10-24,6.38,6.49,6.3,6.31,1163982.0,6.35,3589
CMM:TRADES:2Y,2024-10-25,6.34,6.515,6.29,6.38,784245.0,6.416,4100
CMM:TRADES:2Y,2024-10-28,6.29,6.35,6.22,6.26,605592.0,6.2755,3704
CMM:TRADES:2Y,2024-10-29,6.4,6.4,6.205,6.31,1327589.0,6.303,5309
CMM:TRADES:2Y,2024-11-01,6.16,6.5,6.0,6.5,2074204.0,6.3575,8251
CMM:TRADES:2Y,2024-11-04,6.52,6.52,6.33,6.45,1009097.0,6.435,5501
CMM:TRADES:2Y,2024-11-05,6.32,6.37,6.18,6.18,646729.0,6.237,3943
CMM:TRADES:2Y,2024-11-06,6.2,6.4,6.13,6.14,763223.0,6.158,4817
CMM:TRADES:2Y,2024-11-07,6.05,6.07,5.87,5.94,1858666.0,5.9545,5351
CMM:TRADES:2Y,2024-11-08,6.1,6.26,6.07,6.23,1237385.0,6.2145,7353
CMM:TRADES:2Y,2024-11-11,6.2,6.43,6.2,6.41,753285.0,6.3895,4639
CMM:TRADES:2Y,2024-11-12,6.22,6.34,6.08,6.14,1969913.0,6.144,7078
CMM:TRADES:2Y,2024-11-13,6.12,6.16,6.06,6.16,976296.0,6.1355,4407
CMM:TRADES:2Y,2024-11-14,6.08,6.19,5.95,5.95,1009907.0,6.0305,4259
CMM:TRADES:2Y,2024-11-15,6.24,6.31,6.095,6.25,1234151.0,6.2175,5279
CMM:TRADES:2Y,2024-11-18,6.22,6.35,6.18,6.26,561597.0,6.265,3576
CMM:TRADES:2Y,2024-11-19,6.38,6.49,6.33,6.43,752425.0,6.429,4218
CMM:TRADES:2Y,2024-11-20,6.5,6.55,6.4,6.44,754174.0,6.459,4438
CMM:TRADES:2Y,2024-11-21,6.49,6.55,6.45,6.54,578668.0,6.527,2684
CMM:TRADES:2Y,2024-11-22,6.54,6.64,6.52,6.52,782421.0,6.5585,3880
CMM:TRADES:2Y,2024-11-25,6.61,6.61,6.36,6.36,986111.0,6.3925,4293
CMM:TRADES:2Y,2024-11-26,6.2,6.3,6.175,6.23,631931.0,6.2385,3319
CMM:TRADES:2Y,2024-11-27,6.23,6.4,6.21,6.37,718719.0,6.333,4361
CMM:TRADES:2Y,2024-11-28,6.44,6.46,6.37,6.44,596017.0,6.4335,2351
CMM:TRADES:2Y,2024-11-29,6.43,6.55,6.37,6.49,636654.0,6.485,3693
CMM:TRADES:2Y,2024-12-02,6.59,6.6,6.345,6.41,789498.0,6.414,5320
CMM:TRADES:2Y,2024-12-03,6.5,6.5,6.38,6.42,756039.0,6.42,4900
CMM:TRADES:2Y,2024-12-04,6.43,6.55,6.41,6.46,415442.0,6.457,2961
CMM:TRADES:2Y,2024-12-05,6.6,6.98,6.55,6.98,1302514.0,6.8125,4824
CMM:TRADES:2Y,2024-12-06,6.78,6.9,6.76,6.86,680971.0,6.859,4066
CMM:TRADES:2Y,2024-12-09,6.81,7.045,6.79,7.02,1018634.0,6.981,4953
CMM:TRADES:2Y,2024-12-10,7.08,7.11,6.83,6.93,1187397.0,6.949,5925
CMM:TRADES:2Y,2024-12-11,6.99,6.99,6.84,6.95,1114631.0,6.929,5612
CMM:TRADES:2Y,2024-12-12,7.1,7.1,6.89,6.91,932530.0,6.9655,6313
CMM:TRADES:2Y,2024-12-13,6.77,7.015,6.77,6.99,649454.0,6.96,3072
CMM:TRADES:2Y,2024-12-16,6.79,6.87,6.68,6.72,981279.0,6.755,6141
CMM:TRADES:2Y,2024-12-17,6.74,6.87,6.7,6.87,793842.0,6.833,4652
CMM:TRADES:2Y,2024-12-18,6.72,6.84,6.51,6.79,1638949.0,6.7545,7010
CMM:TRADES:2Y,2024-12-19,6.52,6.71,6.52,6.66,963454.0,6.602,4491
CMM:TRADES:2Y,2024-12-20,6.66,6.67,6.39,6.39,2919033.0,6.407,3913
CMM:TRADES:2Y,2024-12-23,6.45,6.52,6.42,6.47,702591.0,6.472,4271
CMM:TRADES:2Y,2024-12-24,6.48,6.48,6.34,6.4,272670.0,6.4015,1881
CMM:TRADES:2Y,2024-12-27,6.53,6.53,6.4,6.45,462917.0,6.4445,3119
CMM:TRADES:2Y,2024-12-30,6.4,6.42,6.28,6.35,517049.0,6.3455,2921
CMM:TRADES:2Y,2024-12-31,6.25,6.315,6.17,6.28,349337.0,6.261,1761
CMM:TRADES:2Y,2025-01-02,6.32,6.34,6.21,6.28,347370.0,6.275,2658
CMM:TRADES:2Y,2025-01-03,6.33,6.525,6.33,6.47,699381.0,6.4465,4402
CMM:TRADES:2Y,2025-01-06,6.49,6.57,6.36,6.37,654578.0,6.4265,5375
CMM:TRADES:2Y,2025-01-07,6.5,6.56,6.42,6.51,703699.0,6.5175,5927
CMM:TRADES:2Y,2025-01-08,6.53,6.75,6.53,6.71,858749.0,6.6865,6874
CMM:TRADES:2Y,2025-01-09,6.71,6.78,6.61,6.7,331436.0,6.705,3471
CMM:TRADES:2Y,2025-01-10,6.71,6.79,6.69,6.75,388893.0,6.74,2338
CMM:TRADES:2Y,2025-01-13,6.74,6.83,6.71,6.75,555258.0,6.7575,3191
CMM:TRADES:2Y,2025-01-14,6.75,6.945,6.73,6.92,1173065.0,6.8915,4793
CMM:TRADES:2Y,2025-01-15,6.92,7.06,6.89,6.97,742797.0,6.989,3953
CMM:TRADES:2Y,2025-01-16,7.0,7.09,6.935,7.05,1047667.0,7.029,6022
CMM:TRADES:2Y,2025-01-17,7.1,7.17,7.06,7.17,825861.0,7.134,4598
CMM:TRADES:2Y,2025-01-20,7.15,7.25,7.09,7.16,679633.0,7.1515,3373
CMM:TRADES:2Y,2025-01-21,7.17,7.295,7.17,7.26,713837.0,7.2435,2845
CMM:TRADES:2Y,2025-01-22,7.36,7.5,7.33,7.5,1959330.0,7.4635,5055
CMM:TRADES:2Y,2025-01-23,7.41,7.605,7.41,7.6,1760751.0,7.562,7587
CMM:TRADES:2Y,2025-01-24,7.6,7.6,7.47,7.54,732760.0,7.521,4404
CMM:TRADES:2Y,2025-01-28,7.4,7.55,7.39,7.55,1076356.0,7.509,5649
CMM:TRADES:2Y,2025-01-29,7.55,7.635,7.51,7.58,905610.0,7.5895,4036
CMM:TRADES:2Y,2025-01-30,7.63,7.71,7.58,7.63,1089243.0,7.6405,3739
CMM:TRADES:2Y,2025-01-31,7.66,7.74,7.57,7.72,1015621.0,7.7025,4487
CMM:TRADES:2Y,2025-02-03,7.75,7.92,7.73,7.87,2019999.0,7.848,6416
CMM:TRADES:2Y,2025-02-04,7.89,7.96,7.78,7.91,1302590.0,7.8945,6374
CMM:TRADES:2Y,2025-02-05,7.97,8.05,7.91,7.98,1098820.0,7.992,5692
CMM:TRADES:2Y,2025-02-06,8.02,8.115,8.01,8.06,980497.0,8.0755,5842
CMM:TRADES:2Y,2025-02-07,8.06,8.09,7.89,7.96,839024.0,7.969,4251
CMM:TRADES:2Y,2025-02-10,7.92,8.08,7.92,7.96,526657.0,7.9825,3254
CMM:TRADES:2Y,2025-02-11,8.0,8.13,7.97,8.01,754323.0,8.0215,3805
CMM:TRADES:2Y,2025-02-12,7.96,8.025,7.84,7.95,1036123.0,7.955,5048
CMM:TRADES:2Y,2025-02-13,8.06,8.06,7.77,7.79,1183207.0,7.829,5841
CMM:TRADES:2Y,2025-02-14,7.88,7.98,7.83,7.95,1127926.0,7.9145,4831
CMM:TRADES:2Y,2025-02-17,7.72,7.96,7.7,7.91,962439.0,7.865,4256
CMM:TRADES:2Y,2025-02-18,7.96,7.97,7.81,7.82,738573.0,7.8475,3751
CMM:TRADES:2Y,2025-02-19,7.89,7.92,7.83,7.9,790566.0,7.887,4924
CMM:TRADES:2Y,2025-02-20,7.87,7.99,7.83,7.94,831315.0,7.936,4209
CMM:TRADES:2Y,2025-02-21,7.99,8.01,7.905,7.92,431957.0,7.945,3113
CMM:TRADES:2Y,2025-02-24,7.86,8.02,7.79,7.9,1127665.0,7.9045,4583
CMM:TRADES:2Y,2025-02-25,8.02,8.04,7.81,7.82,924361.0,7.87,4746
CMM:TRADES:2Y,2025-02-26,7.75,7.81,7.62,7.75,589520.0,7.7255,3278
CMM:TRADES:2Y,2025-02-27,7.72,7.925,7.72,7.88,1018208.0,7.8555,4340
CMM:TRADES:2Y,2025-02-28,7.73,7.81,7.58,7.58,2056572.0,7.5985,5776
CMM:TRADES:2Y,2025-03-03,7.61,7.77,7.58,7.66,876041.0,7.682,5770
CMM:TRADES:2Y,2025-03-04,7.66,7.8,7.61,7.76,722080.0,7.7215,4962
CMM:TRADES:2Y,2025-03-05,7.8,7.83,7.64,7.82,786275.0,7.7625,5642
CMM:TRADES:2Y,2025-03-06,7.91,8.05,7.65,8.01,1115806.0,7.9335,6355
CMM:TRADES:2Y,2025-03-07,7.79,7.88,7.47,7.55,2720835.0,7.611,12675
CMM:TRADES:2Y,2025-03-10,7.59,7.75,7.59,7.67,881808.0,7.673,4732
CMM:TRADES:2Y,2025-03-11,7.6,7.63,7.36,7.44,2229240.0,7.447,9900
CMM:TRADES:2Y,2025-03-12,7.66,7.66,7.35,7.44,1812987.0,7.4675,7268
CMM:TRADES:2Y,2025-03-13,7.74,7.95,7.575,7.84,1908880.0,7.824,10317
CMM:TRADES:2Y,2025-03-14,8.04,8.21,7.94,7.99,2051318.0,8.022,9442
CMM:TRADES:2Y,2025-03-17,7.9,8.22,7.895,8.22,1438088.0,8.1475,5962
CMM:TRADES:2Y,2025-03-18,8.3,8.4,8.23,8.37,1125910.0,8.3345,7132
CMM:TRADES:2Y,2025-03-19,7.98,8.24,7.93,8.02,3643049.0,8.02,13746
CMM:TRADES:2Y,2025-03-20,8.11,8.275,7.98,8.21,2500967.0,8.1565,9674
CMM:TRADES:2Y,2025-03-21,8.23,8.33,8.14,8.14,6107443.0,8.1575,8380
CMM:TRADES:2Y,2025-03-24,8.13,8.19,8.04,8.12,932766.0,8.121,4108
CMM:TRADES:2Y,2025-03-25,8.04,8.26,8.04,8.19,835400.0,8.181,6059
CMM:TRADES:2Y,2025-03-26,8.19,8.27,8.07,8.12,1020774.0,8.124,7099
CMM:TRADES:2Y,2025-03-27,8.1,8.165,7.97,7.99,968624.0,8.028,4495
CMM:TRADES:2Y,2025-03-28,8.03,8.155,7.99,8.15,2098657.0,8.1065,8751
CMM:TRADES:2Y,2025-03-31,8.11,8.12,7.97,8.08,1976571.0,8.053,8075
CMM:TRADES:2Y,2025-04-01,8.15,8.19,7.98,8.13,1631394.0,8.1155,7731
CMM:TRADES:2Y,2025-04-02,8.17,8.23,7.94,7.95,2195061.0,8.054,8831
CMM:TRADES:2Y,2025-04-03,7.92,8.11,7.8,8.05,1508231.0,8.0385,7360
CMM:TRADES:2Y,2025-04-04,8.22,8.65,8.15,8.47,3190480.0,8.449,10839
CMM:TRADES:2Y,2025-04-07,7.84,8.21,7.73,8.1,2204934.0,8.0275,11029
CMM:TRADES:2Y,2025-04-08,8.0,8.51,7.98,8.51,1408532.0,8.3485,6172
CMM:TRADES:2Y,2025-04-09,8.43,8.54,8.34,8.42,1202897.0,8.4435,7598
CMM:TRADES:2Y,2025-04-10,8.74,8.96,8.58,8.89,2021469.0,8.834,8862
CMM:TRADES:2Y,2025-04-11,9.0,9.35,8.94,9.18,2142873.0,9.2085,10635
CMM:TRADES:2Y,2025-04-14,9.26,9.45,9.21,9.39,1842702.0,9.348,9063
CMM:TRADES:2Y,2025-04-15,9.4,9.63,9.35,9.62,1680418.0,9.563,8821
CMM:TRADES:2Y,2025-04-16,9.64,10.03,9.63,9.97,1914208.0,9.904,13057
CMM:TRADES:2Y,2025-04-17,10.09,10.18,9.83,9.97,1350604.0,9.975,9009
CMM:TRADES:2Y,2025-04-22,10.0,10.19,10.0,10.17,1441472.0,10.1115,10043
CMM:TRADES:2Y,2025-04-23,9.51,9.65,8.94,9.01,2491214.0,9.1325,13256
CMM:TRADES:2Y,2025-04-24,9.1,9.3,9.06,9.15,1291549.0,9.159,8790
CMM:TRADES:2Y,2025-04-28,9.01,9.17,8.97,9.1,1524670.0,9.076,10761
CMM:TRADES:2Y,2025-04-29,9.16,9.38,9.07,9.31,968964.0,9.2855,6338
CMM:TRADES:2Y,2025-04-30,9.6,9.62,9.2,9.25,1280293.0,9.3035,7504
CMM:TRADES:2Y,2025-05-01,9.32,9.36,9.05,9.12,1375482.0,9.144,8051
CMM:TRADES:2Y,2025-05-02,9.1,9.22,8.95,9.22,978378.0,9.1465,7896
CMM:TRADES:2Y,2025-05-05,9.14,9.35,9.08,9.32,520680.0,9.281,5322
CMM:TRADES:2Y,2025-05-06,9.47,9.63,9.47,9.52,1165315.0,9.5285,8131
CMM:TRADES:2Y,2025-05-07,9.63,9.7,9.49,9.61,1311928.0,9.617,11132
CMM:TRADES:2Y,2025-05-08,9.71,9.79,9.55,9.73,1999673.0,9.678,12254
CMM:TRADES:2Y,2025-05-09,9.5,9.76,9.47,9.72,878193.0,9.6805,8103
CMM:TRADES:2Y,2025-05-12,9.77,9.84,9.36,9.42,934232.0,9.5015,10994
CMM:TRADES:2Y,2025-05-13,8.77,8.8,8.18,8.5,3353964.0,8.4485,18112
CMM:TRADES:2Y,2025-05-14,8.57,8.7,8.445,8.56,1206560.0,8.552,9756
CMM:TRADES:2Y,2025-05-15,8.5,8.5,8.31,8.39,1217718.0,8.407,7607
CMM:TRADES:2Y,2025-05-16,8.56,8.59,8.395,8.42,1647391.0,8.4705,7577
CMM:TRADES:2Y,2025-05-19,8.42,8.75,8.37,8.71,1103096.0,8.6435,7064
CMM:TRADES:2Y,2025-05-20,8.76,8.78,8.63,8.65,756383.0,8.688,5532
CMM:TRADES:2Y,2025-05-21,8.99,9.14,8.89,9.07,1258722.0,9.0535,7712
CMM:TRADES:2Y,2025-05-22,8.98,9.36,8.95,9.31,1227792.0,9.254,8076
CMM:TRADES:2Y,2025-05-23,9.2,9.27,9.13,9.26,584194.0,9.222,5251
CMM:TRADES:2Y,2025-05-26,9.28,9.4,9.21,9.34,582408.0,9.321,4678
CMM:TRADES:2Y,2025-05-27,9.34,9.46,9.3,9.38,633104.0,9.398,4592
CMM:TRADES:2Y,2025-05-28,9.38,9.42,9.27,9.31,830882.0,9.3205,6917
CMM:TRADES:2Y,2025-05-29,9.25,9.46,9.125,9.39,1020112.0,9.3605,6836
CMM:TRADES:2Y,2025-05-30,9.41,9.76,9.41,9.76,2889975.0,9.706,6066
CMM:TRADES:2Y,2025-06-02,9.74,9.74,9.57,9.71,1194482.0,9.6725,9959
CMM:TRADES:2Y,2025-06-03,10.25,10.355,9.81,9.9,1931851.0,9.969,12309
CMM:TRADES:2Y,2025-06-04,9.89,10.12,9.85,10.05,1113858.0,10.0265,6263
CMM:TRADES:2Y,2025-06-05,10.1,10.14,9.56,9.64,1436245.0,9.7385,10207
CMM:TRADES:2Y,2025-06-06,9.64,9.77,9.3,9.43,1965044.0,9.461,12440
CMM:TRADES:2Y,2025-06-10,8.96,9.18,8.87,9.18,2342679.0,9.0615,11211
CMM:TRADES:2Y,2025-06-11,8.98,9.165,8.95,9.12,817732.0,9.089,6049
CMM:TRADES:2Y,2025-06-12,9.19,9.65,9.17,9.55,1348281.0,9.5035,7228
CMM:TRADES:2Y,2025-06-13,9.72,10.25,9.61,10.22,1760066.0,10.101,9405
CMM:TRADES:2Y,2025-06-16,10.7,10.8,10.32,10.32,3565235.0,10.474,16546
CMM:TRADES:2Y,2025-06-17,10.24,10.42,10.175,10.34,1413825.0,10.318,9248
CMM:TRADES:2Y,2025-06-18,10.4,10.42,10.14,10.23,930733.0,10.263,8874
CMM:TRADES:2Y,2025-06-19,10.16,10.31,10.01,10.28,981022.0,10.194,5739
CMM:TRADES:2Y,2025-06-20,10.28,10.625,10.27,10.52,3621135.0,10.509,6959
CMM:TRADES:2Y,2025-06-23,10.52,10.565,10.195,10.2,1254623.0,10.2945,10251
CMM:TRADES:2Y,2025-06-24,10.34,10.52,10.08,10.39,1319291.0,10.405,7206
CMM:TRADES:2Y,2025-06-25,10.25,10.375,9.9,9.9,1439886.0,9.9875,12223
CMM:TRADES:2Y,2025-06-26,9.94,10.0,9.74,9.93,878325.0,9.888,8473
CMM:TRADES:2Y,2025-06-27,10.12,10.17,9.66,9.71,1259243.0,9.784,10356
CMM:TRADES:2Y,2025-06-30,9.63,9.67,9.4,9.55,2149045.0,9.5145,10682
CMM:TRADES:2Y,2025-07-01,9.65,9.78,9.44,9.52,1720688.0,9.561,8946
CMM:TRADES:2Y,2025-07-02,9.52,9.71,9.38,9.52,1509318.0,9.496,11228
CMM:TRADES:2Y,2025-07-03,9.53,9.57,9.32,9.44,676393.0,9.4465,6259
CMM:TRADES:2Y,2025-07-04,9.66,9.855,9.39,9.39,690789.0,9.4625,5988
CMM:TRADES:2Y,2025-07-07,9.47,9.66,9.23,9.28,1421953.0,9.402,9778
CMM:TRADES:2Y,2025-07-08,9.54,9.74,9.27,9.65,1029722.0,9.658,6480
CMM:TRADES:2Y,2025-07-09,9.17,9.3,9.07,9.26,1402349.0,9.233,12948
CMM:TRADES:2Y,2025-07-10,9.38,9.53,9.34,9.45,831393.0,9.457,7630
CMM:TRADES:2Y,2025-07-11,9.45,9.63,9.18,9.23,568338.0,9.265,5553
CMM:TRADES:2Y,2025-07-14,9.3,9.41,9.21,9.35,1130489.0,9.3195,6796
CMM:TRADES:2Y,2025-07-15,9.39,9.52,9.23,9.52,724748.0,9.448,5567
CMM:TRADES:2Y,2025-07-16,9.39,9.45,9.25,9.4,1160653.0,9.372,8137
CMM:TRADES:2Y,2025-07-17,9.49,9.49,9.31,9.39,774228.0,9.39,8418
CMM:TRADES:2Y,2025-07-18,9.46,9.54,9.355,9.4,1097513.0,9.4085,10473
CMM:TRADES:2Y,2025-07-21,9.38,9.39,9.13,9.19,651273.0,9.1985,6164
CMM:TRADES:2Y,2025-07-22,9.46,9.75,9.46,9.61,794225.0,9.6315,6389
CMM:TRADES:2Y,2025-07-23,9.65,9.75,9.58,9.6,1283148.0,9.6505,9124
CMM:TRADES:2Y,2025-07-24,9.35,9.62,9.06,9.27,2285830.0,9.3075,11445
CMM:TRADES:2Y,2025-07-25,9.28,9.28,8.895,8.98,1102401.0,9.0255,7411
CMM:TRADES:2Y,2025-07-28,9.04,9.21,8.88,9.06,1177173.0,9.0425,8716
CMM:TRADES:2Y,2025-07-29,9.05,9.2,8.93,9.1,1349902.0,9.085,9415
CMM:TRADES:2Y,2025-07-30,9.15,9.33,9.01,9.13,1088596.0,9.178,7386
CMM:TRADES:2Y,2025-07-31,9.04,9.04,8.83,8.97,1436490.0,8.9425,7637
CMM:TRADES:2Y,2025-08-01,8.94,8.94,8.78,8.82,1038342.0,8.858,8180
CMM:TRADES:2Y,2025-08-04,8.98,9.065,8.76,9.05,1667006.0,9.0,8660
CMM:TRADES:2Y,2025-08-05,9.24,9.29,8.97,9.28,1868061.0,9.183,9798
CMM:TRADES:2Y,2025-08-06,9.48,9.84,9.35,9.77,2351702.0,9.665,11785
CMM:TRADES:2Y,2025-08-07,9.84,9.96,9.77,9.79,1318830.0,9.8375,10414
CMM:TRADES:2Y,2025-08-08,9.87,9.95,9.76,9.92,920660.0,9.8925,5368
CMM:TRADES:2Y,2025-08-11,9.92,10.03,9.8,9.83,1272416.0,9.894,10494
CMM:TRADES:2Y,2025-08-12,9.77,9.88,9.67,9.79,700222.0,9.787,5060
CMM:TRADES:2Y,2025-08-13,9.51,9.63,9.365,9.63,1524527.0,9.5535,8829
CMM:TRADES:2Y,2025-08-14,9.61,9.9,9.59,9.7,1374855.0,9.7525,11518
CMM:TRADES:2Y,2025-08-15,9.68,9.89,9.67,9.88,972657.0,9.821,6506
CMM:TRADES:2Y,2025-08-18,9.88,9.94,9.58,9.72,712000.0,9.7105,6158
CMM:TRADES:2Y,2025-08-19,9.72,9.72,9.59,9.68,561072.0,9.659,4748
CMM:TRADES:2Y,2025-08-20,9.52,9.69,9.36,9.69,1005297.0,9.579,7683
CMM:TRADES:2Y,2025-08-21,9.81,9.86,9.63,9.8,1192374.0,9.7605,8434
CMM:TRADES:2Y,2025-08-22,9.91,9.99,9.68,9.69,1060672.0,9.7425,8699
CMM:TRADES:2Y,2025-08-25,9.97,10.1,9.825,10.06,1331762.0,10.022,9839
CMM:TRADES:2Y,2025-08-26,9.98,10.19,9.95,10.18,1480563.0,10.1385,7077
CMM:TRADES:2Y,2025-08-27,10.38,10.56,10.38,10.56,1699444.0,10.4895,11510
CMM:TRADES:2Y,2025-08-28,10.56,10.62,10.44,10.49,1630034.0,10.505,11187
CMM:TRADES:2Y,2025-08-29,10.45,10.49,9.97,10.23,2350516.0,10.1695,11080
CMM:TRADES:2Y,2025-09-01,10.58,11.43,10.38,11.43,2454849.0,11.1405,14896
CMM:TRADES:2Y,2025-09-02,11.4,11.58,11.195,11.4,2249307.0,11.427,13536
CMM:TRADES:2Y,2025-09-03,11.67,11.71,11.29,11.29,2202088.0,11.4155,12212
CMM:TRADES:2Y,2025-09-04,11.35,11.46,11.04,11.1,1927356.0,11.207,15330
CMM:TRADES:2Y,2025-09-05,11.04,11.25,11.01,11.25,1410210.0,11.174,10641
CMM:TRADES:2Y,2025-09-08,11.55,11.555,11.26,11.36,1708381.0,11.399,10697
CMM:TRADES:2Y,2025-09-09,11.46,11.54,11.26,11.32,1130833.0,11.3585,8216
CMM:TRADES:2Y,2025-09-10,11.2,11.395,11.14,11.34,1153608.0,11.33,10006
CMM:TRADES:2Y,2025-09-11,11.5,11.91,11.41,11.86,1686083.0,11.761,9544
CMM:TRADES:2Y,2025-09-12,12.04,12.32,12.02,12.32,1931239.0,12.237,11320
CMM:TRADES:2Y,2025-09-15,12.2,12.2,11.58,11.79,1825859.0,11.8,10168
CMM:TRADES:2Y,2025-09-16,12.1,12.3,11.82,11.98,1329349.0,11.984,12275
CMM:TRADES:2Y,2025-09-17,11.78,11.865,11.46,11.7,1432856.0,11.668,10872
CMM:TRADES:2Y,2025-09-18,11.73,11.98,11.64,11.81,2293104.0,11.8155,13677
CMM:TRADES:2Y,2025-09-19,11.79,11.92,11.52,11.55,8504359.0,11.573,12995
CMM:TRADES:2Y,2025-09-22,12.13,12.35,11.95,12.31,1684779.0,12.239,11470
CMM:TRADES:2Y,2025-09-23,12.4,12.705,12.33,12.45,2542827.0,12.48,15109
CMM:TRADES:2Y,2025-09-24,12.11,12.4,12.11,12.34,1890095.0,12.318,12545
CMM:TRADES:2Y,2025-09-25,12.08,12.5,12.08,12.3,1606430.0,12.332,15210
CMM:TRADES:2Y,2025-09-26,12.32,12.51,12.21,12.51,1514245.0,12.402,9123
CMM:TRADES:2Y,2025-09-29,12.74,12.86,12.55,12.86,1466668.0,12.7735,9043
CMM:TRADES:2Y,2025-09-30,13.27,13.47,13.14,13.23,3648120.0,13.2985,17089
CMM:TRADES:2Y,2025-10-01,12.91,13.395,12.86,13.36,2610654.0,13.2735,12462
CMM:TRADES:2Y,2025-10-02,13.34,13.745,13.33,13.54,2286329.0,13.5405,9458
CMM:TRADES:2Y,2025-10-03,13.3,13.71,13.3,13.48,2904567.0,13.4905,12094
CMM:TRADES:2Y,2025-10-06,13.6,13.825,13.5,13.7,1739515.0,13.6885,9693
CMM:TRADES:2Y,2025-10-07,13.6,13.6,12.98,13.6,2272348.0,13.398,10236
CMM:TRADES:2Y,2025-10-08,13.5,13.87,13.38,13.78,2541695.0,13.6445,13427
CMM:TRADES:2Y,2025-10-09,13.84,14.04,13.7,13.9,1919656.0,13.908,9218
CMM:TRADES:2Y,2025-10-10,13.01,13.49,12.99,13.19,2381173.0,13.2405,11217
CMM:TRADES:2Y,2025-10-13,13.66,13.75,13.36,13.56,1355198.0,13.573,8896
CMM:TRADES:2Y,2025-10-14,13.72,14.24,13.67,14.11,2046070.0,14.0755,11783
CMM:TRADES:2Y,2025-10-15,14.05,14.27,13.92,14.1,1841036.0,14.11,14006
CMM:TRADES:2Y,2025-10-16,14.31,14.46,14.15,14.24,1432877.0,14.268,10884
CMM:TRADES:2Y,2025-10-17,14.69,14.77,14.28,14.57,2358030.0,14.488,15264
CMM:TRADES:2Y,2025-10-20,14.0,14.16,13.72,14.08,1853514.0,13.9935,11353
CMM:TRADES:2Y,2025-10-21,14.51,14.64,14.17,14.36,1560813.0,14.398,11385
CMM:TRADES:2Y,2025-10-22,13.3,13.37,12.48,12.95,1894703.0,12.878,13692
CMM:TRADES:2Y,2025-10-23,12.9,13.1,12.8,13.01,3000998.0,12.987,13459
CMM:TRADES:2Y,2025-10-24,12.89,13.01,12.82,12.85,1231152.0,12.902,10541
CMM:TRADES:2Y,2025-10-27,12.96,13.01,12.73,12.94,1288388.0,12.9045,12041
CMM:TRADES:2Y,2025-10-28,12.36,12.4,11.935,12.1,2732250.0,12.136,16751
CMM:TRADES:2Y,2025-10-29,12.13,12.43,11.9,12.32,2430289.0,12.267,16650
CMM:TRADES:2Y,2025-10-30,12.56,12.62,12.27,12.42,1252302.0,12.4135,12370
CMM:TRADES:2Y,2025-10-31,12.82,13.03,12.74,12.85,1599306.0,12.87,15431
CMM:TRADES:2Y,2025-11-03,12.79,13.01,12.775,12.93,1236522.0,12.932,10083
CMM:TRADES:2Y,2025-11-04,12.87,13.39,12.815,13.0,1697910.0,13.117,13750
CMM:TRADES:2Y,2025-11-05,12.66,12.85,12.47,12.82,1877803.0,12.7205,19233
CMM:TRADES:2Y,2025-11-06,13.08,13.24,12.92,13.24,1111623.0,13.172,10182
CMM:TRADES:2Y,2025-11-07,12.96,13.34,12.8,13.11,1615697.0,13.125,14333
CMM:TRADES:2Y,2025-11-10,13.45,13.81,13.11,13.69,1296071.0,13.622,15641
CMM:TRADES:2Y,2025-11-11,14.11,14.415,14.09,14.24,984645.0,14.236,10950
CMM:TRADES:2Y,2025-11-12,14.06,14.3,14.02,14.2,1361166.0,14.1855,11731
CMM:TRADES:2Y,2025-11-13,14.41,14.6,14.24,14.59,1539078.0,14.505,12384
CMM:TRADES:2Y,2025-11-14,13.81,14.22,13.63,14.13,3764730.0,14.0845,16753
CMM:TRADES:2Y,2025-11-17,14.19,14.37,13.88,14.24,1185663.0,14.2245,9707
CMM:TRADES:2Y,2025-11-18,14.2,14.25,13.33,13.44,1499258.0,13.6025,11823
CMM:TRADES:2Y,2025-11-19,13.7,13.97,13.61,13.76,1425627.0,13.7395,10385
CMM:TRADES:2Y,2025-11-20,13.9,14.17,13.85,14.17,936345.0,14.08,7436
CMM:TRADES:2Y,2025-11-21,13.3,13.73,13.27,13.4,1104454.0,13.4505,8847
CMM:TRADES:2Y,2025-11-24,13.8,13.98,13.59,13.64,1275509.0,13.684,8110
CMM:TRADES:2Y,2025-11-25,14.19,14.24,13.9,14.09,1567831.0,14.079,12325
CMM:TRADES:2Y,2025-11-26,14.04,14.36,13.89,14.26,1742973.0,14.173,12026
CMM:TRADES:2Y,2025-11-27,14.64,14.7,14.31,14.53,1250896.0,14.494,11823
CMM:TRADES:2Y,2025-11-28,14.49,14.745,14.33,14.65,989378.0,14.635,7821
CMM:TRADES:2Y,2025-12-01,15.05,15.16,14.36,14.36,1636613.0,14.5315,14681
CMM:TRADES:2Y,2025-12-02,14.43,14.57,13.99,14.1,2006026.0,14.163,14264
CMM:TRADES:2Y,2025-12-03,14.27,14.27,13.97,14.19,2131917.0,14.1595,16038
CMM:TRADES:2Y,2025-12-04,13.9,14.2,13.78,13.95,1899914.0,14.011,17780
CMM:TRADES:2Y,2025-12-05,14.32,14.32,13.71,13.88,1438135.0,13.8805,12621
CMM:TRADES:2Y,2025-12-08,13.67,13.7,13.26,13.27,1980015.0,13.375,13881
CMM:TRADES:2Y,2025-12-09,12.92,13.07,12.76,12.84,2395696.0,12.9185,15684
CMM:TRADES:2Y,2025-12-10,13.37,13.5,13.05,13.41,2028568.0,13.3395,18168
CMM:TRADES:2Y,2025-12-11,13.66,13.81,13.41,13.73,2375946.0,13.685,18064
CMM:TRADES:2Y,2025-12-12,14.15,14.3,13.96,14.15,1692372.0,14.1605,14829
CMM:TRADES:2Y,2025-12-15,14.04,14.1,13.675,13.82,1346833.0,13.8295,12702
CMM:TRADES:2Y,2025-12-16,13.62,14.0,13.53,13.8,2488798.0,13.7855,15944
CMM:TRADES:2Y,2025-12-17,13.81,14.42,13.75,14.3,1812235.0,14.2195,13356
CMM:TRADES:2Y,2025-12-18,14.14,14.27,13.96,14.16,2353285.0,14.1125,14812
CMM:TRADES:2Y,2025-12-19,14.31,14.36,13.6,14.3,11714810.0,14.265,16459
CMM:TRADES:2Y,2025-12-22,14.52,14.78,14.39,14.78,2392265.0,14.6515,17027
CMM:TRADES:2Y,2025-12-23,14.78,14.8,14.33,14.52,2305480.0,14.5005,13052
CMM:TRADES:2Y,2025-12-24,14.52,14.77,14.47,14.68,1246795.0,14.6455,8736
CMM:TRADES:2Y,2025-12-29,14.83,14.85,14.145,14.42,983627.0,14.4425,10186
CMM:TRADES:2Y,2025-12-30,13.9,14.415,13.74,14.31,1352622.0,14.241,14376
CMM:TRADES:2Y,2025-12-31,14.31,14.44,14.22,14.38,766634.0,14.358,6026
CMM:TRADES:2Y,2026-01-02,14.0,14.47,14.0,14.44,787202.0,14.337,6278
CMM:TRADES:2Y,2026-01-05,14.4,14.56,14.2,14.56,1159619.0,14.4545,10315
CMM:TRADES:2Y,2026-01-06,14.63,14.78,14.46,14.57,1226807.0,14.5715,12787
CMM:TRADES:2Y,2026-01-07,14.87,15.055,14.68,14.84,1578385.0,14.8795,11472
CMM:TRADES:2Y,2026-01-08,14.8,14.87,13.98,13.98,1833469.0,14.1645,17144
CMM:TRADES:2Y,2026-01-09,14.43,14.43,13.82,13.82,1242738.0,13.933,13471
CMM:TRADES:2Y,2026-01-12,14.0,14.255,13.85,14.04,1480296.0,14.058,12616
CMM:TRADES:2Y,2026-01-13,14.11,14.54,14.02,14.45,1989100.0,14.414,22890
CMM:TRADES:2Y,2026-01-14,14.65,14.94,14.235,14.81,1683161.0,14.752,15776
CMM:TRADES:2Y,2026-01-15,14.65,15.12,14.52,14.62,1513714.0,14.761,14104
CMM:TRADES:2Y,2026-01-16,14.72,14.85,14.54,14.76,1041125.0,14.688,11281
CMM:TRADES:2Y,2026-01-19,14.93,15.43,14.88,15.37,1169580.0,15.273,12595
CMM:TRADES:2Y,2026-01-20,15.37,15.52,15.13,15.39,1216726.0,15.3475,11909
CMM:TRADES:2Y,2026-01-21,15.75,16.09,15.67,15.71,1785391.0,15.7755,17689
CMM:TRADES:2Y,2026-01-22,15.5,15.5,14.67,14.87,1901242.0,14.867,18125
CMM:TRADES:2Y,2026-01-23,15.61,15.62,15.195,15.36,1501433.0,15.394,16381
CMM:TRADES:2Y,2026-01-27,15.6,15.75,15.41,15.69,1705675.0,15.631,21140
CMM:TRADES:2Y,2026-01-28,15.8,16.09,15.575,15.97,1947799.0,15.853,18764
CMM:TRADES:2Y,2026-01-29,16.19,16.48,15.8,16.05,1624797.0,16.0675,18059
CMM:TRADES:2Y,2026-01-30,15.7,15.84,14.56,14.79,1745953.0,15.04,20385
CMM:TRADES:2Y,2026-02-02,13.55,13.83,13.21,13.65,2592778.0,13.619,24644
CMM:TRADES:2Y,2026-02-03,13.61,14.1,13.61,13.73,2159345.0,13.824,20623
CMM:TRADES:2Y,2026-02-04,14.18,14.2,13.78,14.16,1631082.0,14.07,15107
CMM:TRADES:2Y,2026-02-05,13.9,14.09,13.22,13.37,2426741.0,13.5355,25020
CMM:TRADES:2Y,2026-02-06,13.36,13.4,12.86,12.96,1882768.0,13.0565,14289
CMM:TRADES:2Y,2026-02-09,13.63,13.655,13.29,13.58,1645674.0,13.498,13483
CMM:TRADES:2Y,2026-02-10,13.83,13.9,13.38,13.55,1180379.0,13.552,12434
CMM:TRADES:2Y,2026-02-11,13.6,14.11,13.51,14.11,1001692.0,13.92,10307
CMM:TRADES:2Y,2026-02-12,14.18,14.29,13.955,14.06,1148550.0,14.0805,12681
CMM:TRADES:2Y,2026-02-13,13.02,13.37,12.86,13.25,1796751.0,13.215,16231
CMM:TRADES:2Y,2026-02-16,13.91,13.91,13.3,13.44,985795.0,13.4675,12284
CMM:TRADES:2Y,2026-02-17,13.32,13.58,13.18,13.46,813494.0,13.396,8626
CMM:TRADES:2Y,2026-02-18,13.3,13.44,13.08,13.41,932897.0,13.3585,8973
CMM:TRADES:2Y,2026-02-19,13.74,13.765,13.48,13.59,1020925.0,13.618,8568
CMM:TRADES:2Y,2026-02-20,13.38,13.48,13.145,13.3,1514956.0,13.2925,13432
CMM:TRADES:2Y,2026-02-23,13.41,14.09,13.4,14.0,874331.0,13.84,7987
CMM:TRADES:2Y,2026-02-24,14.35,14.57,13.7,13.78,1464051.0,13.9215,14488
CMM:TRADES:2Y,2026-02-25,13.8,14.035,13.58,13.8,1096883.0,13.849,11931
CMM:TRADES:2Y,2026-02-26,14.21,14.41,13.83,14.0,1107502.0,14.016,9773
CMM:TRADES:2Y,2026-02-27,14.45,15.25,14.35,14.72,2276574.0,14.788,14428
CMM:TRADES:2Y,2026-03-02,15.5,15.98,15.335,15.53,1173159.0,15.528,13197
CMM:TRADES:2Y,2026-03-03,15.35,15.53,15.18,15.24,1054177.0,15.292,12148
CMM:TRADES:2Y,2026-03-04,13.6,14.77,13.6,14.69,1872616.0,14.4195,17873
CMM:TRADES:2Y,2026-03-05,14.3,14.62,14.02,14.24,1582593.0,14.206,13338
CMM:TRADES:2Y,2026-03-06,13.81,13.84,13.33,13.39,1170751.0,13.4605,13779
CMM:TRADES:2Y,2026-03-09,13.13,13.15,12.48,12.86,1391761.0,12.7995,14756
CMM:TRADES:2Y,2026-03-10,13.18,13.24,12.84,13.2,2476245.0,13.1055,18311
CMM:TRADES:2Y,2026-03-11,13.29,13.47,12.92,13.07,1933914.0,13.1,17413
CMM:TRADES:2Y,2026-03-12,12.68,12.89,12.22,12.42,2396130.0,12.442,15649
CMM:TRADES:2Y,2026-03-13,12.25,12.25,11.85,11.9,2100539.0,12.0035,16142
CMM:TRADES:2Y,2026-03-16,11.65,11.74,11.23,11.41,2572620.0,11.415,20332
CMM:TRADES:2Y,2026-03-17,11.73,11.75,11.47,11.73,2273728.0,11.6625,15672
CMM:TRADES:2Y,2026-03-18,11.48,11.64,11.38,11.56,1832978.0,11.529,14508
CMM:TRADES:2Y,2026-03-19,10.76,10.94,10.455,10.48,3313582.0,10.5825,21641
CMM:TRADES:2Y,2026-03-20,10.18,10.61,10.06,10.27,9730455.0,10.2915,16578
CMM:TRADES:2Y,2026-03-23,9.58,10.06,9.41,9.41,3768867.0,9.559,22364
CMM:TRADES:2Y,2026-03-24,10.2,10.2,9.56,9.73,2353726.0,9.7925,13956
CMM:TRADES:2Y,2026-03-25,10.2,10.75,10.2,10.75,2450925.0,10.6545,14979
CMM:TRADES:2Y,2026-03-26,10.5,10.63,10.43,10.56,1771482.0,10.533,10339
CMM:TRADES:2Y,2026-03-27,10.33,10.415,10.04,10.22,1911232.0,10.255,10133
CMM:TRADES:2Y,2026-03-30,10.41,10.59,10.17,10.45,1661667.0,10.407,12027
CMM:TRADES:2Y,2026-03-31,10.45,11.01,10.32,11.0,2133379.0,10.8555,10840
CMM:TRADES:2Y,2026-04-01,11.44,11.7,11.39,11.7,2538480.0,11.625,15289
CMM:TRADES:2Y,2026-04-02,12.07,12.31,10.91,10.94,2682113.0,11.267,21129
CMM:TRADES:2Y,2026-04-07,11.43,11.7,10.98,11.21,1413933.0,11.196,10553
CMM:TRADES:2Y,2026-04-08,12.3,12.59,11.99,12.25,1847413.0,12.246,11927
CMM:TRADES:2Y,2026-04-09,11.58,12.3,11.57,12.21,1586706.0,12.0735,12305
CMM:TRADES:2Y,2026-04-10,12.1,12.35,11.885,12.23,1206991.0,12.188,6658
CMM:TRADES:2Y,2026-04-13,11.64,11.96,11.63,11.86,1349377.0,11.843,10220
CMM:TRADES:2Y,2026-04-14,11.92,12.05,11.79,11.85,1053445.0,11.9135,8577
CMM:TRADES:2Y,2026-04-15,12.24,12.26,12.01,12.12,1311392.0,12.104,14163
CMM:TRADES:2Y,2026-04-16,11.9,12.03,11.71,11.83,1393542.0,11.839,11479
CMM:TRADES:2Y,2026-04-17,11.74,11.87,11.47,11.61,1254153.0,11.614,7799
CMM:TRADES:2Y,2026-04-20,11.8,12.12,11.63,11.8,972125.0,11.86,8567
CMM:TRADES:2Y,2026-04-21,11.47,12.17,11.41,11.89,1834840.0,11.9485,10436
CMM:TRADES:2Y,2026-04-22,11.58,11.95,11.53,11.91,1436992.0,11.846,8309
CMM:TRADES:2Y,2026-04-23,11.95,12.1,11.7,11.89,1041939.0,11.8775,8423
CMM:TRADES:2Y,2026-04-24,11.65,11.71,11.44,11.45,1403469.0,11.4995,9027
CMM:TRADES:2Y,2026-04-27,11.4,11.56,11.32,11.45,680066.0,11.4395,8419
CMM:TRADES:2Y,2026-04-28,11.42,11.595,11.15,11.49,1823937.0,11.4585,15266
CMM:TRADES:2Y,2026-04-29,11.31,11.84,11.29,11.8,1358727.0,11.733,10551
CMM:TRADES:2Y,2026-04-30,11.3,11.58,11.23,11.33,1922267.0,11.3785,15431
CMM:TRADES:2Y,2026-05-01,11.88,12.0,11.43,11.77,1351587.0,11.735,11370
CMM:TRADES:2Y,2026-05-04,11.77,11.96,11.72,11.9,1475288.0,11.8655,9281
CMM:TRADES:2Y,2026-05-05,11.66,13.33,11.65,13.01,4314920.0,12.827,29369
CMM:TRADES:2Y,2026-05-06,12.9,13.19,12.73,13.06,2658292.0,12.986,19343
CMM:TRADES:2Y,2026-05-07,13.79,13.92,13.4,13.57,1928865.0,13.585,17838
CMM:TRADES:2Y,2026-05-08,13.28,13.725,13.28,13.63,1674843.0,13.615,13965
CMM:TRADES:2Y,2026-05-11,13.43,13.8,13.31,13.41,1347535.0,13.4805,12807
CMM:TRADES:2Y,2026-05-12,13.8,14.165,13.66,13.98,1741035.0,13.982,18710
CMM:TRADES:2Y,2026-05-13,13.96,14.305,13.9,14.16,1450022.0,14.1635,13379
CMM:TRADES:2Y,2026-05-14,14.1,14.23,13.91,13.95,1746666.0,13.996,12314
CMM:TRADES:2Y,2026-05-15,13.84,14.08,13.45,13.56,1097961.0,13.6355,13955
CMM:TRADES:2Y,2026-05-18,13.25,13.4,12.81,13.05,1353717.0,13.044,16778
CMM:TRADES:2Y,2026-05-19,13.14,13.19,12.57,12.83,1769112.0,12.818,14100
CMM:TRADES:2Y,2026-05-20,12.7,12.77,12.29,12.31,1441147.0,12.3985,14797
CMM:TRADES:2Y,2026-05-21,12.64,13.06,12.51,12.82,1889270.0,12.8145,14589
CMM:TRADES:2Y,2026-05-22,12.98,13.3,12.92,13.27,1727334.0,13.2335,15012
CMM:TRADES:2Y,2026-05-25,13.54,14.23,13.51,14.06,1481964.0,14.0285,16201
CMM:TRADES:2Y,2026-05-26,14.0,14.24,13.955,14.16,2426137.0,14.1175,14368
CMM:TRADES:2Y,2026-05-27,14.22,14.62,14.03,14.62,2951831.0,14.45,17954
CMM:TRADES:2Y,2026-05-28,14.18,14.47,13.43,13.43,3141970.0,13.726,17771
CMM:TRADES:2Y,2026-05-29,14.01,14.25,13.92,14.11,2450241.0,14.1155,11924
CMM:TRADES:2Y,2026-06-01,14.17,14.41,14.025,14.29,826719.0,14.2405,11525
CMM:TRADES:2Y,2026-06-02,14.1,14.29,13.67,14.19,2434598.0,14.033,18139
CMM:TRADES:2Y,2026-06-03,13.95,14.15,13.79,13.8,1251674.0,13.8635,12167
CMM:TRADES:2Y,2026-06-04,13.29,13.52,13.27,13.35,1648002.0,13.3815,12443
CMM:TRADES:2Y,2026-06-05,13.23,13.34,12.71,12.76,1887599.0,12.9205,14150
CMM:TRADES:2Y,2026-06-09,12.1,12.22,11.74,12.22,1998773.0,12.0935,20918
CMM:TRADES:2Y,2026-06-10,11.8,12.01,11.36,11.5,2003036.0,11.6195,17758
CMM:TRADES:2Y,2026-06-11,11.05,11.325,10.75,11.22,1352997.0,11.113,15571
CMM:TRADES:2Y,2026-06-12,11.88,11.99,11.58,11.95,1559053.0,11.7505,16787
CMM:TRADES:2Y,2026-06-15,12.62,13.51,12.59,13.42,1925342.0,13.219,18643
CMM:TRADES:2Y,2026-06-16,13.27,13.5,13.14,13.32,892771.0,13.3225,14275
CMM:TRADES:2Y,2026-06-17,13.8,13.8,13.56,13.62,792975.0,13.66,12429
CMM:TRADES:2Y,2026-06-18,13.43,13.81,13.26,13.715,1168927.0,13.6135,14399
CMM:TRADES:2Y,2026-06-19,13.16,13.53,13.16,13.365,1105018.0,13.3515,12141
CMM:TRADES:2Y,2026-06-22,13.47,13.815,13.33,13.71,880896.0,13.6535,8048
CMM:TRADES:2Y,2026-06-23,13.6,13.76,13.29,13.32,1236347.0,13.5195,17362
CMM:TRADES:2Y,2026-06-24,13.22,13.23,12.58,12.59,1826720.0,12.759,18932
CMM:TRADES:2Y,2026-06-25,12.49,12.55,11.9,12.08,1665497.0,12.1005,14198
CMM:TRADES:2Y,2026-06-26,12.36,12.46,12.03,12.22,738677.0,12.2495,10984
CMM:TRADES:2Y,2026-06-29,12.7,13.09,12.43,12.53,1118594.0,12.6235,13058
CMM:TRADES:2Y,2026-06-30,12.34,13.28,12.34,12.81,2092582.0,12.861,22873
CMM:TRADES:2Y,2026-07-01,12.84,12.86,12.25,12.51,1220961.0,12.4985,14760
CMM:TRADES:2Y,2026-07-02,12.38,12.84,12.34,12.78,942480.0,12.6385,13823
CMM:TRADES:2Y,2026-07-03,13.3,14.15,13.15,13.99,1771798.0,13.826,16094
CMM:TRADES:2Y,2026-07-06,14.12,14.54,14.01,14.24,1358100.0,14.3285,14809
CMM:TRADES:2Y,2026-07-07,14.19,14.26,13.49,13.72,967447.0,13.7145,15491
CMM:TRADES:2Y,2026-07-08,13.4,13.42,13.055,13.13,1180285.0,13.2,14978
CMM:TRADES:2Y,2026-07-09,12.86,13.16,12.8,13.05,663183.0,12.9805,10801
CMM:TRADES:2Y,2026-07-10,13.4,13.44,13.16,13.34,526483.0,13.2905,10685
CMM:TRADES:2Y,2026-07-13,13.18,13.29,12.7,12.88,812308.0,12.8535,12088
CMM:TRADES:2Y,2026-07-14,12.65,12.78,12.23,12.72,1196958.0,12.5245,15732
CMM:TRADES:2Y,2026-07-15,13.0,13.13,12.75,12.77,741007.0,12.9215,11726
CMM:TRADES:2Y,2026-07-16,12.68,12.79,12.48,12.51,476178.0,12.5645,10326
CMM:TRADES:2Y,2026-07-17,12.2,12.28,11.8,11.84,627050.0,11.914,9437
CMM:TRADES:2Y,2026-07-20,11.83,11.87,11.48,11.71,855872.0,11.687,11992
CMM:TRADES:2Y,2026-07-21,11.88,12.06,11.55,12.04,967396.0,11.8505,10892
CMM:TRADES:2Y,2026-07-22,12.41,12.68,12.29,12.64,689288.0,12.525,8760
CMM:TRADES:2Y,2026-07-23,12.75,13.06,12.5,12.61,1008157.0,12.675,12874
CMM:TRADES:2Y,2026-07-24,12.5,12.56,11.71,11.96,953161.0,12.015,13663
CMM:TRADES:2Y,2026-07-27,13.23,13.75,13.18,13.62,2309064.0,13.5215,23731
CMM:TRADES:2Y,2026-07-28,13.7,14.03,13.3,13.53,1736038.0,13.5165,24688
CMM:TRADES:2Y,2026-07-29,13.46,13.55,13.26,13.45,1070923.0,13.4215,15765
CMM:TRADES:2Y,2026-07-30,13.6,13.69,12.83,12.84,1456773.0,13.102,13196
CMM:TRADES:2Y,2026-07-31,13.35,13.43,12.765,12.82,1944696.0,12.983,16020
CMM:TRADES:2Y,2026-08-03,12.61,12.875,12.58,12.74,808816.0,12.7645,11762
CMM:TRADES:2Y,2026-08-04,12.9,13.17,12.68,13.01,899596.0,13.0105,15198
CMM:TRADES:2Y,2026-08-05,13.25,14.15,13.13,14.12,1330559.0,13.7015,18994
CMM:TRADES:2Y,2026-08-06,14.6,14.98,14.52,14.75,2228778.0,14.7805,22868
CMM:TRADES:2Y,2026-08-07,14.77,15.65,14.74,15.65,1528986.0,15.285,16277
CMM:TRADES:2Y,2026-08-10,16.01,16.28,15.89,16.1,1819562.0,16.0685,23250
CMM:TRADES:2Y,2026-08-11,16.08,16.55,16.04,16.2,1281732.0,16.3925,16724
CMM:TRADES:2Y,2026-08-12,16.07,16.31,15.92,16.23,881132.0,16.208,12786
CMM:TRADES:2Y,2026-08-13,16.2,16.42,15.96,15.98,884466.0,16.132,13757
CMM:TRADES:2Y,2026-08-14,15.65,15.88,15.43,15.78,860585.0,15.7315,11551
CMM:TRADES:2Y,2026-08-17,16.16,16.62,16.08,16.48,746858.0,16.4315,11620
CMM:TRADES:2Y,2026-08-18,16.24,16.56,16.01,16.07,701110.0,16.24,12928
CMM:TRADES:2Y,2026-08-19,15.71,16.28,15.65,15.91,903133.0,15.998,14893
CMM:TRADES:2Y,2026-08-20,16.99,17.83,16.91,17.675,2473635.0,17.375,21538
CMM:TRADES:2Y,2026-08-21,17.63,17.87,17.34,17.58,1213436.0,17.5695,16735
CMM:TRADES:2Y,2026-08-24,17.63,17.82,17.35,17.75,879674.0,17.662,15244
CMM:BID_ASK:3M,2026-05-27,14.3925,14.63,14.03,14.3175,-1.0,-1.0,-1
CMM:BID_ASK:3M,2026-05-28,13.929,14.48,13.43,13.8415,-1.0,-1.0,-1
CMM:BID_ASK:3M,2026-05-29,14.1565,14.25,13.92,14.0575,-1.0,-1.0,-1
CMM:BID_ASK:3M,2026-06-01,14.2395,14.41,14.02,14.175,-1.0,-1.0,-1
CMM:BID_ASK:3M,2026-06-02,13.954,14.3,13.66,13.8995,-1.0,-1.0,-1
CMM:BID_ASK:3M,2026-06-03,13.909,14.15,13.79,13.854,-1.0,-1.0,-1
CMM:BID_ASK:3M,2026-06-04,13.427,13.7,13.26,13.3785,-1.0,-1.0,-1
CMM:BID_ASK:3M,2026-06-05,12.9755,13.34,12.7,12.9185,-1.0,-1.0,-1
CMM:BID_ASK:3M,2026-06-09,12.0605,12.22,11.73,12.0115,-1.0,-1.0,-1
CMM:BID_ASK:3M,2026-06-10,11.7025,12.01,11.36,11.6625,-1.0,-1.0,-1
CMM:BID_ASK:3M,2026-06-11,11.122,11.33,10.75,11.136,-1.0,-1.0,-1
CMM:BID_ASK:3M,2026-06-12,11.7335,12.0,11.58,11.7435,-1.0,-1.0,-1
CMM:BID_ASK:3M,2026-06-15,13.236,13.52,12.57,13.248,-1.0,-1.0,-1
CMM:BID_ASK:3M,2026-06-16,13.3245,13.5,13.13,13.3355,-1.0,-1.0,-1
CMM:BID_ASK:3M,2026-06-17,13.6495,13.9,13.5,13.6615,-1.0,-1.0,-1
CMM:BID_ASK:3M,2026-06-18,13.6835,13.83,13.24,13.694,-1.0,-1.0,-1
CMM:BID_ASK:3M,2026-06-19,13.364,13.53,13.15,13.3745,-1.0,-1.0,-1
CMM:BID_ASK:3M,2026-06-22,13.681,13.82,13.32,13.692,-1.0,-1.0,-1
CMM:BID_ASK:3M,2026-06-23,13.538,13.9,13.28,13.5515,-1.0,-1.0,-1
CMM:BID_ASK:3M,2026-06-24,12.7745,13.3,12.58,12.787,-1.0,-1.0,-1
CMM:BID_ASK:3M,2026-06-25,12.074,12.63,11.9,12.083,-1.0,-1.0,-1
CMM:BID_ASK:3M,2026-06-26,12.2195,12.47,12.03,12.2315,-1.0,-1.0,-1
CMM:BID_ASK:3M,2026-06-29,12.5915,13.09,12.43,12.6035,-1.0,-1.0,-1
CMM:BID_ASK:3M,2026-06-30,12.8565,13.29,12.3,12.869,-1.0,-1.0,-1
CMM:BID_ASK:3M,2026-07-01,12.4705,12.87,12.25,12.481,-1.0,-1.0,-1
CMM:BID_ASK:3M,2026-07-02,12.6185,12.84,12.3,12.5905,-1.0,-1.0,-1
CMM:BID_ASK:3M,2026-07-03,13.7935,14.15,13.12,13.805,-1.0,-1.0,-1
CMM:BID_ASK:3M,2026-07-06,14.282,14.54,14.01,14.2925,-1.0,-1.0,-1
CMM:BID_ASK:3M,2026-07-07,13.694,14.38,13.48,13.7045,-1.0,-1.0,-1
CMM:BID_ASK:3M,2026-07-08,13.195,13.62,13.05,13.208,-1.0,-1.0,-1
CMM:BID_ASK:3M,2026-07-09,12.977,13.16,12.8,12.9875,-1.0,-1.0,-1
CMM:BID_ASK:3M,2026-07-10,13.282,13.45,13.16,13.2935,-1.0,-1.0,-1
CMM:BID_ASK:3M,2026-07-13,12.845,13.31,12.69,12.8585,-1.0,-1.0,-1
CMM:BID_ASK:3M,2026-07-14,12.5045,12.85,12.22,12.5165,-1.0,-1.0,-1
CMM:BID_ASK:3M,2026-07-15,12.915,13.13,12.75,12.927,-1.0,-1.0,-1
CMM:BID_ASK:3M,2026-07-16,12.5555,12.85,12.48,12.5665,-1.0,-1.0,-1
CMM:BID_ASK:3M,2026-07-17,11.8945,12.29,11.8,11.906,-1.0,-1.0,-1
CMM:BID_ASK:3M,2026-07-20,11.68,11.95,11.47,11.693,-1.0,-1.0,-1
CMM:BID_ASK:3M,2026-07-21,11.8295,12.06,11.55,11.8405,-1.0,-1.0,-1
CMM:BID_ASK:3M,2026-07-22,12.551,12.68,12.27,12.563,-1.0,-1.0,-1
CMM:BID_ASK:3M,2026-07-23,12.6655,13.07,12.5,12.678,-1.0,-1.0,-1
CMM:BID_ASK:3M,2026-07-24,11.952,12.56,11.71,11.9645,-1.0,-1.0,-1
CMM:BID_ASK:3M,2026-07-27,13.5245,13.75,13.1,13.535,-1.0,-1.0,-1
CMM:BID_ASK:3M,2026-07-28,13.4925,14.04,13.3,13.504,-1.0,-1.0,-1
CMM:BID_ASK:3M,2026-07-29,13.421,13.56,13.25,13.431,-1.0,-1.0,-1
CMM:BID_ASK:3M,2026-07-30,13.0905,13.69,12.83,13.1015,-1.0,-1.0,-1
CMM:BID_ASK:3M,2026-07-31,12.997,13.49,12.76,13.0115,-1.0,-1.0,-1
CMM:BID_ASK:3M,2026-08-03,12.7675,12.88,12.56,12.777,-1.0,-1.0,-1
CMM:BID_ASK:3M,2026-08-04,12.995,13.17,12.67,13.0065,-1.0,-1.0,-1
CMM:BID_ASK:3M,2026-08-05,13.6805,14.16,13.11,13.6935,-1.0,-1.0,-1
CMM:BID_ASK:3M,2026-08-06,14.743,14.99,14.52,14.755,-1.0,-1.0,-1
CMM:BID_ASK:3M,2026-08-07,15.2785,15.65,14.73,15.29,-1.0,-1.0,-1
CMM:BID_ASK:3M,2026-08-10,16.0445,16.29,15.89,16.055,-1.0,-1.0,-1
CMM:BID_ASK:3M,2026-08-11,16.4045,16.55,16.03,16.416,-1.0,-1.0,-1
CMM:BID_ASK:3M,2026-08-12,16.2045,16.31,15.91,16.2145,-1.0,-1.0,-1
CMM:BID_ASK:3M,2026-08-13,16.1255,16.48,15.96,16.1355,-1.0,-1.0,-1
CMM:BID_ASK:3M,2026-08-14,15.762,15.95,15.42,15.773,-1.0,-1.0,-1
CMM:BID_ASK:3M,2026-08-17,16.424,16.63,16.06,16.439,-1.0,-1.0,-1
CMM:BID_ASK:3M,2026-08-18,16.2585,16.57,16.01,16.2705,-1.0,-1.0,-1
CMM:BID_ASK:3M,2026-08-19,16.0285,16.29,15.65,16.0415,-1.0,-1.0,-1
CMM:BID_ASK:3M,2026-08-20,17.3605,17.84,16.9,17.37,-1.0,-1.0,-1
CMM:BID_ASK:3M,2026-08-21,17.566,17.87,17.34,17.578,-1.0,-1.0,-1
CMM:BID_ASK:3M,2026-08-24,17.664,17.87,17.33,17.678,-1.0,-1.0,-1
GGP:TRADES:2Y,2025-06-24,7.1,7.8,7.08,7.3,4075005.0,7.2955,5674
GGP:TRADES:2Y,2025-06-25,7.39,7.4,7.19,7.2,1804051.0,7.237,7447
GGP:TRADES:2Y,2025-06-26,7.15,7.15,6.85,7.15,1727198.0,7.1045,7061
GGP:TRADES:2Y,2025-06-27,7.3,7.58,7.17,7.19,963435.0,7.352,3364
GGP:TRADES:2Y,2025-06-30,7.03,7.35,7.01,7.11,1564622.0,7.139,6623
GGP:TRADES:2Y,2025-07-01,7.0,7.1,6.95,7.0,1239008.0,7.007,3418
GGP:TRADES:2Y,2025-07-02,7.09,7.15,6.96,7.03,974251.0,7.044,3522
GGP:TRADES:2Y,2025-07-03,7.0,7.15,6.91,7.02,1522609.0,7.0275,4806
GGP:TRADES:2Y,2025-07-04,7.0,7.0,6.85,6.9,798895.0,6.939,2570
GGP:TRADES:2Y,2025-07-07,6.86,6.93,6.72,6.72,876628.0,6.7835,3315
GGP:TRADES:2Y,2025-07-08,6.65,6.88,6.6,6.75,1458904.0,6.755,5089
GGP:TRADES:2Y,2025-07-09,6.6,6.67,6.44,6.55,1284054.0,6.563,4102
GGP:TRADES:2Y,2025-07-10,6.44,6.65,6.335,6.47,1325246.0,6.4895,3483
GGP:TRADES:2Y,2025-07-11,6.5,6.66,6.47,6.59,1195918.0,6.577,2836
GGP:TRADES:2Y,2025-07-14,6.7,6.79,6.65,6.75,626387.0,6.7345,2254
GGP:TRADES:2Y,2025-07-15,6.85,7.06,6.85,6.92,849423.0,6.952,2864
GGP:TRADES:2Y,2025-07-16,6.86,6.94,6.71,6.78,195993.0,6.7895,1183
GGP:TRADES:2Y,2025-07-17,6.8,6.84,6.7,6.72,520486.0,6.7625,1477
GGP:TRADES:2Y,2025-07-18,6.7,6.75,6.62,6.67,300710.0,6.684,1222
GGP:TRADES:2Y,2025-07-21,6.63,6.89,6.55,6.72,1022852.0,6.748,3348
GGP:TRADES:2Y,2025-07-22,6.84,7.03,6.83,6.99,1870612.0,6.9455,3333
GGP:TRADES:2Y,2025-07-23,7.05,7.31,7.05,7.15,1227270.0,7.2025,2872
GGP:TRADES:2Y,2025-07-24,7.06,7.1,6.94,7.0,519281.0,7.0035,2314
GGP:TRADES:2Y,2025-07-25,7.0,7.1,6.97,6.97,454693.0,7.001,2047
GGP:TRADES:2Y,2025-07-28,6.94,6.94,6.86,6.89,783331.0,6.898,2608
GGP:TRADES:2Y,2025-07-29,6.2,6.2,5.225,5.24,10776276.0,5.4515,15556
GGP:TRADES:2Y,2025-07-30,5.45,5.75,5.42,5.56,3105123.0,5.614,6131
GGP:TRADES:2Y,2025-07-31,5.5,5.5,5.17,5.3,2613894.0,5.267,6284
GGP:TRADES:2Y,2025-08-01,5.15,5.42,5.01,5.18,2375569.0,5.2635,6168
GGP:TRADES:2Y,2025-08-04,5.49,5.49,5.1,5.26,1386602.0,5.2485,3058
GGP:TRADES:2Y,2025-08-05,5.34,5.48,5.25,5.39,1014750.0,5.394,3827
GGP:TRADES:2Y,2025-08-06,5.35,5.55,5.32,5.38,1495143.0,5.442,3297
GGP:TRADES:2Y,2025-08-07,5.35,5.35,5.13,5.22,2262799.0,5.229,4876
GGP:TRADES:2Y,2025-08-08,5.1,5.24,4.965,5.15,2442675.0,5.1415,5653
GGP:TRADES:2Y,2025-08-11,5.14,5.24,5.09,5.14,1110218.0,5.165,3507
GGP:TRADES:2Y,2025-08-12,5.03,5.1,4.97,5.01,1925993.0,5.027,3006
GGP:TRADES:2Y,2025-08-13,4.97,5.07,4.91,4.98,1733705.0,4.9895,3882
GGP:TRADES:2Y,2025-08-14,5.02,5.3,5.005,5.08,2212364.0,5.1455,4895
GGP:TRADES:2Y,2025-08-15,5.3,5.47,5.21,5.35,2276712.0,5.33,3745
GGP:TRADES:2Y,2025-08-18,5.33,5.4,5.25,5.35,588508.0,5.3535,2395
GGP:TRADES:2Y,2025-08-19,5.47,5.57,5.38,5.47,1250846.0,5.492,3115
GGP:TRADES:2Y,2025-08-20,5.44,5.59,5.38,5.47,2521919.0,5.4725,3956
GGP:TRADES:2Y,2025-08-21,5.57,5.59,5.45,5.48,1437607.0,5.4925,3525
GGP:TRADES:2Y,2025-08-22,5.59,5.59,5.38,5.38,1873494.0,5.427,4124
GGP:TRADES:2Y,2025-08-25,5.6,5.63,5.49,5.55,1520510.0,5.566,4105
GGP:TRADES:2Y,2025-08-26,5.65,5.65,5.47,5.5,1037113.0,5.522,2318
GGP:TRADES:2Y,2025-08-27,5.6,5.6,5.43,5.59,2016651.0,5.5435,3894
GGP:TRADES:2Y,2025-08-28,5.57,5.6,5.31,5.45,1842222.0,5.433,4736
GGP:TRADES:2Y,2025-08-29,5.45,5.6,5.34,5.52,2198700.0,5.531,3638
GGP:TRADES:2Y,2025-09-01,5.6,6.15,5.58,6.07,1564374.0,5.964,2634
GGP:TRADES:2Y,2025-09-02,6.1,6.18,5.94,6.02,897321.0,6.0295,1845
GGP:TRADES:2Y,2025-09-03,6.13,6.23,6.1,6.19,1566972.0,6.177,4006
GGP:TRADES:2Y,2025-09-04,6.25,6.31,5.97,6.07,1384079.0,6.123,2138
GGP:TRADES:2Y,2025-09-05,6.22,6.28,6.1,6.23,441398.0,6.213,1203
GGP:TRADES:2Y,2025-09-08,6.4,6.54,6.21,6.34,1768486.0,6.3075,3664
GGP:TRADES:2Y,2025-09-09,6.39,6.4,6.13,6.24,1873457.0,6.2275,3774
GGP:TRADES:2Y,2025-09-10,6.2,6.29,6.0,6.05,1354273.0,6.114,3070
GGP:TRADES:2Y,2025-09-11,6.15,6.28,6.05,6.17,1627953.0,6.1685,3455
GGP:TRADES:2Y,2025-09-12,6.2,6.31,6.15,6.16,1154812.0,6.23,3295
GGP:TRADES:2Y,2025-09-15,6.2,6.23,6.05,6.1,1821392.0,6.103,3751
GGP:TRADES:2Y,2025-09-16,6.0,6.3,5.96,6.22,1469734.0,6.2075,3613
GGP:TRADES:2Y,2025-09-17,6.25,6.37,6.18,6.18,927852.0,6.2395,2208
GGP:TRADES:2Y,2025-09-18,6.18,6.34,6.07,6.31,2176488.0,6.244,4999
GGP:TRADES:2Y,2025-09-19,6.35,6.42,6.19,6.39,39613898.0,6.387,9481
GGP:TRADES:2Y,2025-09-22,6.47,7.16,6.46,7.13,5191501.0,7.0585,7956
GGP:TRADES:2Y,2025-09-23,7.12,7.65,7.07,7.44,5318343.0,7.4625,12264
GGP:TRADES:2Y,2025-09-24,7.25,7.39,7.24,7.24,2925106.0,7.316,6749
GGP:TRADES:2Y,2025-09-25,7.12,7.25,7.03,7.1,4414495.0,7.1455,12142
GGP:TRADES:2Y,2025-09-26,7.0,7.18,6.94,7.13,3526130.0,7.0735,7304
GGP:TRADES:2Y,2025-09-29,7.2,7.52,7.17,7.41,3126365.0,7.4345,9983
GGP:TRADES:2Y,2025-09-30,7.45,7.67,7.43,7.45,3863661.0,7.5045,7668
GGP:TRADES:2Y,2025-10-01,7.38,7.535,7.34,7.4,4127191.0,7.4415,8682
GGP:TRADES:2Y,2025-10-02,7.45,7.54,7.39,7.43,3251837.0,7.458,7757
GGP:TRADES:2Y,2025-10-03,7.34,7.455,7.26,7.4,3164112.0,7.392,6621
GGP:TRADES:2Y,2025-10-06,7.55,7.65,7.38,7.62,2364769.0,7.5485,6298
GGP:TRADES:2Y,2025-10-07,7.88,8.615,7.88,8.35,3807319.0,8.323,7983
GGP:TRADES:2Y,2025-10-08,8.13,8.29,7.95,8.26,2669697.0,8.1725,9006
GGP:TRADES:2Y,2025-10-09,8.38,8.47,8.2,8.3,1302118.0,8.33,6595
GGP:TRADES:2Y,2025-10-10,8.0,8.24,8.0,8.08,2430180.0,8.133,8205
GGP:TRADES:2Y,2025-10-13,8.18,8.49,8.16,8.3,2771654.0,8.3465,10146
GGP:TRADES:2Y,2025-10-14,8.5,8.81,8.46,8.69,2905550.0,8.682,9914
GGP:TRADES:2Y,2025-10-15,8.6,8.71,8.55,8.68,1777781.0,8.647,7221
GGP:TRADES:2Y,2025-10-16,8.85,9.02,8.75,8.78,1658720.0,8.8775,5704
GGP:TRADES:2Y,2025-10-17,9.0,9.23,8.91,8.97,2652536.0,9.0285,10335
GGP:TRADES:2Y,2025-10-20,8.43,8.47,8.27,8.36,2772610.0,8.356,7670
GGP:TRADES:2Y,2025-10-21,8.6,8.655,8.37,8.38,1320614.0,8.506,5165
GGP:TRADES:2Y,2025-10-22,7.7,7.835,7.46,7.75,3569933.0,7.7255,8951
GGP:TRADES:2Y,2025-10-23,7.71,7.95,7.6,7.86,2465743.0,7.865,8229
GGP:TRADES:2Y,2025-10-24,7.9,7.98,7.63,7.63,1296099.0,7.723,4308
GGP:TRADES:2Y,2025-10-27,7.81,7.81,7.49,7.51,2113762.0,7.6175,7156
GGP:TRADES:2Y,2025-10-28,7.04,7.06,6.73,6.83,2758417.0,6.8385,7502
GGP:TRADES:2Y,2025-10-29,6.92,7.105,6.77,6.95,1537197.0,6.979,6808
GGP:TRADES:2Y,2025-10-30,6.99,7.11,6.85,6.98,2885252.0,6.9785,8711
GGP:TRADES:2Y,2025-10-31,7.08,7.41,7.08,7.13,1342045.0,7.214,5398
GGP:TRADES:2Y,2025-11-03,7.25,7.44,7.19,7.27,1964354.0,7.2565,6068
GGP:TRADES:2Y,2025-11-04,7.33,7.49,7.26,7.34,1239984.0,7.382,6334
GGP:TRADES:2Y,2025-11-05,7.03,7.34,6.86,7.26,2396287.0,7.1305,7264
GGP:TRADES:2Y,2025-11-06,7.05,7.66,7.0,7.59,4330311.0,7.4585,8712
GGP:TRADES:2Y,2025-11-07,7.55,7.73,7.48,7.59,2860146.0,7.609,8692
GGP:TRADES:2Y,2025-11-10,7.65,7.985,7.585,7.87,2282129.0,7.862,6219
GGP:TRADES:2Y,2025-11-11,8.1,8.24,8.04,8.1,2622120.0,8.152,8635
GGP:TRADES:2Y,2025-11-12,8.08,8.19,8.04,8.09,1054404.0,8.1,4798
GGP:TRADES:2Y,2025-11-13,8.19,8.22,8.0,8.14,1620871.0,8.1275,4439
GGP:TRADES:2Y,2025-11-14,7.79,7.98,7.67,7.94,2789121.0,7.901,6313
GGP:TRADES:2Y,2025-11-17,7.55,7.885,7.42,7.81,2202686.0,7.759,5573
GGP:TRADES:2Y,2025-11-18,7.7,7.76,7.4,7.44,1780714.0,7.53,6009
GGP:TRADES:2Y,2025-11-19,7.5,7.76,7.43,7.69,2167132.0,7.6515,6715
GGP:TRADES:2Y,2025-11-20,7.8,7.995,7.76,7.92,2128068.0,7.8995,5633
GGP:TRADES:2Y,2025-11-21,7.6,7.63,7.4,7.48,2212860.0,7.518,5669
GGP:TRADES:2Y,2025-11-24,7.67,7.72,7.47,7.48,7375423.0,7.496,5470
GGP:TRADES:2Y,2025-11-25,7.76,8.06,7.72,7.84,2978716.0,7.8975,9746
GGP:TRADES:2Y,2025-11-26,7.57,7.605,7.28,7.41,3077618.0,7.4435,13571
GGP:TRADES:2Y,2025-11-27,7.6,7.6,7.35,7.35,2486202.0,7.449,8668
GGP:TRADES:2Y,2025-11-28,7.4,7.7,7.4,7.55,2148034.0,7.5715,5647
GGP:TRADES:2Y,2025-12-01,8.05,8.48,7.99,8.32,5096257.0,8.302,10601
GGP:TRADES:2Y,2025-12-02,7.92,8.37,7.92,8.3,3552224.0,8.273,10805
GGP:TRADES:2Y,2025-12-03,8.2,8.45,8.2,8.26,2891440.0,8.3255,7101
GGP:TRADES:2Y,2025-12-04,8.21,8.28,8.05,8.11,2703047.0,8.157,7700
GGP:TRADES:2Y,2025-12-05,8.36,8.41,8.22,8.38,2292438.0,8.353,5828
GGP:TRADES:2Y,2025-12-08,8.3,8.425,8.14,8.37,2398060.0,8.3385,7603
GGP:TRADES:2Y,2025-12-09,8.12,8.26,8.03,8.08,2313492.0,8.122,6475
GGP:TRADES:2Y,2025-12-10,8.25,8.51,8.21,8.36,4073806.0,8.36,9272
GGP:TRADES:2Y,2025-12-11,8.5,8.82,8.44,8.59,2022872.0,8.6535,6285
GGP:TRADES:2Y,2025-12-12,9.0,9.44,8.88,9.44,3617935.0,9.219,6271
GGP:TRADES:2Y,2025-12-15,9.15,9.41,9.15,9.32,1878691.0,9.3045,6714
GGP:TRADES:2Y,2025-12-16,9.11,9.43,9.11,9.27,2586205.0,9.2805,8344
GGP:TRADES:2Y,2025-12-17,9.1,9.86,9.05,9.68,2997105.0,9.6325,9381
GGP:TRADES:2Y,2025-12-18,9.62,9.91,9.51,9.8,2812916.0,9.769,10017
GGP:TRADES:2Y,2025-12-19,10.18,10.55,9.94,10.55,21279060.0,10.4905,12047
GGP:TRADES:2Y,2025-12-22,10.37,10.84,10.14,10.82,3144477.0,10.6465,11956
GGP:TRADES:2Y,2025-12-23,10.65,10.89,10.51,10.83,2854558.0,10.7485,10818
GGP:TRADES:2Y,2025-12-24,10.72,10.88,10.56,10.66,1682835.0,10.706,7016
GGP:TRADES:2Y,2025-12-29,10.76,10.955,10.535,10.62,1249788.0,10.629,5598
GGP:TRADES:2Y,2025-12-30,10.01,10.45,9.95,10.38,3021069.0,10.3295,10426
GGP:TRADES:2Y,2025-12-31,10.53,10.77,10.49,10.49,1116546.0,10.5565,5131
GGP:TRADES:2Y,2026-01-02,10.49,10.68,10.44,10.56,643032.0,10.5825,3525
GGP:TRADES:2Y,2026-01-05,10.55,10.77,10.445,10.63,2185840.0,10.656,7154
GGP:TRADES:2Y,2026-01-06,10.81,10.9,10.55,10.78,2740852.0,10.7725,11712
GGP:TRADES:2Y,2026-01-07,11.1,11.62,11.1,11.38,2123543.0,11.4475,9448
GGP:TRADES:2Y,2026-01-08,11.24,11.41,11.11,11.36,1756276.0,11.31,8319
GGP:TRADES:2Y,2026-01-09,11.41,11.66,11.41,11.52,1227408.0,11.5575,6936
GGP:TRADES:2Y,2026-01-12,11.64,12.02,11.63,11.99,2330082.0,11.912,11104
GGP:TRADES:2Y,2026-01-13,12.26,12.7,12.135,12.61,2208984.0,12.5335,10667
GGP:TRADES:2Y,2026-01-14,12.65,12.88,12.31,12.59,1375404.0,12.5615,8604
GGP:TRADES:2Y,2026-01-15,12.65,12.66,12.44,12.6,2231829.0,12.586,10149
GGP:TRADES:2Y,2026-01-16,12.67,12.8,12.51,12.72,1167267.0,12.678,7442
GGP:TRADES:2Y,2026-01-19,12.7,13.06,12.64,12.9,2148326.0,12.92,11829
GGP:TRADES:2Y,2026-01-20,12.96,13.09,12.81,12.81,1333504.0,12.885,8540
GGP:TRADES:2Y,2026-01-21,13.2,13.64,13.08,13.57,1422309.0,13.4155,8954
GGP:TRADES:2Y,2026-01-22,13.4,13.47,12.94,12.95,1629872.0,13.0465,8722
GGP:TRADES:2Y,2026-01-23,13.59,14.43,13.59,13.94,2466973.0,14.022,16108
GGP:TRADES:2Y,2026-01-27,13.92,14.05,13.63,13.98,2874522.0,13.9265,12794
GGP:TRADES:2Y,2026-01-28,14.05,14.14,13.58,13.89,2919244.0,13.831,16590
GGP:TRADES:2Y,2026-01-29,13.96,14.04,13.54,13.73,3215451.0,13.764,15436
GGP:TRADES:2Y,2026-01-30,13.15,13.6,12.94,13.15,3399229.0,13.2,14590
GGP:TRADES:2Y,2026-02-02,12.09,12.545,12.07,12.31,3911554.0,12.315,17996
GGP:TRADES:2Y,2026-02-03,12.4,12.9,12.27,12.65,2444553.0,12.7355,12925
GGP:TRADES:2Y,2026-02-04,13.16,13.49,13.13,13.37,2013512.0,13.3155,10886
GGP:TRADES:2Y,2026-02-05,12.83,13.12,12.45,12.65,3409971.0,12.7445,14688
GGP:TRADES:2Y,2026-02-06,11.91,12.2,11.75,11.87,3320824.0,11.928,17768
GGP:TRADES:2Y,2026-02-09,12.4,12.48,12.23,12.39,1774620.0,12.38,8276
GGP:TRADES:2Y,2026-02-10,12.6,12.95,12.31,12.82,1902651.0,12.7795,8412
GGP:TRADES:2Y,2026-02-11,12.8,13.13,12.735,13.08,1468520.0,12.984,7674
GGP:TRADES:2Y,2026-02-12,13.26,13.3,12.98,13.07,1393196.0,13.134,7028
GGP:TRADES:2Y,2026-02-13,12.49,12.58,12.15,12.47,1254279.0,12.4105,6683
GGP:TRADES:2Y,2026-02-16,12.7,12.82,12.44,12.63,1143767.0,12.636,7790
GGP:TRADES:2Y,2026-02-17,12.6,12.65,12.4,12.52,1259099.0,12.5075,6398
GGP:TRADES:2Y,2026-02-18,12.3,12.47,12.11,12.3,1761890.0,12.307,9420
GGP:TRADES:2Y,2026-02-19,12.79,12.93,12.67,12.8,1282582.0,12.8045,7356
GGP:TRADES:2Y,2026-02-20,12.8,13.2,12.74,13.0,911053.0,12.9905,7455
GGP:TRADES:2Y,2026-02-23,13.0,13.95,12.98,13.83,1535447.0,13.6865,9718
GGP:TRADES:2Y,2026-02-24,13.51,13.79,13.23,13.47,2007045.0,13.518,11655
GGP:TRADES:2Y,2026-02-25,13.58,13.73,13.32,13.42,1680922.0,13.452,9663
GGP:TRADES:2Y,2026-02-26,13.56,13.67,13.29,13.49,1250295.0,13.515,9792
GGP:TRADES:2Y,2026-02-27,13.45,13.97,13.29,13.81,1917958.0,13.8085,11646
GGP:TRADES:2Y,2026-03-02,14.2,14.55,14.19,14.45,1640112.0,14.367,9714
GGP:TRADES:2Y,2026-03-03,14.06,14.1,13.62,13.75,1755974.0,13.808,11967
GGP:TRADES:2Y,2026-03-04,12.78,13.51,12.6,13.25,1726775.0,13.236,9364
GGP:TRADES:2Y,2026-03-05,13.45,13.46,13.08,13.11,1541355.0,13.1455,8794
GGP:TRADES:2Y,2026-03-06,12.67,12.77,12.3,12.41,1797988.0,12.4505,11519
GGP:TRADES:2Y,2026-03-09,12.11,12.4,11.63,11.91,2582263.0,11.875,15058
GGP:TRADES:2Y,2026-03-10,12.33,12.33,11.88,12.0,1528670.0,12.0555,9753
GGP:TRADES:2Y,2026-03-11,12.26,12.37,11.835,12.25,1871329.0,12.1145,10734
GGP:TRADES:2Y,2026-03-12,11.8,12.16,11.8,11.86,1336534.0,11.9265,11886
GGP:TRADES:2Y,2026-03-13,11.86,11.86,11.5,11.54,1908458.0,11.6065,9990
GGP:TRADES:2Y,2026-03-16,11.39,11.56,11.0,11.51,3524770.0,11.427,13945
GGP:TRADES:2Y,2026-03-17,11.65,11.96,11.57,11.96,4142439.0,11.835,12993
GGP:TRADES:2Y,2026-03-18,12.3,12.41,12.08,12.11,3456935.0,12.1895,10855
GGP:TRADES:2Y,2026-03-19,11.62,11.62,10.9,10.9,3214280.0,11.1245,14774
GGP:TRADES:2Y,2026-03-20,10.5,10.57,9.83,10.11,31727301.0,10.12,21637
GGP:TRADES:2Y,2026-03-23,9.31,9.7,9.03,9.12,4080656.0,9.2,16590
GGP:TRADES:2Y,2026-03-24,9.5,9.76,9.15,9.39,3559445.0,9.37,15723
GGP:TRADES:2Y,2026-03-25,9.73,10.41,9.72,10.41,4226227.0,10.27,15913
GGP:TRADES:2Y,2026-03-26,10.25,10.31,9.87,10.11,2248241.0,10.0605,9445
GGP:TRADES:2Y,2026-03-27,9.81,9.88,9.59,9.76,2516307.0,9.7205,10447
GGP:TRADES:2Y,2026-03-30,10.21,10.91,10.2,10.84,3762244.0,10.6655,15127
GGP:TRADES:2Y,2026-03-31,10.85,11.57,10.79,11.34,3361073.0,11.3035,14699
GGP:TRADES:2Y,2026-04-01,12.2,13.09,12.0,13.03,4532980.0,12.7765,19968
GGP:TRADES:2Y,2026-04-02,13.44,13.94,12.85,12.85,4203198.0,13.1885,19930
GGP:TRADES:2Y,2026-04-07,13.01,13.78,12.9,13.36,2745837.0,13.4495,10900
GGP:TRADES:2Y,2026-04-08,14.71,15.32,14.55,15.23,4388792.0,15.0845,16421
GGP:TRADES:2Y,2026-04-09,14.4,14.83,14.26,14.54,4268512.0,14.5815,19890
GGP:TRADES:2Y,2026-04-10,14.53,14.63,14.22,14.54,2029700.0,14.531,10340
GGP:TRADES:2Y,2026-04-13,14.18,14.4,13.96,14.35,1724452.0,14.2315,13423
GGP:TRADES:2Y,2026-04-14,14.38,14.68,14.28,14.54,1802453.0,14.5455,8831
GGP:TRADES:2Y,2026-04-15,14.88,15.19,14.82,15.1,3708840.0,15.07,14600
GGP:TRADES:2Y,2026-04-16,14.6,14.83,14.41,14.49,1882677.0,14.5515,12510
GGP:TRADES:2Y,2026-04-17,14.32,14.49,14.06,14.27,1381523.0,14.2145,6614
GGP:TRADES:2Y,2026-04-20,14.55,14.87,14.26,14.57,1404870.0,14.628,8510
GGP:TRADES:2Y,2026-04-21,14.66,14.68,14.46,14.55,1298960.0,14.556,9240
GGP:TRADES:2Y,2026-04-22,14.06,14.51,13.75,14.41,1313117.0,14.3825,8804
GGP:TRADES:2Y,2026-04-23,14.32,14.53,14.04,14.22,1148323.0,14.2025,8634
GGP:TRADES:2Y,2026-04-24,13.98,14.14,13.77,13.89,832109.0,13.904,7640
GGP:TRADES:2Y,2026-04-27,13.89,14.41,13.84,14.17,1222066.0,14.189,7898
GGP:TRADES:2Y,2026-04-28,13.79,14.29,13.56,14.11,1919337.0,14.09,17563
GGP:TRADES:2Y,2026-04-29,13.68,14.39,13.62,13.99,2034536.0,14.0725,14810
GGP:TRADES:2Y,2026-04-30,13.65,13.73,13.155,13.37,2292964.0,13.4145,16051
GGP:TRADES:2Y,2026-05-01,13.91,13.95,13.5,13.5,1297015.0,13.607,12173
GGP:TRADES:2Y,2026-05-04,13.58,13.92,13.54,13.67,1255848.0,13.6805,10379
GGP:TRADES:2Y,2026-05-05,13.62,13.735,13.53,13.57,1394026.0,13.6155,10829
GGP:TRADES:2Y,2026-05-06,13.78,14.1,13.45,14.07,1359426.0,13.8935,10331
GGP:TRADES:2Y,2026-05-07,14.8,14.93,14.71,14.73,1562301.0,14.7565,14443
GGP:TRADES:2Y,2026-05-08,14.47,14.9,14.47,14.9,2031423.0,14.785,10964
GGP:TRADES:2Y,2026-05-11,14.75,14.99,14.48,14.51,1738930.0,14.629,8396
GGP:TRADES:2Y,2026-05-12,15.0,15.42,14.865,15.04,2555901.0,15.083,11320
GGP:TRADES:2Y,2026-05-13,14.88,15.29,14.8,14.89,1062158.0,15.0425,9113
GGP:TRADES:2Y,2026-05-14,14.8,14.805,14.59,14.75,1014659.0,14.7285,8244
GGP:TRADES:2Y,2026-05-15,14.5,14.6,13.99,14.11,1073672.0,14.1985,10481
GGP:TRADES:2Y,2026-05-18,13.37,13.6,13.02,13.28,1722083.0,13.2695,10982
GGP:TRADES:2Y,2026-05-19,13.5,13.54,12.96,13.12,954827.0,13.1435,8310
GGP:TRADES:2Y,2026-05-20,12.81,12.865,12.3,12.3,1770345.0,12.4645,13473
GGP:TRADES:2Y,2026-05-21,12.75,13.17,12.57,12.91,2293443.0,12.9215,13376
GGP:TRADES:2Y,2026-05-22,12.85,13.26,12.84,13.04,1196567.0,13.0725,8577
GGP:TRADES:2Y,2026-05-25,13.28,13.93,13.1,13.92,1131338.0,13.752,8170
GGP:TRADES:2Y,2026-05-26,14.12,14.12,13.54,13.54,1716649.0,13.662,9811
GGP:TRADES:2Y,2026-05-27,13.62,13.74,13.16,13.55,1348118.0,13.5305,8116
GGP:TRADES:2Y,2026-05-28,13.41,13.6,12.615,12.79,1883570.0,13.011,12057
GGP:TRADES:2Y,2026-05-29,13.54,13.86,13.465,13.65,2088678.0,13.65,9614
GGP:TRADES:2Y,2026-06-01,13.88,14.18,13.81,13.82,1688338.0,13.915,11709
GGP:TRADES:2Y,2026-06-02,13.37,13.78,13.23,13.72,1812315.0,13.5185,15643
GGP:TRADES:2Y,2026-06-03,13.55,13.87,13.48,13.62,2363134.0,13.689,14217
GGP:TRADES:2Y,2026-06-04,13.57,13.58,13.12,13.35,965537.0,13.362,6550
GGP:TRADES:2Y,2026-06-05,13.35,13.43,12.86,13.16,829689.0,13.087,6778
GGP:TRADES:2Y,2026-06-09,12.43,12.48,12.09,12.45,3098654.0,12.381,15206
GGP:TRADES:2Y,2026-06-10,12.11,12.28,11.7,11.76,1725615.0,11.94,11071
GGP:TRADES:2Y,2026-06-11,11.53,11.73,11.19,11.57,1139748.0,11.564,11563
GGP:TRADES:2Y,2026-06-12,12.3,12.68,12.13,12.28,1087364.0,12.32,11698
GGP:TRADES:2Y,2026-06-15,13.54,13.81,13.38,13.71,1440476.0,13.682,10515
GGP:TRADES:2Y,2026-06-16,13.95,14.17,13.65,14.12,1057117.0,13.957,9033
GGP:TRADES:2Y,2026-06-17,14.5,14.62,14.16,14.46,887291.0,14.438,11693
GGP:TRADES:2Y,2026-06-18,14.45,14.46,14.13,14.28,1410531.0,14.3045,9967
GGP:TRADES:2Y,2026-06-19,13.8,13.94,13.45,13.61,1278324.0,13.663,14646
GGP:TRADES:2Y,2026-06-22,13.5,13.865,13.42,13.66,645985.0,13.6415,7567
GGP:TRADES:2Y,2026-06-23,13.6,13.6,13.26,13.32,525523.0,13.3655,7086
GGP:TRADES:2Y,2026-06-24,13.05,13.185,12.63,12.8,912547.0,12.8065,9344
GGP:TRADES:2Y,2026-06-25,12.45,12.45,11.91,11.95,992082.0,12.0825,11306
GGP:TRADES:2Y,2026-06-26,12.15,12.22,11.82,12.16,960503.0,12.0265,10243
GGP:TRADES:2Y,2026-06-29,12.54,12.78,11.88,12.07,945385.0,12.2065,10599
GGP:TRADES:2Y,2026-06-30,11.86,12.54,11.285,11.51,1758576.0,11.622,18602
GGP:TRADES:2Y,2026-07-01,11.54,11.58,10.795,10.9,1649600.0,10.972,16084
GGP:TRADES:2Y,2026-07-02,11.35,11.5,11.15,11.4,1114524.0,11.382,11166
GGP:TRADES:2Y,2026-07-03,11.7,11.845,11.52,11.81,1430071.0,11.736,11042
GGP:TRADES:2Y,2026-07-06,11.82,12.11,11.07,11.85,1656854.0,11.811,15444
GGP:TRADES:2Y,2026-07-07,11.75,11.76,11.21,11.32,1728247.0,11.3985,15225
GGP:TRADES:2Y,2026-07-08,11.07,11.1,10.755,10.89,1983655.0,10.9095,12009
GGP:TRADES:2Y,2026-07-09,10.5,10.97,10.41,10.89,1107415.0,10.8015,10531
GGP:TRADES:2Y,2026-07-10,11.36,11.38,10.98,11.09,639347.0,11.135,7360
GGP:TRADES:2Y,2026-07-13,11.01,11.01,10.64,10.82,714649.0,10.767,8063
GGP:TRADES:2Y,2026-07-14,10.7,10.73,10.47,10.58,1291515.0,10.6045,13525
GGP:TRADES:2Y,2026-07-15,10.78,10.8,10.58,10.59,1150033.0,10.6865,9331
GGP:TRADES:2Y,2026-07-16,10.74,10.77,10.6,10.66,601949.0,10.673,7015
GGP:TRADES:2Y,2026-07-17,10.31,10.31,9.87,9.91,1157960.0,10.022,10644
GGP:TRADES:2Y,2026-07-20,10.06,10.09,9.82,10.02,508071.0,9.992,6413
GGP:TRADES:2Y,2026-07-21,10.03,10.24,9.825,10.24,666701.0,10.037,7325
GGP:TRADES:2Y,2026-07-22,10.65,10.65,10.395,10.43,929375.0,10.4765,9057
GGP:TRADES:2Y,2026-07-23,10.83,10.94,10.76,10.78,709998.0,10.8505,7276
GGP:TRADES:2Y,2026-07-24,10.43,10.47,10.01,10.105,723168.0,10.195,9308
GGP:TRADES:2Y,2026-07-27,10.39,10.6,10.39,10.51,556710.0,10.511,7798
GGP:TRADES:2Y,2026-07-28,10.32,10.4,10.18,10.3,531786.0,10.2765,8298
GGP:TRADES:2Y,2026-07-29,10.28,10.36,9.9,10.23,1178185.0,10.1185,14715
GGP:TRADES:2Y,2026-07-30,10.23,10.29,9.82,9.84,1813847.0,10.079,10424
GGP:TRADES:2Y,2026-07-31,10.23,10.475,10.02,10.03,699823.0,10.171,8789
GGP:TRADES:2Y,2026-08-03,9.8,10.055,9.75,10.04,691971.0,9.9635,7081
GGP:TRADES:2Y,2026-08-04,10.25,10.44,10.16,10.36,1168589.0,10.3355,12495
GGP:TRADES:2Y,2026-08-05,10.53,11.23,10.5,11.2,1391292.0,10.931,15125
GGP:TRADES:2Y,2026-08-06,11.55,12.04,11.48,11.59,1731522.0,11.698,15696
GGP:TRADES:2Y,2026-08-07,11.5,11.88,11.45,11.8,1228369.0,11.7065,12191
GGP:TRADES:2Y,2026-08-10,12.14,12.48,12.0,12.47,1217867.0,12.375,11855
GGP:TRADES:2Y,2026-08-11,12.55,12.815,12.33,12.53,1183213.0,12.656,11877
GGP:TRADES:2Y,2026-08-12,12.3,12.65,12.2,12.51,1010269.0,12.523,11285
GGP:TRADES:2Y,2026-08-13,12.45,12.67,12.37,12.46,824967.0,12.5115,10348
GGP:TRADES:2Y,2026-08-14,12.17,12.3,11.94,12.01,673827.0,12.016,10650
GGP:TRADES:2Y,2026-08-17,12.3,12.63,12.285,12.44,779467.0,12.461,8656
GGP:TRADES:2Y,2026-08-18,12.43,12.64,12.41,12.41,1020311.0,12.5065,8788
GGP:TRADES:2Y,2026-08-19,11.94,12.42,11.92,12.16,790588.0,12.273,9672
GGP:TRADES:2Y,2026-08-20,13.15,13.67,13.03,13.32,1603771.0,13.372,12921
GGP:TRADES:2Y,2026-08-21,13.41,13.65,13.195,13.515,760170.0,13.387,9745
GGP:TRADES:2Y,2026-08-24,13.61,13.72,13.33,13.63,847647.0,13.5845,8820
GGP:BID_ASK:3M,2026-05-27,13.5615,13.8,13.15,13.5115,-1.0,-1.0,-1
GGP:BID_ASK:3M,2026-05-28,13.1015,13.6,12.61,13.041,-1.0,-1.0,-1
GGP:BID_ASK:3M,2026-05-29,13.6675,13.86,13.46,13.5945,-1.0,-1.0,-1
GGP:BID_ASK:3M,2026-06-01,13.9665,14.19,13.8,13.9245,-1.0,-1.0,-1
GGP:BID_ASK:3M,2026-06-02,13.4705,13.79,13.23,13.4335,-1.0,-1.0,-1
GGP:BID_ASK:3M,2026-06-03,13.755,13.88,13.37,13.706,-1.0,-1.0,-1
GGP:BID_ASK:3M,2026-06-04,13.408,13.63,13.12,13.366,-1.0,-1.0,-1
GGP:BID_ASK:3M,2026-06-05,13.1005,13.45,12.85,13.0465,-1.0,-1.0,-1
GGP:BID_ASK:3M,2026-06-09,12.3925,12.5,12.08,12.347,-1.0,-1.0,-1
GGP:BID_ASK:3M,2026-06-10,12.0085,12.29,11.7,11.963,-1.0,-1.0,-1
GGP:BID_ASK:3M,2026-06-11,11.562,11.74,11.19,11.5745,-1.0,-1.0,-1
GGP:BID_ASK:3M,2026-06-12,12.2765,12.71,12.13,12.287,-1.0,-1.0,-1
GGP:BID_ASK:3M,2026-06-15,13.6955,13.91,13.37,13.71,-1.0,-1.0,-1
GGP:BID_ASK:3M,2026-06-16,13.9785,14.17,13.64,13.9905,-1.0,-1.0,-1
GGP:BID_ASK:3M,2026-06-17,14.439,14.62,14.0,14.452,-1.0,-1.0,-1
GGP:BID_ASK:3M,2026-06-18,14.2435,14.5,14.12,14.254,-1.0,-1.0,-1
GGP:BID_ASK:3M,2026-06-19,13.6835,13.94,13.44,13.6955,-1.0,-1.0,-1
GGP:BID_ASK:3M,2026-06-22,13.6425,13.87,13.4,13.6545,-1.0,-1.0,-1
GGP:BID_ASK:3M,2026-06-23,13.367,13.6,13.25,13.381,-1.0,-1.0,-1
GGP:BID_ASK:3M,2026-06-24,12.8125,13.3,12.62,12.825,-1.0,-1.0,-1
GGP:BID_ASK:3M,2026-06-25,12.039,12.53,11.91,12.05,-1.0,-1.0,-1
GGP:BID_ASK:3M,2026-06-26,12.0055,12.22,11.82,12.018,-1.0,-1.0,-1
GGP:BID_ASK:3M,2026-06-29,12.119,13.5,11.88,12.1355,-1.0,-1.0,-1
GGP:BID_ASK:3M,2026-06-30,11.634,12.56,11.27,11.6475,-1.0,-1.0,-1
GGP:BID_ASK:3M,2026-07-01,10.9335,11.82,10.79,10.9475,-1.0,-1.0,-1
GGP:BID_ASK:3M,2026-07-02,11.38,11.51,11.15,11.393,-1.0,-1.0,-1
GGP:BID_ASK:3M,2026-07-03,11.746,11.85,11.51,11.757,-1.0,-1.0,-1
GGP:BID_ASK:3M,2026-07-06,11.8445,12.11,11.05,11.858,-1.0,-1.0,-1
GGP:BID_ASK:3M,2026-07-07,11.412,11.78,11.21,11.425,-1.0,-1.0,-1
GGP:BID_ASK:3M,2026-07-08,10.892,11.23,10.74,10.907,-1.0,-1.0,-1
GGP:BID_ASK:3M,2026-07-09,10.827,10.98,10.4,10.8385,-1.0,-1.0,-1
GGP:BID_ASK:3M,2026-07-10,11.122,11.6,10.98,11.135,-1.0,-1.0,-1
GGP:BID_ASK:3M,2026-07-13,10.756,11.06,10.64,10.766,-1.0,-1.0,-1
GGP:BID_ASK:3M,2026-07-14,10.604,10.74,10.47,10.616,-1.0,-1.0,-1
GGP:BID_ASK:3M,2026-07-15,10.6915,10.8,10.58,10.7075,-1.0,-1.0,-1
GGP:BID_ASK:3M,2026-07-16,10.6605,10.96,10.6,10.6725,-1.0,-1.0,-1
GGP:BID_ASK:3M,2026-07-17,10.0425,10.41,9.87,10.055,-1.0,-1.0,-1
GGP:BID_ASK:3M,2026-07-20,9.982,10.11,9.81,9.994,-1.0,-1.0,-1
GGP:BID_ASK:3M,2026-07-21,10.045,10.24,9.82,10.0575,-1.0,-1.0,-1
GGP:BID_ASK:3M,2026-07-22,10.468,10.65,10.39,10.479,-1.0,-1.0,-1
GGP:BID_ASK:3M,2026-07-23,10.8365,10.98,10.75,10.848,-1.0,-1.0,-1
GGP:BID_ASK:3M,2026-07-24,10.1665,10.93,10.01,10.179,-1.0,-1.0,-1
GGP:BID_ASK:3M,2026-07-27,10.4995,10.6,10.35,10.5105,-1.0,-1.0,-1
GGP:BID_ASK:3M,2026-07-28,10.272,10.45,10.15,10.283,-1.0,-1.0,-1
GGP:BID_ASK:3M,2026-07-29,10.117,10.37,9.9,10.1295,-1.0,-1.0,-1
GGP:BID_ASK:3M,2026-07-30,10.0795,10.29,9.82,10.093,-1.0,-1.0,-1
GGP:BID_ASK:3M,2026-07-31,10.1385,10.48,10.02,10.1505,-1.0,-1.0,-1
GGP:BID_ASK:3M,2026-08-03,9.9745,10.06,9.7,9.984,-1.0,-1.0,-1
GGP:BID_ASK:3M,2026-08-04,10.335,10.44,10.15,10.349,-1.0,-1.0,-1
GGP:BID_ASK:3M,2026-08-05,10.907,11.23,10.5,10.9205,-1.0,-1.0,-1
GGP:BID_ASK:3M,2026-08-06,11.6735,12.05,11.48,11.6875,-1.0,-1.0,-1
GGP:BID_ASK:3M,2026-08-07,11.702,11.88,11.43,11.714,-1.0,-1.0,-1
GGP:BID_ASK:3M,2026-08-10,12.3845,12.48,12.0,12.3965,-1.0,-1.0,-1
GGP:BID_ASK:3M,2026-08-11,12.672,12.82,12.33,12.6825,-1.0,-1.0,-1
GGP:BID_ASK:3M,2026-08-12,12.5185,12.65,12.2,12.5285,-1.0,-1.0,-1
GGP:BID_ASK:3M,2026-08-13,12.5175,12.79,12.37,12.5275,-1.0,-1.0,-1
GGP:BID_ASK:3M,2026-08-14,12.0065,12.32,11.94,12.018,-1.0,-1.0,-1
GGP:BID_ASK:3M,2026-08-17,12.467,12.63,12.25,12.478,-1.0,-1.0,-1
GGP:BID_ASK:3M,2026-08-18,12.503,12.67,12.31,12.516,-1.0,-1.0,-1
GGP:BID_ASK:3M,2026-08-19,12.271,12.42,11.9,12.2825,-1.0,-1.0,-1
GGP:BID_ASK:3M,2026-08-20,13.362,13.67,12.95,13.372,-1.0,-1.0,-1
GGP:BID_ASK:3M,2026-08-21,13.3655,13.65,13.19,13.3755,-1.0,-1.0,-1
GGP:BID_ASK:3M,2026-08-24,13.5635,13.72,13.32,13.576,-1.0,-1.0,-1
GMD:TRADES:2Y,2024-08-26,2.24,2.25,2.19,2.2,2157273.0,2.212,1820
GMD:TRADES:2Y,2024-08-27,2.19,2.22,2.18,2.19,1901207.0,2.198,2570
GMD:TRADES:2Y,2024-08-28,2.2,2.25,2.185,2.19,2715274.0,2.205,2820
GMD:TRADES:2Y,2024-08-29,2.15,2.18,2.07,2.14,3997077.0,2.1255,3738
GMD:TRADES:2Y,2024-08-30,2.16,2.27,2.13,2.27,4168095.0,2.232,2194
GMD:TRADES:2Y,2024-09-02,2.21,2.21,2.12,2.2,3495925.0,2.1785,3169
GMD:TRADES:2Y,2024-09-03,2.2,2.23,2.17,2.19,4442456.0,2.201,5128
GMD:TRADES:2Y,2024-09-04,2.13,2.16,2.05,2.07,3965587.0,2.0805,3221
GMD:TRADES:2Y,2024-09-05,2.09,2.15,2.07,2.14,4422618.0,2.1245,4115
GMD:TRADES:2Y,2024-09-06,2.15,2.19,2.09,2.18,4327893.0,2.1565,3544
GMD:TRADES:2Y,2024-09-09,2.14,2.14,2.07,2.07,3850092.0,2.095,4215
GMD:TRADES:2Y,2024-09-10,2.09,2.115,2.09,2.11,3113920.0,2.104,2299
GMD:TRADES:2Y,2024-09-11,2.14,2.18,2.11,2.11,2549471.0,2.138,2958
GMD:TRADES:2Y,2024-09-12,2.14,2.16,2.12,2.15,2149429.0,2.143,2079
GMD:TRADES:2Y,2024-09-13,2.23,2.24,2.18,2.2,6735299.0,2.207,3695
GMD:TRADES:2Y,2024-09-16,2.21,2.22,2.16,2.17,4131052.0,2.186,2670
GMD:TRADES:2Y,2024-09-17,2.19,2.205,2.09,2.11,4121319.0,2.1455,3666
GMD:TRADES:2Y,2024-09-18,2.08,2.12,2.05,2.1,3969576.0,2.0915,2734
GMD:TRADES:2Y,2024-09-19,2.1,2.14,2.06,2.12,4272902.0,2.107,3177
GMD:TRADES:2Y,2024-09-20,2.14,2.19,2.11,2.11,16723740.0,2.1255,3562
GMD:TRADES:2Y,2024-09-23,2.11,2.16,2.07,2.11,3613980.0,2.1175,2575
GMD:TRADES:2Y,2024-09-24,2.07,2.1,2.05,2.07,5412461.0,2.07,2971
GMD:TRADES:2Y,2024-09-25,2.14,2.185,2.1,2.1,4686093.0,2.128,3149
GMD:TRADES:2Y,2024-09-26,2.13,2.15,2.09,2.15,4486538.0,2.132,3252
GMD:TRADES:2Y,2024-09-27,2.11,2.15,2.09,2.15,4059692.0,2.1295,3082
GMD:TRADES:2Y,2024-09-30,2.14,2.14,2.03,2.06,5206374.0,2.064,2902
GMD:TRADES:2Y,2024-10-01,2.04,2.05,2.01,2.04,2980267.0,2.0305,2089
GMD:TRADES:2Y,2024-10-02,2.08,2.125,2.07,2.09,4582994.0,2.0965,2941
GMD:TRADES:2Y,2024-10-03,2.08,2.08,2.0,2.02,2480181.0,2.0245,3933
GMD:TRADES:2Y,2024-10-04,2.02,2.045,1.98,2.04,2715221.0,2.0245,2628
GMD:TRADES:2Y,2024-10-07,2.04,2.04,1.98,2.02,2150165.0,2.012,2440
GMD:TRADES:2Y,2024-10-08,1.995,2.03,1.99,2.01,2085989.0,2.0095,1944
GMD:TRADES:2Y,2024-10-09,1.98,2.03,1.98,1.995,1685313.0,2.0005,1443
GMD:TRADES:2Y,2024-10-10,2.02,2.035,2.005,2.03,1368518.0,2.0235,1556
GMD:TRADES:2Y,2024-10-11,2.05,2.1,2.05,2.07,2396976.0,2.0725,1783
GMD:TRADES:2Y,2024-10-14,2.09,2.09,2.04,2.05,2751401.0,2.063,1992
GMD:TRADES:2Y,2024-10-15,2.08,2.13,2.07,2.08,2440839.0,2.0915,2192
GMD:TRADES:2Y,2024-10-16,2.12,2.19,2.11,2.19,4061610.0,2.165,2704
GMD:TRADES:2Y,2024-10-17,2.24,2.32,2.2,2.32,11865591.0,2.26,4446
GMD:TRADES:2Y,2024-10-18,2.3,2.32,2.255,2.3,7249550.0,2.2895,3565
GMD:TRADES:2Y,2024-10-21,2.4,2.475,2.375,2.47,5168110.0,2.433,3927
GMD:TRADES:2Y,2024-10-22,2.43,2.49,2.385,2.49,4192830.0,2.452,3260
GMD:TRADES:2Y,2024-10-23,2.47,2.575,2.46,2.56,6677962.0,2.534,3476
GMD:TRADES:2Y,2024-10-24,2.49,2.52,2.43,2.49,4770149.0,2.479,4156
GMD:TRADES:2Y,2024-10-25,2.47,2.53,2.45,2.53,3435226.0,2.5035,2753
GMD:TRADES:2Y,2024-10-28,2.5,2.505,2.42,2.44,3214933.0,2.452,2751
GMD:TRADES:2Y,2024-10-29,2.46,2.495,2.42,2.47,3834331.0,2.462,3398
GMD:TRADES:2Y,2024-10-30,2.5,2.505,2.39,2.44,5409656.0,2.45,2900
GMD:TRADES:2Y,2024-10-31,2.4,2.46,2.38,2.45,2871958.0,2.4425,3092
GMD:TRADES:2Y,2024-11-01,2.4,2.4,2.33,2.34,3397542.0,2.356,2967
GMD:TRADES:2Y,2024-11-04,2.34,2.36,2.3,2.32,2735267.0,2.3265,3607
GMD:TRADES:2Y,2024-11-05,2.3,2.31,2.25,2.26,1897697.0,2.271,2314
GMD:TRADES:2Y,2024-11-06,2.26,2.3,2.19,2.23,3257980.0,2.2385,3339
GMD:TRADES:2Y,2024-11-07,2.17,2.17,2.09,2.14,6923594.0,2.139,4535
GMD:TRADES:2Y,2024-11-08,2.19,2.26,2.18,2.24,6153807.0,2.231,3956
GMD:TRADES:2Y,2024-11-11,2.23,2.35,2.23,2.33,4267388.0,2.3175,5645
GMD:TRADES:2Y,2024-11-12,2.24,2.31,2.2,2.3,6490720.0,2.273,5021
GMD:TRADES:2Y,2024-11-13,2.28,2.335,2.26,2.3,5194691.0,2.305,4731
GMD:TRADES:2Y,2024-11-14,2.28,2.29,2.21,2.23,4133978.0,2.248,3682
GMD:TRADES:2Y,2024-11-15,2.3,2.31,2.24,2.27,2144324.0,2.2755,3093
GMD:TRADES:2Y,2024-11-18,2.27,2.36,2.26,2.31,3517031.0,2.319,3051
GMD:TRADES:2Y,2024-11-19,2.34,2.45,2.34,2.42,3577407.0,2.412,3667
GMD:TRADES:2Y,2024-11-20,2.46,2.5,2.46,2.47,3111288.0,2.4735,2179
GMD:TRADES:2Y,2024-11-21,2.5,2.5,2.46,2.48,2626640.0,2.478,2380
GMD:TRADES:2Y,2024-11-22,2.5,2.53,2.49,2.5,2380462.0,2.507,3446
GMD:TRADES:2Y,2024-11-25,2.53,2.54,2.45,2.48,6137138.0,2.4835,3292
GMD:TRADES:2Y,2024-11-26,2.44,2.47,2.41,2.43,2955188.0,2.438,2927
GMD:TRADES:2Y,2024-11-27,2.51,2.555,2.51,2.52,2532061.0,2.525,2674
GMD:TRADES:2Y,2024-11-28,2.54,2.58,2.52,2.52,2157537.0,2.5465,2697
GMD:TRADES:2Y,2024-11-29,2.52,2.54,2.48,2.53,1708835.0,2.523,1398
GMD:TRADES:2Y,2024-12-02,2.53,2.56,2.465,2.49,1812163.0,2.503,2412
GMD:TRADES:2Y,2024-12-03,2.49,2.5,2.43,2.43,1610079.0,2.446,2062
GMD:TRADES:2Y,2024-12-04,2.44,2.46,2.4,2.41,2156998.0,2.42,4625
GMD:TRADES:2Y,2024-12-05,2.49,2.63,2.45,2.63,4656293.0,2.552,4042
GMD:TRADES:2Y,2024-12-06,2.61,2.68,2.57,2.62,2844910.0,2.61,4623
GMD:TRADES:2Y,2024-12-09,2.59,2.69,2.59,2.67,1686894.0,2.6565,2327
GMD:TRADES:2Y,2024-12-10,2.75,2.815,2.7,2.74,3101556.0,2.7545,3076
GMD:TRADES:2Y,2024-12-11,2.76,2.8,2.735,2.77,2535809.0,2.773,4110
GMD:TRADES:2Y,2024-12-12,2.85,2.85,2.74,2.74,1498640.0,2.7955,1906
GMD:TRADES:2Y,2024-12-13,2.73,2.73,2.66,2.71,3941746.0,2.6995,3135
GMD:TRADES:2Y,2024-12-16,2.66,2.67,2.59,2.61,2048571.0,2.613,3480
GMD:TRADES:2Y,2024-12-17,2.58,2.64,2.57,2.63,1724028.0,2.6225,2978
GMD:TRADES:2Y,2024-12-18,2.64,2.66,2.58,2.59,1764547.0,2.606,2681
GMD:TRADES:2Y,2024-12-19,2.49,2.58,2.48,2.54,3538167.0,2.5245,3601
GMD:TRADES:2Y,2024-12-20,2.5,2.52,2.455,2.5,7368701.0,2.499,3091
GMD:TRADES:2Y,2024-12-23,2.51,2.565,2.5,2.54,1972536.0,2.5395,2830
GMD:TRADES:2Y,2024-12-24,2.54,2.57,2.5,2.53,824744.0,2.523,1402
GMD:TRADES:2Y,2024-12-27,2.53,2.56,2.505,2.55,1082721.0,2.533,1521
GMD:TRADES:2Y,2024-12-30,2.52,2.55,2.49,2.52,1295689.0,2.5135,1666
GMD:TRADES:2Y,2024-12-31,2.47,2.48,2.435,2.47,1368309.0,2.4635,1125
GMD:TRADES:2Y,2025-01-02,2.47,2.5,2.43,2.48,1048374.0,2.4705,1967
GMD:TRADES:2Y,2025-01-03,2.55,2.59,2.53,2.53,2347141.0,2.561,2843
GMD:TRADES:2Y,2025-01-06,2.53,2.59,2.52,2.58,2086399.0,2.5755,2683
GMD:TRADES:2Y,2025-01-07,2.57,2.59,2.53,2.58,1366872.0,2.5695,2041
GMD:TRADES:2Y,2025-01-08,2.58,2.71,2.58,2.69,3412178.0,2.6755,3105
GMD:TRADES:2Y,2025-01-09,2.68,2.74,2.66,2.7,2416765.0,2.704,2843
GMD:TRADES:2Y,2025-01-10,2.72,2.75,2.7,2.72,3068166.0,2.7295,2603
GMD:TRADES:2Y,2025-01-13,2.73,2.775,2.7,2.75,2033817.0,2.7475,2024
GMD:TRADES:2Y,2025-01-14,2.69,2.77,2.69,2.76,1848381.0,2.7535,1918
GMD:TRADES:2Y,2025-01-15,2.78,2.805,2.73,2.74,2112716.0,2.7585,2289
GMD:TRADES:2Y,2025-01-16,2.88,2.945,2.84,2.86,3934848.0,2.8705,4631
GMD:TRADES:2Y,2025-01-17,2.88,2.94,2.83,2.91,4495518.0,2.889,2924
GMD:TRADES:2Y,2025-01-20,2.92,2.92,2.85,2.88,1526248.0,2.8765,1994
GMD:TRADES:2Y,2025-01-21,2.91,2.98,2.9,2.94,3453317.0,2.9435,2385
GMD:TRADES:2Y,2025-01-22,2.99,3.07,2.95,3.06,2905901.0,3.0235,3220
GMD:TRADES:2Y,2025-01-23,3.05,3.11,3.045,3.05,3952567.0,3.0705,3956
GMD:TRADES:2Y,2025-01-24,3.04,3.07,3.0,3.06,1816019.0,3.0435,2955
GMD:TRADES:2Y,2025-01-28,3.0,3.05,2.95,3.0,3537234.0,2.9925,4206
GMD:TRADES:2Y,2025-01-29,3.04,3.1,3.01,3.08,2599015.0,3.072,2244
GMD:TRADES:2Y,2025-01-30,3.11,3.15,3.1,3.12,2194102.0,3.1215,1951
GMD:TRADES:2Y,2025-01-31,3.19,3.22,3.15,3.19,2703006.0,3.1935,2510
GMD:TRADES:2Y,2025-02-03,3.18,3.28,3.14,3.16,2853274.0,3.182,5149
GMD:TRADES:2Y,2025-02-04,3.22,3.27,3.165,3.24,2968257.0,3.2235,2729
GMD:TRADES:2Y,2025-02-05,3.24,3.29,3.24,3.26,2864318.0,3.2665,2954
GMD:TRADES:2Y,2025-02-06,3.3,3.33,3.28,3.31,2800814.0,3.309,3236
GMD:TRADES:2Y,2025-02-07,3.29,3.3,3.22,3.23,2414675.0,3.246,2783
GMD:TRADES:2Y,2025-02-10,3.2,3.23,3.18,3.22,1915717.0,3.209,2328
GMD:TRADES:2Y,2025-02-11,3.23,3.25,3.145,3.22,4108103.0,3.2065,3130
GMD:TRADES:2Y,2025-02-12,3.18,3.23,3.12,3.16,5260763.0,3.176,4780
GMD:TRADES:2Y,2025-02-13,3.24,3.24,3.14,3.22,2385322.0,3.1995,3390
GMD:TRADES:2Y,2025-02-14,3.25,3.32,3.23,3.3,2258099.0,3.282,2576
GMD:TRADES:2Y,2025-02-17,3.18,3.24,3.14,3.19,2299494.0,3.1815,2654
GMD:TRADES:2Y,2025-02-18,3.21,3.24,3.15,3.19,2887442.0,3.186,3181
GMD:TRADES:2Y,2025-02-19,3.22,3.295,3.21,3.28,4017154.0,3.2635,4500
GMD:TRADES:2Y,2025-02-20,3.16,3.19,3.07,3.17,4711325.0,3.138,4016
GMD:TRADES:2Y,2025-02-21,3.22,3.33,3.21,3.3,4358113.0,3.288,3422
GMD:TRADES:2Y,2025-02-24,3.23,3.24,3.16,3.2,3116688.0,3.202,3852
GMD:TRADES:2Y,2025-02-25,3.2,3.27,3.165,3.21,2820790.0,3.216,2633
GMD:TRADES:2Y,2025-02-26,3.19,3.24,3.15,3.18,3977636.0,3.189,3039
GMD:TRADES:2Y,2025-02-27,3.21,3.295,3.2,3.23,3077564.0,3.246,3163
GMD:TRADES:2Y,2025-02-28,3.18,3.21,3.12,3.18,7908234.0,3.177,3499
GMD:TRADES:2Y,2025-03-03,3.22,3.225,3.17,3.19,1448877.0,3.1935,2089
GMD:TRADES:2Y,2025-03-04,3.2,3.25,3.185,3.21,2166306.0,3.2065,2719
GMD:TRADES:2Y,2025-03-05,3.21,3.22,3.12,3.17,3773201.0,3.162,3748
GMD:TRADES:2Y,2025-03-06,3.2,3.27,3.175,3.26,4382955.0,3.2395,3943
GMD:TRADES:2Y,2025-03-07,3.26,3.26,3.15,3.18,2750019.0,3.185,2953
GMD:TRADES:2Y,2025-03-10,3.2,3.22,3.17,3.19,1675035.0,3.1975,2569
GMD:TRADES:2Y,2025-03-11,3.13,3.13,2.975,3.06,5535547.0,3.0475,4227
GMD:TRADES:2Y,2025-03-12,3.1,3.14,3.05,3.06,5458167.0,3.086,6071
GMD:TRADES:2Y,2025-03-13,3.1,3.22,3.09,3.22,5249279.0,3.169,5112
GMD:TRADES:2Y,2025-03-14,3.28,3.49,3.26,3.4,7785195.0,3.398,5754
GMD:TRADES:2Y,2025-03-17,3.43,3.53,3.4,3.46,4030878.0,3.473,6052
GMD:TRADES:2Y,2025-03-18,3.49,3.56,3.415,3.53,4545153.0,3.499,6206
GMD:TRADES:2Y,2025-03-19,3.53,3.58,3.465,3.49,6057921.0,3.5215,5849
GMD:TRADES:2Y,2025-03-20,3.61,3.66,3.51,3.6,9156572.0,3.6025,5555
GMD:TRADES:2Y,2025-03-21,3.62,3.77,3.59,3.65,11623307.0,3.681,6084
GMD:TRADES:2Y,2025-03-24,3.64,3.665,3.57,3.59,5120192.0,3.619,6179
GMD:TRADES:2Y,2025-03-25,3.53,3.65,3.52,3.61,4358597.0,3.608,4446
GMD:TRADES:2Y,2025-03-26,3.65,3.73,3.65,3.71,3736323.0,3.705,3985
GMD:TRADES:2Y,2025-03-27,3.72,3.78,3.69,3.72,3317761.0,3.7265,3551
GMD:TRADES:2Y,2025-03-28,3.8,3.86,3.7,3.72,5261614.0,3.764,7677
GMD:TRADES:2Y,2025-03-31,3.67,3.745,3.62,3.71,5213041.0,3.6945,4337
GMD:TRADES:2Y,2025-04-01,3.71,3.78,3.61,3.75,6387126.0,3.706,5900
GMD:TRADES:2Y,2025-04-02,3.8,3.8,3.68,3.69,4257808.0,3.7165,4135
GMD:TRADES:2Y,2025-04-03,3.67,3.74,3.655,3.7,4219530.0,3.6935,4230
GMD:TRADES:2Y,2025-04-04,3.65,3.67,3.56,3.57,3536811.0,3.6055,3985
GMD:TRADES:2Y,2025-04-07,3.33,3.405,3.22,3.39,8497847.0,3.338,8518
GMD:TRADES:2Y,2025-04-08,3.38,3.61,3.35,3.61,6184848.0,3.5465,5969
GMD:TRADES:2Y,2025-04-09,3.53,3.67,3.53,3.62,6729882.0,3.6205,6672
GMD:TRADES:2Y,2025-04-10,3.76,3.92,3.7,3.9,6633994.0,3.838,4840
GMD:TRADES:2Y,2025-04-11,3.93,4.05,3.91,3.99,5333168.0,3.994,7263
GMD:TRADES:2Y,2025-04-14,4.03,4.12,4.02,4.06,5596243.0,4.0735,6834
GMD:TRADES:2Y,2025-04-15,4.0,4.05,3.97,4.05,3627257.0,4.0265,4876
GMD:TRADES:2Y,2025-04-16,4.12,4.45,4.12,4.39,7609079.0,4.3335,10627
GMD:TRADES:2Y,2025-04-17,4.5,4.59,4.33,4.37,7372349.0,4.4105,9132
GMD:TRADES:2Y,2025-04-22,4.4,4.49,4.31,4.43,5967943.0,4.407,8571
GMD:TRADES:2Y,2025-04-23,4.12,4.17,3.88,3.91,9151686.0,3.977,11499
GMD:TRADES:2Y,2025-04-24,3.96,3.98,3.8,3.89,6717387.0,3.8745,7003
GMD:TRADES:2Y,2025-04-28,3.85,3.87,3.71,3.75,5211269.0,3.7595,5955
GMD:TRADES:2Y,2025-04-29,3.8,3.96,3.785,3.94,4568098.0,3.9155,6099
GMD:TRADES:2Y,2025-04-30,3.98,3.98,3.82,3.86,4858335.0,3.872,4637
GMD:TRADES:2Y,2025-05-01,3.88,3.89,3.79,3.85,3065394.0,3.8435,5460
GMD:TRADES:2Y,2025-05-02,3.84,3.89,3.73,3.89,2123809.0,3.824,4020
GMD:TRADES:2Y,2025-05-05,3.81,3.94,3.775,3.92,1823752.0,3.8945,2802
GMD:TRADES:2Y,2025-05-06,4.08,4.14,4.02,4.08,4539808.0,4.0865,6124
GMD:TRADES:2Y,2025-05-07,4.2,4.23,4.09,4.11,4853339.0,4.1505,9180
GMD:TRADES:2Y,2025-05-08,4.13,4.38,4.1,4.35,4578341.0,4.3025,6556
GMD:TRADES:2Y,2025-05-09,4.26,4.37,4.22,4.36,2724032.0,4.3105,4656
GMD:TRADES:2Y,2025-05-12,4.38,4.39,4.07,4.11,3554864.0,4.153,5518
GMD:TRADES:2Y,2025-05-13,3.77,3.87,3.61,3.67,11988937.0,3.6935,8206
GMD:TRADES:2Y,2025-05-14,3.7,3.84,3.695,3.8,5361322.0,3.7815,7019
GMD:TRADES:2Y,2025-05-15,3.77,3.77,3.67,3.68,4375837.0,3.709,4888
GMD:TRADES:2Y,2025-05-16,3.84,3.895,3.8,3.84,3711134.0,3.848,4473
GMD:TRADES:2Y,2025-05-19,3.8,3.95,3.745,3.94,3265575.0,3.898,4450
GMD:TRADES:2Y,2025-05-20,3.93,3.97,3.85,3.89,2492263.0,3.9085,3316
GMD:TRADES:2Y,2025-05-21,4.07,4.16,4.0,4.15,4454983.0,4.1045,4396
GMD:TRADES:2Y,2025-05-22,4.11,4.4,4.1,4.39,5689435.0,4.3295,5793
GMD:TRADES:2Y,2025-05-23,4.35,4.38,4.3,4.34,2078838.0,4.3345,2964
GMD:TRADES:2Y,2025-05-26,4.42,4.51,4.37,4.43,3848066.0,4.424,4538
GMD:TRADES:2Y,2025-05-27,4.42,4.47,4.345,4.42,2992414.0,4.4065,3546
GMD:TRADES:2Y,2025-05-28,4.44,4.54,4.425,4.48,5568407.0,4.4725,5189
GMD:TRADES:2Y,2025-05-29,4.55,4.56,4.43,4.52,3942807.0,4.514,5583
GMD:TRADES:2Y,2025-05-30,4.51,4.72,4.51,4.72,8982454.0,4.6665,7272
GMD:TRADES:2Y,2025-06-02,4.71,4.77,4.62,4.76,2980187.0,4.7245,7147
GMD:TRADES:2Y,2025-06-03,5.2,5.24,4.945,4.98,4995425.0,5.066,8128
GMD:TRADES:2Y,2025-06-04,4.97,4.97,4.8,4.84,3441730.0,4.8495,4899
GMD:TRADES:2Y,2025-06-05,4.87,4.93,4.72,4.72,4137956.0,4.77,5649
GMD:TRADES:2Y,2025-06-06,4.75,4.805,4.47,4.56,8837038.0,4.564,9659
GMD:TRADES:2Y,2025-06-10,4.34,4.51,4.31,4.5,7232307.0,4.425,8477
GMD:TRADES:2Y,2025-06-11,4.52,4.565,4.39,4.48,4591678.0,4.4885,6945
GMD:TRADES:2Y,2025-06-12,4.59,4.8,4.55,4.75,7218947.0,4.7425,6555
GMD:TRADES:2Y,2025-06-13,4.76,4.97,4.76,4.85,7365300.0,4.87,10833
GMD:TRADES:2Y,2025-06-16,5.06,5.13,4.77,4.78,10362177.0,4.928,12087
GMD:TRADES:2Y,2025-06-17,4.68,4.72,4.585,4.67,8383283.0,4.6545,9460
GMD:TRADES:2Y,2025-06-18,4.74,4.75,4.48,4.53,5088727.0,4.5435,7443
GMD:TRADES:2Y,2025-06-19,4.62,4.62,4.44,4.51,3646332.0,4.547,4763
GMD:TRADES:2Y,2025-06-20,4.48,4.62,4.47,4.61,9453355.0,4.6005,5462
GMD:TRADES:2Y,2025-06-23,4.45,4.625,4.43,4.43,3873127.0,4.482,5914
GMD:TRADES:2Y,2025-06-24,4.52,4.53,4.31,4.52,4505064.0,4.4905,5542
GMD:TRADES:2Y,2025-06-25,4.49,4.52,4.33,4.34,4888015.0,4.368,10476
GMD:TRADES:2Y,2025-06-26,4.34,4.35,4.22,4.35,6770918.0,4.324,9796
GMD:TRADES:2Y,2025-06-27,4.43,4.48,4.29,4.34,3390912.0,4.3685,5186
GMD:TRADES:2Y,2025-06-30,4.26,4.34,4.21,4.3,4465808.0,4.2905,5820
GMD:TRADES:2Y,2025-07-01,4.35,4.4,4.31,4.37,2730333.0,4.3635,5195
GMD:TRADES:2Y,2025-07-02,4.3,4.35,4.26,4.29,2962469.0,4.298,5722
GMD:TRADES:2Y,2025-07-03,4.27,4.31,4.17,4.28,2787358.0,4.251,4287
GMD:TRADES:2Y,2025-07-04,4.31,4.36,4.19,4.23,1949344.0,4.242,4286
GMD:TRADES:2Y,2025-07-07,4.27,4.3,4.13,4.16,3154532.0,4.193,6956
GMD:TRADES:2Y,2025-07-08,4.25,4.35,4.17,4.28,2891637.0,4.2965,6533
GMD:TRADES:2Y,2025-07-09,4.23,4.23,3.945,4.04,2726289.0,4.0355,6273
GMD:TRADES:2Y,2025-07-10,4.1,4.14,4.065,4.12,2295913.0,4.1155,4956
GMD:TRADES:2Y,2025-07-11,4.11,4.13,3.97,4.02,1963634.0,4.0275,4854
GMD:TRADES:2Y,2025-07-14,4.04,4.16,4.03,4.12,3474262.0,4.1155,4818
GMD:TRADES:2Y,2025-07-15,4.05,4.21,4.015,4.21,4715722.0,4.1605,5598
GMD:TRADES:2Y,2025-07-16,3.97,4.07,3.9,4.06,4210401.0,4.028,5301
GMD:TRADES:2Y,2025-07-17,4.09,4.14,3.925,3.95,5283727.0,3.9625,7958
GMD:TRADES:2Y,2025-07-18,3.95,3.99,3.89,3.93,3780933.0,3.926,6721
GMD:TRADES:2Y,2025-07-21,3.92,3.92,3.83,3.87,2836235.0,3.8725,5054
GMD:TRADES:2Y,2025-07-22,4.03,4.13,4.03,4.07,3976384.0,4.088,6031
GMD:TRADES:2Y,2025-07-23,4.21,4.24,4.09,4.12,3650057.0,4.134,7350
GMD:TRADES:2Y,2025-07-24,4.09,4.135,4.02,4.09,4781433.0,4.092,6327
GMD:TRADES:2Y,2025-07-25,4.07,4.09,3.91,3.92,3279454.0,3.9485,4858
GMD:TRADES:2Y,2025-07-28,3.9,3.93,3.82,3.85,2474947.0,3.865,3300
GMD:TRADES:2Y,2025-07-29,3.81,3.82,3.68,3.79,4103437.0,3.7765,8262
GMD:TRADES:2Y,2025-07-30,3.79,3.88,3.72,3.82,1782406.0,3.8285,4605
GMD:TRADES:2Y,2025-07-31,3.67,3.715,3.59,3.69,2456479.0,3.6815,5068
GMD:TRADES:2Y,2025-08-01,3.66,3.66,3.54,3.62,2431145.0,3.621,4984
GMD:TRADES:2Y,2025-08-04,3.72,3.86,3.62,3.76,2535400.0,3.7845,5806
GMD:TRADES:2Y,2025-08-05,3.81,3.89,3.78,3.87,3432953.0,3.8615,4732
GMD:TRADES:2Y,2025-08-06,4.01,4.14,3.96,3.97,4614185.0,4.0025,7467
GMD:TRADES:2Y,2025-08-07,4.0,4.08,3.995,4.01,3502737.0,4.0275,5933
GMD:TRADES:2Y,2025-08-08,4.05,4.1,4.005,4.02,3339964.0,4.0355,3884
GMD:TRADES:2Y,2025-08-11,4.03,4.06,3.97,4.05,2464080.0,4.037,4623
GMD:TRADES:2Y,2025-08-12,4.04,4.07,3.99,4.05,2286252.0,4.043,3346
GMD:TRADES:2Y,2025-08-13,4.16,4.23,4.13,4.18,3748125.0,4.1785,6118
GMD:TRADES:2Y,2025-08-14,4.2,4.24,4.19,4.22,2635457.0,4.216,6712
GMD:TRADES:2Y,2025-08-15,4.25,4.33,4.235,4.32,2602177.0,4.286,4446
GMD:TRADES:2Y,2025-08-18,4.4,4.42,4.28,4.31,2438736.0,4.3175,4327
GMD:TRADES:2Y,2025-08-19,4.34,4.37,4.31,4.35,2736082.0,4.3485,7443
GMD:TRADES:2Y,2025-08-20,4.31,4.42,4.25,4.39,4192589.0,4.354,6163
GMD:TRADES:2Y,2025-08-21,4.58,4.63,4.18,4.25,8468283.0,4.293,9269
GMD:TRADES:2Y,2025-08-22,4.3,4.31,4.02,4.02,7031404.0,4.0925,10301
GMD:TRADES:2Y,2025-08-25,4.13,4.27,4.11,4.25,4863905.0,4.2305,9783
GMD:TRADES:2Y,2025-08-26,4.19,4.34,4.18,4.29,7038519.0,4.277,10362
GMD:TRADES:2Y,2025-08-27,4.41,4.55,4.41,4.55,4233735.0,4.5035,6940
GMD:TRADES:2Y,2025-08-28,4.55,4.55,4.415,4.5,3489256.0,4.486,7874
GMD:TRADES:2Y,2025-08-29,4.52,4.55,4.435,4.51,3615169.0,4.512,5773
GMD:TRADES:2Y,2025-09-01,4.64,5.03,4.63,5.03,7212928.0,4.933,8517
GMD:TRADES:2Y,2025-09-02,5.1,5.16,4.99,5.1,4994860.0,5.0895,7191
GMD:TRADES:2Y,2025-09-03,5.19,5.3,5.08,5.08,6392681.0,5.166,8530
GMD:TRADES:2Y,2025-09-04,5.07,5.15,4.98,5.08,3416604.0,5.073,7349
GMD:TRADES:2Y,2025-09-05,5.08,5.37,5.06,5.36,3975910.0,5.304,7150
GMD:TRADES:2Y,2025-09-08,5.44,5.44,5.235,5.27,4151414.0,5.295,7463
GMD:TRADES:2Y,2025-09-09,5.33,5.37,5.225,5.29,4097766.0,5.2865,6826
GMD:TRADES:2Y,2025-09-10,5.3,5.46,5.24,5.45,5721022.0,5.3915,8901
GMD:TRADES:2Y,2025-09-11,5.51,5.635,5.48,5.59,5006522.0,5.587,9069
GMD:TRADES:2Y,2025-09-12,5.62,5.73,5.54,5.69,5610518.0,5.654,8324
GMD:TRADES:2Y,2025-09-15,5.69,5.71,5.44,5.55,6949765.0,5.575,11835
GMD:TRADES:2Y,2025-09-16,5.65,5.77,5.57,5.59,6447387.0,5.656,14148
GMD:TRADES:2Y,2025-09-17,5.36,5.53,5.27,5.3,8671560.0,5.3575,10241
GMD:TRADES:2Y,2025-09-18,5.27,5.38,5.22,5.3,9453448.0,5.3035,11403
GMD:TRADES:2Y,2025-09-19,5.32,5.32,5.05,5.05,35100502.0,5.0775,13411
GMD:TRADES:2Y,2025-09-22,5.33,5.78,5.29,5.75,10527232.0,5.676,16798
GMD:TRADES:2Y,2025-09-23,5.79,5.95,5.715,5.75,10321946.0,5.7985,14365
GMD:TRADES:2Y,2025-09-24,5.62,5.74,5.58,5.66,9590251.0,5.65,11126
GMD:TRADES:2Y,2025-09-25,5.5,5.64,5.45,5.53,6274670.0,5.5465,10718
GMD:TRADES:2Y,2025-09-26,5.53,5.64,5.46,5.64,6474810.0,5.5875,10081
GMD:TRADES:2Y,2025-09-29,5.75,5.87,5.67,5.85,3965904.0,5.8115,7379
GMD:TRADES:2Y,2025-09-30,5.93,5.99,5.84,5.89,5794166.0,5.9035,8364
GMD:TRADES:2Y,2025-10-01,6.01,6.19,5.93,5.93,7380149.0,6.0155,11917
GMD:TRADES:2Y,2025-10-02,6.0,6.17,5.98,6.14,6093753.0,6.111,10020
GMD:TRADES:2Y,2025-10-03,6.07,6.2,6.06,6.14,5415361.0,6.1455,9444
GMD:TRADES:2Y,2025-10-06,6.14,6.265,6.1,6.22,3948378.0,6.1995,7486
GMD:TRADES:2Y,2025-10-07,6.28,6.32,6.1,6.14,5099215.0,6.1715,7185
GMD:TRADES:2Y,2025-10-08,6.2,6.24,5.97,6.17,4373948.0,6.1015,8972
GMD:TRADES:2Y,2025-10-09,6.29,6.29,6.05,6.2,5710767.0,6.199,11271
GMD:TRADES:2Y,2025-10-10,5.8,6.04,5.62,5.85,7278917.0,5.8995,12294
GMD:TRADES:2Y,2025-10-13,6.04,6.225,5.98,6.07,6261185.0,6.093,9717
GMD:TRADES:2Y,2025-10-14,6.16,6.485,6.16,6.4,6212327.0,6.393,9594
GMD:TRADES:2Y,2025-10-15,6.46,6.6,6.42,6.5,5299859.0,6.4915,12398
GMD:TRADES:2Y,2025-10-16,6.8,7.02,6.75,7.02,8373340.0,6.958,16107
GMD:TRADES:2Y,2025-10-17,7.1,7.17,6.77,6.81,8524156.0,6.8805,17283
GMD:TRADES:2Y,2025-10-20,6.54,6.665,6.5,6.57,5455709.0,6.5725,10254
GMD:TRADES:2Y,2025-10-21,6.75,6.82,6.5,6.61,4300273.0,6.6365,7875
GMD:TRADES:2Y,2025-10-22,6.1,6.12,5.705,5.93,8460417.0,5.9055,15329
GMD:TRADES:2Y,2025-10-23,5.9,6.075,5.87,6.02,5598568.0,6.0125,11005
GMD:TRADES:2Y,2025-10-24,6.1,6.16,5.94,5.94,4745312.0,5.993,10657
GMD:TRADES:2Y,2025-10-27,5.78,5.96,5.78,5.96,4685761.0,5.8875,11250
GMD:TRADES:2Y,2025-10-28,5.66,5.755,5.47,5.72,6182951.0,5.6505,11158
GMD:TRADES:2Y,2025-10-29,5.8,5.8,5.62,5.69,5249822.0,5.681,12908
GMD:TRADES:2Y,2025-10-30,5.68,5.695,5.53,5.64,4183789.0,5.6335,11029
GMD:TRADES:2Y,2025-10-31,5.87,5.95,5.8,5.84,4468382.0,5.858,8790
GMD:TRADES:2Y,2025-11-03,5.68,5.81,5.63,5.7,3098758.0,5.704,9124
GMD:TRADES:2Y,2025-11-04,5.69,5.88,5.65,5.74,3277251.0,5.77,8088
GMD:TRADES:2Y,2025-11-05,5.58,5.68,5.38,5.67,5115132.0,5.552,14142
GMD:TRADES:2Y,2025-11-06,5.79,5.9,5.725,5.88,2983005.0,5.8655,7882
GMD:TRADES:2Y,2025-11-07,5.87,5.99,5.85,5.88,4025600.0,5.8995,9126
GMD:TRADES:2Y,2025-11-10,5.97,6.03,5.88,6.03,3977119.0,5.9875,8665
GMD:TRADES:2Y,2025-11-11,6.43,6.43,6.18,6.2,4505524.0,6.2805,12926
GMD:TRADES:2Y,2025-11-12,6.21,6.3,6.16,6.19,4287456.0,6.2215,7884
GMD:TRADES:2Y,2025-11-13,6.39,6.4,6.27,6.34,2792310.0,6.333,8535
GMD:TRADES:2Y,2025-11-14,6.19,6.29,6.08,6.29,4620513.0,6.231,7302
GMD:TRADES:2Y,2025-11-17,6.29,6.47,6.15,6.45,4067972.0,6.4035,7772
GMD:TRADES:2Y,2025-11-18,6.32,6.41,6.17,6.17,4177600.0,6.266,7199
GMD:TRADES:2Y,2025-11-19,6.42,6.42,6.25,6.35,4236578.0,6.34,7640
GMD:TRADES:2Y,2025-11-20,6.44,6.605,6.39,6.6,3247762.0,6.547,5612
GMD:TRADES:2Y,2025-11-21,6.38,6.38,6.15,6.17,4339268.0,6.213,7252
GMD:TRADES:2Y,2025-11-24,6.32,6.39,6.25,6.25,3697835.0,6.282,5598
GMD:TRADES:2Y,2025-11-25,6.56,6.73,6.42,6.53,3549537.0,6.536,9074
GMD:TRADES:2Y,2025-11-26,6.51,6.62,6.43,6.62,3913787.0,6.5835,9090
GMD:TRADES:2Y,2025-11-27,6.83,6.83,6.65,6.76,3153899.0,6.7305,8294
GMD:TRADES:2Y,2025-11-28,6.68,6.78,6.62,6.66,2639327.0,6.698,3855
GMD:TRADES:2Y,2025-12-01,6.84,6.88,6.45,6.55,4303897.0,6.598,9097
GMD:TRADES:2Y,2025-12-02,6.55,6.715,6.52,6.55,3861235.0,6.577,8874
GMD:TRADES:2Y,2025-12-03,6.48,6.595,6.44,6.59,3576991.0,6.5495,8250
GMD:TRADES:2Y,2025-12-04,6.51,6.59,6.37,6.37,3744995.0,6.4375,6636
GMD:TRADES:2Y,2025-12-05,6.61,6.61,6.38,6.4,2484021.0,6.43,7677
GMD:TRADES:2Y,2025-12-08,6.37,6.43,6.17,6.17,4228708.0,6.233,8395
GMD:TRADES:2Y,2025-12-09,6.17,6.26,6.07,6.08,3090566.0,6.121,6782
GMD:TRADES:2Y,2025-12-10,6.2,6.36,6.17,6.35,4242509.0,6.29,7459
GMD:TRADES:2Y,2025-12-11,6.46,6.485,6.34,6.41,3822935.0,6.4185,7101
GMD:TRADES:2Y,2025-12-12,6.61,6.94,6.61,6.9,4491584.0,6.8285,9767
GMD:TRADES:2Y,2025-12-15,6.75,6.87,6.455,6.53,5518033.0,6.5765,10982
GMD:TRADES:2Y,2025-12-16,6.62,6.65,6.37,6.45,6260325.0,6.455,12074
GMD:TRADES:2Y,2025-12-17,6.4,6.9,6.39,6.86,5452628.0,6.7635,10671
GMD:TRADES:2Y,2025-12-18,6.87,6.92,6.65,6.88,8027738.0,6.829,17698
GMD:TRADES:2Y,2025-12-19,6.95,7.07,6.66,6.99,14858312.0,6.969,14601
GMD:TRADES:2Y,2025-12-22,7.0,7.3,6.95,7.29,3877886.0,7.228,8632
GMD:TRADES:2Y,2025-12-23,7.29,7.38,7.21,7.35,2967653.0,7.328,7330
GMD:TRADES:2Y,2025-12-24,7.37,7.5,7.31,7.46,2102305.0,7.444,4895
GMD:TRADES:2Y,2025-12-29,7.52,7.63,7.33,7.39,2067184.0,7.4345,7685
GMD:TRADES:2Y,2025-12-30,7.09,7.215,6.9,7.2,2533287.0,7.1485,6990
GMD:TRADES:2Y,2025-12-31,7.2,7.29,7.14,7.25,1794204.0,7.249,3868
GMD:TRADES:2Y,2026-01-02,7.16,7.33,7.05,7.3,1303594.0,7.2855,5300
GMD:TRADES:2Y,2026-01-05,7.3,7.56,7.255,7.54,3816708.0,7.4715,10581
GMD:TRADES:2Y,2026-01-06,7.57,7.6,7.38,7.48,2729538.0,7.476,10754
GMD:TRADES:2Y,2026-01-07,7.58,7.62,7.38,7.49,3050280.0,7.4995,9500
GMD:TRADES:2Y,2026-01-08,7.42,7.49,7.375,7.4,2382395.0,7.414,9552
GMD:TRADES:2Y,2026-01-09,7.56,7.6,7.26,7.29,3102759.0,7.3645,8726
GMD:TRADES:2Y,2026-01-12,7.46,7.62,7.38,7.48,2944575.0,7.4915,9428
GMD:TRADES:2Y,2026-01-13,7.51,7.59,7.45,7.55,2952021.0,7.5405,11029
GMD:TRADES:2Y,2026-01-14,7.55,7.6,7.47,7.54,2246581.0,7.5265,7730
GMD:TRADES:2Y,2026-01-15,7.39,7.56,7.25,7.32,3225809.0,7.388,8815
GMD:TRADES:2Y,2026-01-16,7.4,7.45,7.24,7.3,3065670.0,7.2965,10641
GMD:TRADES:2Y,2026-01-19,7.39,7.68,7.3,7.57,3861286.0,7.562,9696
GMD:TRADES:2Y,2026-01-20,7.55,7.65,7.43,7.62,1931445.0,7.5855,8511
GMD:TRADES:2Y,2026-01-21,7.78,7.93,7.69,7.85,3386761.0,7.831,8180
GMD:TRADES:2Y,2026-01-22,7.7,7.76,7.39,7.46,4592890.0,7.5,12277
GMD:TRADES:2Y,2026-01-23,7.86,8.13,7.71,7.86,5632391.0,7.9375,11018
GMD:TRADES:2Y,2026-01-27,8.05,8.12,7.78,7.93,4581708.0,7.919,11602
GMD:TRADES:2Y,2026-01-28,7.96,8.13,7.88,8.13,4139982.0,8.059,11938
GMD:TRADES:2Y,2026-01-29,8.2,8.42,8.08,8.42,5452979.0,8.2715,15252
GMD:TRADES:2Y,2026-01-30,8.28,8.4,7.49,7.59,6657171.0,7.785,15701
GMD:TRADES:2Y,2026-02-02,7.28,7.29,6.69,6.97,9244417.0,6.9965,19390
GMD:TRADES:2Y,2026-02-03,7.03,7.29,7.0,7.1,5077119.0,7.1595,12696
GMD:TRADES:2Y,2026-02-04,7.36,7.41,7.19,7.31,5010807.0,7.2935,15512
GMD:TRADES:2Y,2026-02-05,7.02,7.23,6.76,6.87,4488051.0,6.9315,13157
GMD:TRADES:2Y,2026-02-06,6.6,6.69,6.27,6.65,7640420.0,6.5425,23286
GMD:TRADES:2Y,2026-02-09,6.97,7.0,6.77,6.87,3807398.0,6.8645,12855
GMD:TRADES:2Y,2026-02-10,7.07,7.14,6.94,7.06,3159163.0,7.0425,10630
GMD:TRADES:2Y,2026-02-11,7.05,7.26,7.01,7.24,2470341.0,7.184,7815
GMD:TRADES:2Y,2026-02-12,7.24,7.28,7.12,7.2,3320007.0,7.204,9807
GMD:TRADES:2Y,2026-02-13,6.7,6.93,6.66,6.87,3914800.0,6.8225,8542
GMD:TRADES:2Y,2026-02-16,7.0,7.47,6.93,7.38,4673350.0,7.3155,10401
GMD:TRADES:2Y,2026-02-17,7.35,7.35,7.12,7.17,3580263.0,7.1985,9632
GMD:TRADES:2Y,2026-02-18,7.11,7.11,6.885,6.96,3904380.0,6.948,8501
GMD:TRADES:2Y,2026-02-19,7.37,7.37,7.01,7.09,3928287.0,7.121,9706
GMD:TRADES:2Y,2026-02-20,7.22,7.22,6.83,6.87,2583938.0,6.941,7467
GMD:TRADES:2Y,2026-02-23,7.01,7.25,6.96,7.24,2954545.0,7.1595,8467
GMD:TRADES:2Y,2026-02-24,7.38,7.45,7.05,7.2,3808580.0,7.2305,12586
GMD:TRADES:2Y,2026-02-25,7.19,7.31,7.09,7.29,3398165.0,7.2585,12120
GMD:TRADES:2Y,2026-02-26,7.22,7.31,7.07,7.21,3150019.0,7.187,8066
GMD:TRADES:2Y,2026-02-27,7.39,7.57,7.275,7.43,5184952.0,7.439,9876
GMD:TRADES:2Y,2026-03-02,7.65,8.07,7.6,8.06,7763913.0,7.9715,15528
GMD:TRADES:2Y,2026-03-03,7.87,8.16,7.82,8.13,4762734.0,8.0485,11988
GMD:TRADES:2Y,2026-03-04,7.35,7.75,7.08,7.57,7484681.0,7.5435,14623
GMD:TRADES:2Y,2026-03-05,7.5,7.55,7.21,7.25,4132475.0,7.2975,10097
GMD:TRADES:2Y,2026-03-06,6.89,7.13,6.69,6.73,7762615.0,6.8455,16650
GMD:TRADES:2Y,2026-03-09,6.6,6.73,6.38,6.51,4590227.0,6.506,12389
GMD:TRADES:2Y,2026-03-10,6.84,6.9,6.63,6.77,3953745.0,6.765,9203
GMD:TRADES:2Y,2026-03-11,6.92,6.92,6.67,6.8,3588514.0,6.78,13500
GMD:TRADES:2Y,2026-03-12,6.56,6.81,6.55,6.66,3833216.0,6.685,11623
GMD:TRADES:2Y,2026-03-13,6.55,6.55,6.14,6.26,4902380.0,6.306,12504
GMD:TRADES:2Y,2026-03-16,5.97,6.1,5.86,5.99,5991474.0,5.9825,14300
GMD:TRADES:2Y,2026-03-17,6.0,6.24,5.93,6.21,3822972.0,6.138,8999
GMD:TRADES:2Y,2026-03-18,6.18,6.19,6.015,6.17,2929995.0,6.1195,7820
GMD:TRADES:2Y,2026-03-19,5.74,5.76,5.48,5.51,6942468.0,5.585,11640
GMD:TRADES:2Y,2026-03-20,5.49,5.74,5.36,5.63,23262279.0,5.6275,14530
GMD:TRADES:2Y,2026-03-23,5.36,5.51,5.23,5.35,9157086.0,5.352,14903
GMD:TRADES:2Y,2026-03-24,5.85,5.85,5.625,5.72,10814539.0,5.7205,14129
GMD:TRADES:2Y,2026-03-25,6.02,6.36,6.02,6.11,8159725.0,6.1875,12639
GMD:TRADES:2Y,2026-03-26,6.03,6.06,5.765,5.85,3498601.0,5.8585,7645
GMD:TRADES:2Y,2026-03-27,5.73,5.77,5.57,5.62,6651774.0,5.626,8930
GMD:TRADES:2Y,2026-03-30,5.77,5.79,5.46,5.57,5997348.0,5.5555,10479
GMD:TRADES:2Y,2026-03-31,5.62,5.91,5.41,5.89,6326711.0,5.7985,11333
GMD:TRADES:2Y,2026-04-01,6.39,6.4,6.18,6.25,7295400.0,6.2865,12813
GMD:TRADES:2Y,2026-04-02,6.44,6.5,5.84,5.87,6187089.0,6.021,10757
GMD:TRADES:2Y,2026-04-07,6.18,6.18,5.98,6.03,3399944.0,6.043,8532
GMD:TRADES:2Y,2026-04-08,6.72,6.73,6.39,6.62,6589523.0,6.6055,14405
GMD:TRADES:2Y,2026-04-09,6.38,6.53,6.23,6.53,3063574.0,6.422,9261
GMD:TRADES:2Y,2026-04-10,6.42,6.6,6.35,6.54,2787362.0,6.522,6459
GMD:TRADES:2Y,2026-04-13,6.34,6.53,6.24,6.5,4422843.0,6.4235,9246
GMD:TRADES:2Y,2026-04-14,6.34,6.46,6.3,6.41,3664999.0,6.39,7800
GMD:TRADES:2Y,2026-04-15,6.63,6.8,6.62,6.73,4672882.0,6.723,11281
GMD:TRADES:2Y,2026-04-16,6.65,6.73,6.52,6.67,2768933.0,6.653,7919
GMD:TRADES:2Y,2026-04-17,6.69,6.785,6.53,6.58,4456069.0,6.5985,8426
GMD:TRADES:2Y,2026-04-20,6.57,6.83,6.41,6.74,2300783.0,6.7145,7354
GMD:TRADES:2Y,2026-04-21,6.68,6.77,6.61,6.68,1920818.0,6.683,6832
GMD:TRADES:2Y,2026-04-22,6.42,6.63,6.405,6.61,1887569.0,6.555,7092
GMD:TRADES:2Y,2026-04-23,6.62,6.66,6.39,6.58,2156272.0,6.56,7312
GMD:TRADES:2Y,2026-04-24,6.4,6.51,6.25,6.32,2725232.0,6.3365,7574
GMD:TRADES:2Y,2026-04-27,6.26,6.48,6.19,6.42,1559463.0,6.384,5795
GMD:TRADES:2Y,2026-04-28,6.31,6.38,6.23,6.27,2477247.0,6.2795,6576
GMD:TRADES:2Y,2026-04-29,6.18,6.37,6.18,6.35,2313107.0,6.3225,7150
GMD:TRADES:2Y,2026-04-30,6.1,6.16,5.78,5.81,5119122.0,5.867,10488
GMD:TRADES:2Y,2026-05-01,6.05,6.2,5.74,5.74,3808191.0,5.8135,11733
GMD:TRADES:2Y,2026-05-04,5.77,5.81,5.67,5.81,3164592.0,5.754,9231
GMD:TRADES:2Y,2026-05-05,5.72,5.94,5.58,5.85,2936040.0,5.822,10694
GMD:TRADES:2Y,2026-05-06,5.96,6.01,5.75,5.9,3859778.0,5.884,11904
GMD:TRADES:2Y,2026-05-07,6.2,6.28,6.07,6.16,5423026.0,6.171,11307
GMD:TRADES:2Y,2026-05-08,6.12,6.22,6.07,6.22,2492305.0,6.181,6967
GMD:TRADES:2Y,2026-05-11,6.1,6.245,6.05,6.14,3223436.0,6.159,8357
GMD:TRADES:2Y,2026-05-12,6.47,6.62,6.4,6.52,4417119.0,6.5295,13076
GMD:TRADES:2Y,2026-05-13,6.56,6.72,6.56,6.64,3617150.0,6.651,9523
GMD:TRADES:2Y,2026-05-14,6.61,6.63,6.47,6.47,2556941.0,6.5065,9586
GMD:TRADES:2Y,2026-05-15,6.42,6.5,6.31,6.31,3529449.0,6.3605,8621
GMD:TRADES:2Y,2026-05-18,6.09,6.12,5.93,6.04,3467611.0,6.0125,11249
GMD:TRADES:2Y,2026-05-19,6.23,6.3,6.0,6.08,3568175.0,6.1105,13080
GMD:TRADES:2Y,2026-05-20,5.93,5.98,5.78,5.8,6514959.0,5.8285,10248
GMD:TRADES:2Y,2026-05-21,6.0,6.06,5.78,5.84,5323023.0,5.8595,11140
GMD:TRADES:2Y,2026-05-22,5.92,6.05,5.85,5.9,4376907.0,5.9325,9703
GMD:TRADES:2Y,2026-05-25,6.0,6.46,6.0,6.4,4034797.0,6.3185,8725
GMD:TRADES:2Y,2026-05-26,6.4,6.44,6.21,6.26,3508792.0,6.268,9921
GMD:TRADES:2Y,2026-05-27,6.26,6.33,6.18,6.2,2095034.0,6.2125,8521
GMD:TRADES:2Y,2026-05-28,6.01,6.08,5.56,5.57,5116613.0,5.704,12833
GMD:TRADES:2Y,2026-05-29,5.93,5.97,5.81,5.86,6744415.0,5.8835,7388
GMD:TRADES:2Y,2026-06-01,5.88,6.07,5.87,5.91,1919866.0,5.9475,7898
GMD:TRADES:2Y,2026-06-02,5.72,6.03,5.59,5.95,3723337.0,5.8475,10612
GMD:TRADES:2Y,2026-06-03,5.91,5.98,5.84,5.9,2144013.0,5.9105,7279
GMD:TRADES:2Y,2026-06-04,5.72,5.81,5.61,5.61,3131537.0,5.6645,7161
GMD:TRADES:2Y,2026-06-05,5.57,5.59,5.3,5.36,4899020.0,5.375,12692
GMD:TRADES:2Y,2026-06-09,5.1,5.235,4.9,5.21,5995107.0,5.139,17236
GMD:TRADES:2Y,2026-06-10,5.05,5.11,4.73,4.88,8041230.0,4.903,17611
GMD:TRADES:2Y,2026-06-11,4.6,4.83,4.51,4.79,3783408.0,4.7195,13130
GMD:TRADES:2Y,2026-06-12,5.15,5.36,5.09,5.33,6196247.0,5.2225,15101
GMD:TRADES:2Y,2026-06-15,5.6,5.81,5.55,5.77,2995325.0,5.743,10579
GMD:TRADES:2Y,2026-06-16,5.69,5.91,5.62,5.86,2600837.0,5.7865,6896
GMD:TRADES:2Y,2026-06-17,5.88,6.21,5.85,6.18,2833521.0,6.0905,9055
GMD:TRADES:2Y,2026-06-18,6.09,6.34,5.98,6.25,4060748.0,6.196,8707
GMD:TRADES:2Y,2026-06-19,6.11,6.16,5.94,5.96,2118816.0,6.021,10043
GMD:TRADES:2Y,2026-06-22,5.86,6.19,5.78,6.155,2012266.0,6.0645,5979
GMD:TRADES:2Y,2026-06-23,6.16,6.19,5.805,5.84,2909311.0,6.0225,8746
GMD:TRADES:2Y,2026-06-24,5.75,5.77,5.48,5.565,2299586.0,5.588,7972
GMD:TRADES:2Y,2026-06-25,5.4,5.41,5.225,5.32,3862947.0,5.3175,8609
GMD:TRADES:2Y,2026-06-26,5.48,5.565,5.25,5.42,3372082.0,5.4,7814
GMD:TRADES:2Y,2026-06-29,5.58,5.66,5.39,5.51,2517925.0,5.4925,7888
GMD:TRADES:2Y,2026-06-30,5.44,5.51,5.2,5.23,2869801.0,5.3315,9455
GMD:TRADES:2Y,2026-07-01,5.29,5.3,5.09,5.18,2685218.0,5.167,8335
GMD:TRADES:2Y,2026-07-02,5.3,5.43,5.175,5.4,3147605.0,5.339,8366
GMD:TRADES:2Y,2026-07-03,5.86,6.285,5.82,6.25,5275517.0,6.0495,11134
GMD:TRADES:2Y,2026-07-06,5.92,6.19,5.76,6.01,9519814.0,6.0085,25105
GMD:TRADES:2Y,2026-07-07,6.04,6.05,5.79,5.82,5485607.0,5.888,14222
GMD:TRADES:2Y,2026-07-08,5.66,5.68,5.42,5.52,4605687.0,5.559,10417
GMD:TRADES:2Y,2026-07-09,5.42,5.54,5.35,5.51,3505126.0,5.463,9434
GMD:TRADES:2Y,2026-07-10,5.55,5.725,5.51,5.72,2975365.0,5.6405,7308
GMD:TRADES:2Y,2026-07-13,5.66,5.95,5.66,5.91,11146401.0,5.8345,15886
GMD:TRADES:2Y,2026-07-14,5.89,6.01,5.72,5.98,8104827.0,5.8865,15216
GMD:TRADES:2Y,2026-07-15,6.04,6.06,5.86,5.88,5335172.0,5.937,10271
GMD:TRADES:2Y,2026-07-16,5.89,6.015,5.83,5.98,6127093.0,5.97,13469
GMD:TRADES:2Y,2026-07-17,5.81,5.81,5.57,5.59,8060880.0,5.648,12618
GMD:TRADES:2Y,2026-07-20,5.59,5.715,5.38,5.54,2928412.0,5.582,7573
GMD:TRADES:2Y,2026-07-21,5.6,5.8,5.47,5.78,3769639.0,5.672,8483
GMD:TRADES:2Y,2026-07-22,5.87,6.15,5.83,6.09,4593297.0,6.044,9730
GMD:TRADES:2Y,2026-07-23,6.2,6.32,6.14,6.15,4432063.0,6.2155,11448
GMD:TRADES:2Y,2026-07-24,5.96,6.05,5.75,5.81,4219690.0,5.887,9448
GMD:TRADES:2Y,2026-07-27,6.07,6.3,6.04,6.18,3658730.0,6.2165,8979
GMD:TRADES:2Y,2026-07-28,6.0,6.08,5.91,6.02,3626806.0,5.9995,7600
GMD:TRADES:2Y,2026-07-29,6.02,6.06,5.925,6.02,3199427.0,6.002,7301
GMD:TRADES:2Y,2026-07-30,6.08,6.08,5.52,5.61,6318538.0,5.788,11682
GMD:TRADES:2Y,2026-07-31,5.89,5.98,5.73,5.73,4384926.0,5.849,8576
GMD:TRADES:2Y,2026-08-03,5.67,5.88,5.64,5.84,2458770.0,5.7995,6685
GMD:TRADES:2Y,2026-08-04,5.85,6.005,5.77,5.96,4841143.0,5.922,11694
GMD:TRADES:2Y,2026-08-05,5.94,6.41,5.93,6.41,5111893.0,6.213,12010
GMD:TRADES:2Y,2026-08-06,6.73,6.935,6.7,6.76,7174528.0,6.827,16845
GMD:TRADES:2Y,2026-08-07,6.72,7.13,6.72,7.11,5818715.0,6.9825,13449
GMD:TRADES:2Y,2026-08-10,7.35,7.36,7.01,7.35,5640181.0,7.2155,12604
GMD:TRADES:2Y,2026-08-11,7.38,7.61,7.37,7.42,6074368.0,7.523,13784
GMD:TRADES:2Y,2026-08-12,7.27,7.51,7.26,7.48,3972070.0,7.4215,9684
GMD:TRADES:2Y,2026-08-13,7.46,7.58,7.35,7.37,4634056.0,7.435,10023
GMD:TRADES:2Y,2026-08-14,7.15,7.25,7.08,7.155,4093103.0,7.179,11959
GMD:TRADES:2Y,2026-08-17,7.29,7.47,7.25,7.47,3121084.0,7.382,7869
GMD:TRADES:2Y,2026-08-18,7.44,7.51,7.32,7.33,3637821.0,7.3995,8651
GMD:TRADES:2Y,2026-08-19,7.13,7.37,7.08,7.23,3342007.0,7.2605,7354
GMD:TRADES:2Y,2026-08-20,7.78,8.15,7.75,7.98,7315877.0,7.9585,11941
GMD:TRADES:2Y,2026-08-21,8.14,8.27,8.08,8.26,6324915.0,8.185,14148
GMD:TRADES:2Y,2026-08-24,8.4,8.64,8.25,8.59,6185470.0,8.461,13809
GMD:BID_ASK:3M,2026-05-27,6.235,6.34,6.17,6.212,-1.0,-1.0,-1
GMD:BID_ASK:3M,2026-05-28,5.806,6.08,5.55,5.7855,-1.0,-1.0,-1
GMD:BID_ASK:3M,2026-05-29,5.92,5.98,5.8,5.884,-1.0,-1.0,-1
GMD:BID_ASK:3M,2026-06-01,5.958,6.07,5.86,5.945,-1.0,-1.0,-1
GMD:BID_ASK:3M,2026-06-02,5.812,6.03,5.58,5.7985,-1.0,-1.0,-1
GMD:BID_ASK:3M,2026-06-03,5.933,5.98,5.83,5.917,-1.0,-1.0,-1
GMD:BID_ASK:3M,2026-06-04,5.72,5.82,5.61,5.7005,-1.0,-1.0,-1
GMD:BID_ASK:3M,2026-06-05,5.391,5.61,5.3,5.3755,-1.0,-1.0,-1
GMD:BID_ASK:3M,2026-06-09,5.127,5.24,4.89,5.088,-1.0,-1.0,-1
GMD:BID_ASK:3M,2026-06-10,4.959,5.11,4.73,4.9165,-1.0,-1.0,-1
GMD:BID_ASK:3M,2026-06-11,4.742,4.83,4.51,4.752,-1.0,-1.0,-1
GMD:BID_ASK:3M,2026-06-12,5.2175,5.37,5.09,5.228,-1.0,-1.0,-1
GMD:BID_ASK:3M,2026-06-15,5.7495,5.81,5.55,5.7605,-1.0,-1.0,-1
GMD:BID_ASK:3M,2026-06-16,5.8195,5.91,5.61,5.8305,-1.0,-1.0,-1
GMD:BID_ASK:3M,2026-06-17,6.0955,6.21,5.84,6.1065,-1.0,-1.0,-1
GMD:BID_ASK:3M,2026-06-18,6.225,6.34,5.97,6.235,-1.0,-1.0,-1
GMD:BID_ASK:3M,2026-06-19,6.016,6.16,5.94,6.026,-1.0,-1.0,-1
GMD:BID_ASK:3M,2026-06-22,6.0845,6.2,5.78,6.095,-1.0,-1.0,-1
GMD:BID_ASK:3M,2026-06-23,6.033,6.19,5.8,6.044,-1.0,-1.0,-1
GMD:BID_ASK:3M,2026-06-24,5.576,5.78,5.48,5.586,-1.0,-1.0,-1
GMD:BID_ASK:3M,2026-06-25,5.312,5.42,5.22,5.321,-1.0,-1.0,-1
GMD:BID_ASK:3M,2026-06-26,5.374,5.57,5.25,5.3845,-1.0,-1.0,-1
GMD:BID_ASK:3M,2026-06-29,5.4755,5.66,5.38,5.4855,-1.0,-1.0,-1
GMD:BID_ASK:3M,2026-06-30,5.294,5.51,5.2,5.3045,-1.0,-1.0,-1
GMD:BID_ASK:3M,2026-07-01,5.1575,5.3,5.09,5.1675,-1.0,-1.0,-1
GMD:BID_ASK:3M,2026-07-02,5.3475,5.44,5.17,5.358,-1.0,-1.0,-1
GMD:BID_ASK:3M,2026-07-03,6.1055,6.29,5.8,6.1155,-1.0,-1.0,-1
GMD:BID_ASK:3M,2026-07-06,6.039,6.2,5.75,6.0495,-1.0,-1.0,-1
GMD:BID_ASK:3M,2026-07-07,5.887,6.05,5.79,5.897,-1.0,-1.0,-1
GMD:BID_ASK:3M,2026-07-08,5.56,5.69,5.41,5.571,-1.0,-1.0,-1
GMD:BID_ASK:3M,2026-07-09,5.4545,5.55,5.34,5.465,-1.0,-1.0,-1
GMD:BID_ASK:3M,2026-07-10,5.6175,5.73,5.51,5.628,-1.0,-1.0,-1
GMD:BID_ASK:3M,2026-07-13,5.8285,5.95,5.65,5.838,-1.0,-1.0,-1
GMD:BID_ASK:3M,2026-07-14,5.879,6.01,5.71,5.889,-1.0,-1.0,-1
GMD:BID_ASK:3M,2026-07-15,5.9255,6.07,5.85,5.935,-1.0,-1.0,-1
GMD:BID_ASK:3M,2026-07-16,5.966,6.02,5.82,5.9765,-1.0,-1.0,-1
GMD:BID_ASK:3M,2026-07-17,5.644,5.82,5.57,5.654,-1.0,-1.0,-1
GMD:BID_ASK:3M,2026-07-20,5.609,5.72,5.38,5.62,-1.0,-1.0,-1
GMD:BID_ASK:3M,2026-07-21,5.6655,5.8,5.46,5.675,-1.0,-1.0,-1
GMD:BID_ASK:3M,2026-07-22,6.03,6.15,5.83,6.0405,-1.0,-1.0,-1
GMD:BID_ASK:3M,2026-07-23,6.213,6.33,6.14,6.223,-1.0,-1.0,-1
GMD:BID_ASK:3M,2026-07-24,5.875,6.05,5.75,5.886,-1.0,-1.0,-1
GMD:BID_ASK:3M,2026-07-27,6.217,6.3,6.01,6.2275,-1.0,-1.0,-1
GMD:BID_ASK:3M,2026-07-28,5.9995,6.09,5.91,6.008,-1.0,-1.0,-1
GMD:BID_ASK:3M,2026-07-29,6.0055,6.08,5.92,6.0155,-1.0,-1.0,-1
GMD:BID_ASK:3M,2026-07-30,5.768,6.08,5.51,5.7775,-1.0,-1.0,-1
GMD:BID_ASK:3M,2026-07-31,5.8415,5.98,5.72,5.8515,-1.0,-1.0,-1
GMD:BID_ASK:3M,2026-08-03,5.8025,5.88,5.62,5.8115,-1.0,-1.0,-1
GMD:BID_ASK:3M,2026-08-04,5.918,6.01,5.77,5.9285,-1.0,-1.0,-1
GMD:BID_ASK:3M,2026-08-05,6.2125,6.41,5.92,6.2225,-1.0,-1.0,-1
GMD:BID_ASK:3M,2026-08-06,6.8175,6.94,6.7,6.8275,-1.0,-1.0,-1
GMD:BID_ASK:3M,2026-08-07,6.975,7.13,6.7,6.984,-1.0,-1.0,-1
GMD:BID_ASK:3M,2026-08-10,7.215,7.38,7.01,7.225,-1.0,-1.0,-1
GMD:BID_ASK:3M,2026-08-11,7.529,7.62,7.36,7.537,-1.0,-1.0,-1
GMD:BID_ASK:3M,2026-08-12,7.417,7.51,7.2,7.4275,-1.0,-1.0,-1
GMD:BID_ASK:3M,2026-08-13,7.4385,7.58,7.35,7.448,-1.0,-1.0,-1
GMD:BID_ASK:3M,2026-08-14,7.185,7.26,7.08,7.195,-1.0,-1.0,-1
GMD:BID_ASK:3M,2026-08-17,7.3815,7.47,7.25,7.391,-1.0,-1.0,-1
GMD:BID_ASK:3M,2026-08-18,7.39,7.52,7.31,7.399,-1.0,-1.0,-1
GMD:BID_ASK:3M,2026-08-19,7.26,7.37,7.07,7.2705,-1.0,-1.0,-1
GMD:BID_ASK:3M,2026-08-20,8.0,8.15,7.71,7.954,-1.0,-1.0,-1
GMD:BID_ASK:3M,2026-08-21,8.1855,8.27,8.08,8.1945,-1.0,-1.0,-1
GMD:BID_ASK:3M,2026-08-24,8.454,8.65,8.25,8.464,-1.0,-1.0,-1
RMS:TRADES:2Y,2024-08-26,2.15,2.16,2.04,2.06,3277373.0,2.0855,2903
RMS:TRADES:2Y,2024-08-27,2.02,2.1,2.02,2.09,3650162.0,2.076,3721
RMS:TRADES:2Y,2024-08-28,2.09,2.2,2.08,2.11,6487741.0,2.135,3348
RMS:TRADES:2Y,2024-08-29,2.11,2.2,2.1,2.2,5489341.0,2.1715,4341
RMS:TRADES:2Y,2024-08-30,2.2,2.225,2.2,2.22,4789349.0,2.2155,2228
RMS:TRADES:2Y,2024-09-02,2.2,2.2,2.13,2.16,2849041.0,2.156,2411
RMS:TRADES:2Y,2024-09-03,2.16,2.175,2.13,2.17,2905022.0,2.1615,1932
RMS:TRADES:2Y,2024-09-04,2.11,2.12,2.055,2.06,3599848.0,2.076,3277
RMS:TRADES:2Y,2024-09-05,2.09,2.17,2.08,2.17,6312812.0,2.146,2642
RMS:TRADES:2Y,2024-09-06,2.17,2.195,2.14,2.19,3393585.0,2.176,2687
RMS:TRADES:2Y,2024-09-09,2.16,2.165,2.13,2.15,3345188.0,2.1475,2528
RMS:TRADES:2Y,2024-09-10,2.16,2.17,2.1,2.11,3336432.0,2.1315,1783
RMS:TRADES:2Y,2024-09-11,2.14,2.15,2.08,2.11,6097317.0,2.117,3379
RMS:TRADES:2Y,2024-09-12,2.14,2.16,2.11,2.14,4608649.0,2.138,2112
RMS:TRADES:2Y,2024-09-13,2.24,2.3,2.18,2.28,9843655.0,2.2495,4647
RMS:TRADES:2Y,2024-09-16,2.28,2.285,2.15,2.18,5036278.0,2.201,2487
RMS:TRADES:2Y,2024-09-17,2.2,2.24,2.15,2.17,3784682.0,2.19,1892
RMS:TRADES:2Y,2024-09-18,2.15,2.2,2.145,2.17,2682515.0,2.1775,2421
RMS:TRADES:2Y,2024-09-19,2.18,2.2,2.15,2.19,3026446.0,2.181,2137
RMS:TRADES:2Y,2024-09-20,2.19,2.22,2.16,2.18,7239090.0,2.184,2727
RMS:TRADES:2Y,2024-09-23,2.21,2.25,2.19,2.2,3249682.0,2.2145,1595
RMS:TRADES:2Y,2024-09-24,2.19,2.22,2.16,2.21,5444304.0,2.1925,3322
RMS:TRADES:2Y,2024-09-25,2.3,2.31,2.19,2.23,8693499.0,2.247,2949
RMS:TRADES:2Y,2024-09-26,2.27,2.3,2.24,2.3,5815294.0,2.2835,2974
RMS:TRADES:2Y,2024-09-27,2.27,2.29,2.22,2.27,3446229.0,2.257,2144
RMS:TRADES:2Y,2024-09-30,2.22,2.23,2.18,2.2,3862072.0,2.202,2326
RMS:TRADES:2Y,2024-10-01,2.17,2.18,2.125,2.18,3081799.0,2.1675,2378
RMS:TRADES:2Y,2024-10-02,2.2,2.22,2.15,2.15,2796642.0,2.1685,2226
RMS:TRADES:2Y,2024-10-03,2.16,2.18,2.1,2.1,2150626.0,2.123,2132
RMS:TRADES:2Y,2024-10-04,2.09,2.15,2.07,2.14,2504606.0,2.1225,2298
RMS:TRADES:2Y,2024-10-07,2.13,2.15,2.09,2.1,1384802.0,2.11,1539
RMS:TRADES:2Y,2024-10-08,2.09,2.16,2.09,2.13,2154168.0,2.1315,2514
RMS:TRADES:2Y,2024-10-09,2.13,2.19,2.12,2.15,3582653.0,2.1585,3274
RMS:TRADES:2Y,2024-10-10,2.15,2.175,2.15,2.17,1479659.0,2.166,1441
RMS:TRADES:2Y,2024-10-11,2.19,2.22,2.18,2.2,2323366.0,2.1995,1792
RMS:TRADES:2Y,2024-10-14,2.22,2.24,2.19,2.24,1737148.0,2.2205,1452
RMS:TRADES:2Y,2024-10-15,2.25,2.28,2.25,2.28,3192937.0,2.269,2210
RMS:TRADES:2Y,2024-10-16,2.28,2.34,2.28,2.33,3843760.0,2.32,2426
RMS:TRADES:2Y,2024-10-17,2.35,2.41,2.34,2.41,4912562.0,2.3755,2973
RMS:TRADES:2Y,2024-10-18,2.41,2.42,2.34,2.4,4238049.0,2.386,3237
RMS:TRADES:2Y,2024-10-21,2.45,2.49,2.43,2.48,3514892.0,2.4645,2711
RMS:TRADES:2Y,2024-10-22,2.46,2.51,2.45,2.47,4185164.0,2.4775,4160
RMS:TRADES:2Y,2024-10-23,2.49,2.51,2.43,2.45,3029900.0,2.454,2329
RMS:TRADES:2Y,2024-10-24,2.38,2.445,2.36,2.41,3752164.0,2.408,2667
RMS:TRADES:2Y,2024-10-25,2.35,2.44,2.34,2.42,4299471.0,2.4075,3551
RMS:TRADES:2Y,2024-10-28,2.41,2.41,2.31,2.33,3011773.0,2.3515,3184
RMS:TRADES:2Y,2024-10-29,2.29,2.34,2.23,2.32,8115724.0,2.302,6172
RMS:TRADES:2Y,2024-10-30,2.36,2.375,2.32,2.34,4252600.0,2.343,3290
RMS:TRADES:2Y,2024-10-31,2.33,2.39,2.31,2.39,4346967.0,2.3655,2954
RMS:TRADES:2Y,2024-11-01,2.36,2.36,2.29,2.33,2787801.0,2.3265,2257
RMS:TRADES:2Y,2024-11-04,2.36,2.37,2.33,2.36,2997567.0,2.3555,2830
RMS:TRADES:2Y,2024-11-05,2.33,2.35,2.31,2.32,2016814.0,2.322,1789
RMS:TRADES:2Y,2024-11-06,2.35,2.35,2.235,2.25,2406860.0,2.278,2079
RMS:TRADES:2Y,2024-11-07,2.16,2.16,2.09,2.12,4686893.0,2.1235,3318
RMS:TRADES:2Y,2024-11-08,2.19,2.2,2.135,2.16,3121821.0,2.156,3720
RMS:TRADES:2Y,2024-11-11,2.17,2.19,2.12,2.13,4149509.0,2.1465,3569
RMS:TRADES:2Y,2024-11-12,2.01,2.065,1.96,2.03,5544410.0,2.0325,4948
RMS:TRADES:2Y,2024-11-13,2.03,2.045,2.01,2.03,3015954.0,2.027,2641
RMS:TRADES:2Y,2024-11-14,2.01,2.01,1.93,1.95,3332511.0,1.9605,3213
RMS:TRADES:2Y,2024-11-15,2.01,2.02,1.96,1.98,2572499.0,1.9805,2652
RMS:TRADES:2Y,2024-11-18,1.97,2.05,1.965,1.99,4586409.0,2.0055,4456
RMS:TRADES:2Y,2024-11-19,2.05,2.08,2.025,2.06,4994221.0,2.059,3788
RMS:TRADES:2Y,2024-11-20,2.08,2.1,2.02,2.04,3291096.0,2.059,2290
RMS:TRADES:2Y,2024-11-21,2.05,2.09,2.02,2.08,5145910.0,2.0695,2570
RMS:TRADES:2Y,2024-11-22,2.09,2.13,2.08,2.1,4185315.0,2.1065,2658
RMS:TRADES:2Y,2024-11-25,2.14,2.15,2.04,2.07,7121262.0,2.093,3029
RMS:TRADES:2Y,2024-11-26,2.03,2.065,2.005,2.04,4215385.0,2.04,3377
RMS:TRADES:2Y,2024-11-27,2.06,2.115,2.05,2.09,2843166.0,2.088,2601
RMS:TRADES:2Y,2024-11-28,2.08,2.11,2.07,2.09,1734898.0,2.092,2630
RMS:TRADES:2Y,2024-11-29,2.08,2.105,2.055,2.1,2145408.0,2.087,3064
RMS:TRADES:2Y,2024-12-02,2.08,2.11,2.03,2.06,2685375.0,2.0575,2553
RMS:TRADES:2Y,2024-12-03,2.08,2.08,2.05,2.07,3473701.0,2.068,2916
RMS:TRADES:2Y,2024-12-04,2.1,2.11,2.075,2.11,2613090.0,2.1015,2496
RMS:TRADES:2Y,2024-12-05,2.16,2.29,2.14,2.29,4946226.0,2.244,3535
RMS:TRADES:2Y,2024-12-06,2.28,2.3,2.26,2.27,3433171.0,2.2765,3862
RMS:TRADES:2Y,2024-12-09,2.27,2.32,2.25,2.31,3651167.0,2.301,2749
RMS:TRADES:2Y,2024-12-10,2.36,2.39,2.32,2.37,4876803.0,2.358,3583
RMS:TRADES:2Y,2024-12-11,2.39,2.415,2.37,2.4,4073735.0,2.398,2181
RMS:TRADES:2Y,2024-12-12,2.42,2.42,2.39,2.4,3044648.0,2.4055,2823
RMS:TRADES:2Y,2024-12-13,2.34,2.34,2.275,2.3,3446984.0,2.2995,2227
RMS:TRADES:2Y,2024-12-16,2.26,2.27,2.2,2.22,3511577.0,2.232,3104
RMS:TRADES:2Y,2024-12-17,2.22,2.26,2.21,2.23,3404525.0,2.233,2930
RMS:TRADES:2Y,2024-12-18,2.2,2.225,2.14,2.2,4292805.0,2.197,3394
RMS:TRADES:2Y,2024-12-19,2.17,2.21,2.135,2.16,4842186.0,2.17,3638
RMS:TRADES:2Y,2024-12-20,2.14,2.17,2.11,2.16,7605509.0,2.1555,2490
RMS:TRADES:2Y,2024-12-23,2.17,2.2,2.135,2.15,1953752.0,2.1515,1948
RMS:TRADES:2Y,2024-12-24,2.14,2.14,2.11,2.11,710244.0,2.1195,1232
RMS:TRADES:2Y,2024-12-27,2.14,2.17,2.125,2.13,1057956.0,2.138,1642
RMS:TRADES:2Y,2024-12-30,2.11,2.15,2.1,2.13,1526543.0,2.119,1748
RMS:TRADES:2Y,2024-12-31,2.09,2.1,2.07,2.07,1353839.0,2.0805,1335
RMS:TRADES:2Y,2025-01-02,2.09,2.11,2.07,2.11,1698906.0,2.0985,1532
RMS:TRADES:2Y,2025-01-03,2.14,2.17,2.1,2.11,1972458.0,2.1295,2101
RMS:TRADES:2Y,2025-01-06,2.16,2.23,2.15,2.18,3777835.0,2.1865,3586
RMS:TRADES:2Y,2025-01-07,2.15,2.17,2.1,2.12,2550856.0,2.125,2461
RMS:TRADES:2Y,2025-01-08,2.14,2.18,2.13,2.16,2991809.0,2.152,2853
RMS:TRADES:2Y,2025-01-09,2.18,2.2,2.13,2.15,4327900.0,2.158,3138
RMS:TRADES:2Y,2025-01-10,2.17,2.19,2.15,2.18,3484609.0,2.174,2491
RMS:TRADES:2Y,2025-01-13,2.17,2.2,2.155,2.18,2693036.0,2.176,2188
RMS:TRADES:2Y,2025-01-14,2.07,2.16,2.06,2.16,4144063.0,2.137,3117
RMS:TRADES:2Y,2025-01-15,2.19,2.22,2.17,2.21,2383468.0,2.201,2494
RMS:TRADES:2Y,2025-01-16,2.23,2.32,2.23,2.32,4634097.0,2.289,4494
RMS:TRADES:2Y,2025-01-17,2.35,2.35,2.285,2.34,3884179.0,2.3315,3050
RMS:TRADES:2Y,2025-01-20,2.33,2.34,2.28,2.29,1905517.0,2.297,1935
RMS:TRADES:2Y,2025-01-21,2.3,2.34,2.28,2.34,1952887.0,2.3215,2296
RMS:TRADES:2Y,2025-01-22,2.37,2.375,2.325,2.36,2839250.0,2.358,2800
RMS:TRADES:2Y,2025-01-23,2.36,2.37,2.31,2.33,2738411.0,2.3325,3202
RMS:TRADES:2Y,2025-01-24,2.35,2.35,2.285,2.33,3008135.0,2.314,2682
RMS:TRADES:2Y,2025-01-28,2.3,2.32,2.26,2.32,4324467.0,2.298,3303
RMS:TRADES:2Y,2025-01-29,2.38,2.39,2.3,2.39,3346421.0,2.357,2635
RMS:TRADES:2Y,2025-01-30,2.38,2.43,2.37,2.4,2977865.0,2.407,2709
RMS:TRADES:2Y,2025-01-31,2.45,2.48,2.44,2.47,2633885.0,2.4635,2061
RMS:TRADES:2Y,2025-02-03,2.44,2.53,2.43,2.52,4910879.0,2.5025,3480
RMS:TRADES:2Y,2025-02-04,2.58,2.59,2.5,2.55,3077452.0,2.544,3437
RMS:TRADES:2Y,2025-02-05,2.56,2.63,2.53,2.62,3247513.0,2.597,3199
RMS:TRADES:2Y,2025-02-06,2.66,2.69,2.625,2.63,4679947.0,2.6445,4848
RMS:TRADES:2Y,2025-02-07,2.6,2.635,2.58,2.62,2546803.0,2.6065,2633
RMS:TRADES:2Y,2025-02-10,2.6,2.64,2.58,2.63,1840350.0,2.62,1928
RMS:TRADES:2Y,2025-02-11,2.65,2.685,2.63,2.65,3769409.0,2.653,2507
RMS:TRADES:2Y,2025-02-12,2.6,2.62,2.56,2.58,3750930.0,2.5835,3049
RMS:TRADES:2Y,2025-02-13,2.61,2.63,2.59,2.61,2501058.0,2.6105,2670
RMS:TRADES:2Y,2025-02-14,2.65,2.68,2.63,2.66,1500627.0,2.6585,2128
RMS:TRADES:2Y,2025-02-17,2.6,2.65,2.6,2.63,2286313.0,2.628,2622
RMS:TRADES:2Y,2025-02-18,2.65,2.65,2.6,2.61,1868342.0,2.616,2204
RMS:TRADES:2Y,2025-02-19,2.63,2.69,2.61,2.62,3632505.0,2.634,3947
RMS:TRADES:2Y,2025-02-20,2.63,2.64,2.59,2.63,2963509.0,2.623,2113
RMS:TRADES:2Y,2025-02-21,2.63,2.74,2.58,2.73,4697164.0,2.694,2622
RMS:TRADES:2Y,2025-02-24,2.67,2.75,2.65,2.75,5221547.0,2.7205,3913
RMS:TRADES:2Y,2025-02-25,2.74,2.81,2.68,2.81,4928329.0,2.776,3742
RMS:TRADES:2Y,2025-02-26,2.76,2.77,2.65,2.7,3069191.0,2.7075,2781
RMS:TRADES:2Y,2025-02-27,2.74,2.77,2.72,2.74,2242454.0,2.7425,2814
RMS:TRADES:2Y,2025-02-28,2.67,2.68,2.61,2.63,7264721.0,2.6345,3334
RMS:TRADES:2Y,2025-03-03,2.65,2.72,2.63,2.66,3727605.0,2.6695,5037
RMS:TRADES:2Y,2025-03-04,2.66,2.71,2.63,2.67,4354431.0,2.666,4207
RMS:TRADES:2Y,2025-03-05,2.67,2.71,2.64,2.7,3823169.0,2.6795,3890
RMS:TRADES:2Y,2025-03-06,2.75,2.77,2.71,2.76,3180020.0,2.746,3831
RMS:TRADES:2Y,2025-03-07,2.78,2.8,2.72,2.73,4549086.0,2.7575,3422
RMS:TRADES:2Y,2025-03-10,2.74,2.815,2.73,2.79,3006344.0,2.782,3156
RMS:TRADES:2Y,2025-03-11,2.73,2.73,2.31,2.31,13299387.0,2.408,11299
RMS:TRADES:2Y,2025-03-12,2.15,2.23,2.07,2.11,17858701.0,2.1455,7828
RMS:TRADES:2Y,2025-03-13,2.17,2.19,2.115,2.15,14853427.0,2.1525,7530
RMS:TRADES:2Y,2025-03-14,2.23,2.26,2.17,2.2,11290746.0,2.2035,5317
RMS:TRADES:2Y,2025-03-17,2.11,2.22,2.1,2.18,19436620.0,2.176,9421
RMS:TRADES:2Y,2025-03-18,2.2,2.23,2.16,2.19,18675601.0,2.192,8052
RMS:TRADES:2Y,2025-03-19,2.18,2.22,2.13,2.18,11898075.0,2.1735,6630
RMS:TRADES:2Y,2025-03-20,2.18,2.22,2.16,2.18,14531602.0,2.183,9133
RMS:TRADES:2Y,2025-03-21,2.19,2.23,2.165,2.2,19923981.0,2.1985,6968
RMS:TRADES:2Y,2025-03-24,2.21,2.22,2.13,2.14,9419521.0,2.1515,5459
RMS:TRADES:2Y,2025-03-25,2.12,2.17,2.1,2.15,9418337.0,2.136,5306
RMS:TRADES:2Y,2025-03-26,2.23,2.3,2.2,2.28,15956614.0,2.2555,6758
RMS:TRADES:2Y,2025-03-27,2.3,2.33,2.265,2.31,9900460.0,2.302,4919
RMS:TRADES:2Y,2025-03-28,2.38,2.48,2.375,2.47,8893733.0,2.4475,5519
RMS:TRADES:2Y,2025-03-31,2.45,2.45,2.36,2.37,7442001.0,2.3905,3887
RMS:TRADES:2Y,2025-04-01,2.43,2.45,2.38,2.39,7978299.0,2.4045,5236
RMS:TRADES:2Y,2025-04-02,2.38,2.4,2.3,2.3,10866557.0,2.3405,4629
RMS:TRADES:2Y,2025-04-03,2.34,2.46,2.33,2.42,13027997.0,2.4065,7123
RMS:TRADES:2Y,2025-04-04,2.37,2.48,2.36,2.47,10980497.0,2.446,5623
RMS:TRADES:2Y,2025-04-07,2.3,2.38,2.25,2.33,14245323.0,2.32,9098
RMS:TRADES:2Y,2025-04-08,2.31,2.37,2.3,2.37,10185251.0,2.3425,4951
RMS:TRADES:2Y,2025-04-09,2.33,2.35,2.27,2.29,8969179.0,2.303,6235
RMS:TRADES:2Y,2025-04-10,2.45,2.6,2.42,2.6,11660148.0,2.5215,6052
RMS:TRADES:2Y,2025-04-11,2.64,2.69,2.58,2.66,7867558.0,2.646,5678
RMS:TRADES:2Y,2025-04-14,2.7,2.78,2.675,2.69,10683438.0,2.712,5954
RMS:TRADES:2Y,2025-04-15,2.68,2.68,2.61,2.66,9708395.0,2.652,5672
RMS:TRADES:2Y,2025-04-16,2.69,2.84,2.67,2.84,10638662.0,2.781,5922
RMS:TRADES:2Y,2025-04-17,2.9,2.94,2.83,2.85,6278898.0,2.8695,5446
RMS:TRADES:2Y,2025-04-22,2.9,2.96,2.86,2.94,10012100.0,2.9225,5435
RMS:TRADES:2Y,2025-04-23,2.79,2.79,2.49,2.51,17010828.0,2.6035,12056
RMS:TRADES:2Y,2025-04-24,2.56,2.62,2.53,2.58,6732434.0,2.5805,4914
RMS:TRADES:2Y,2025-04-28,2.51,2.54,2.45,2.49,10285294.0,2.486,7330
RMS:TRADES:2Y,2025-04-29,2.59,2.59,2.5,2.56,8656666.0,2.542,6115
RMS:TRADES:2Y,2025-04-30,2.61,2.7,2.6,2.63,12276652.0,2.6405,5877
RMS:TRADES:2Y,2025-05-01,2.66,2.685,2.63,2.66,7588546.0,2.656,4914
RMS:TRADES:2Y,2025-05-02,2.66,2.73,2.625,2.71,8352496.0,2.6905,6476
RMS:TRADES:2Y,2025-05-05,2.71,2.73,2.62,2.62,7102883.0,2.647,3596
RMS:TRADES:2Y,2025-05-06,2.73,2.82,2.7,2.81,5627459.0,2.784,3272
RMS:TRADES:2Y,2025-05-07,2.9,2.92,2.82,2.84,7351742.0,2.859,5166
RMS:TRADES:2Y,2025-05-08,2.86,2.9,2.85,2.88,4467415.0,2.872,4180
RMS:TRADES:2Y,2025-05-09,2.84,2.89,2.775,2.87,5853059.0,2.836,4662
RMS:TRADES:2Y,2025-05-12,2.85,2.85,2.69,2.71,8010426.0,2.746,6833
RMS:TRADES:2Y,2025-05-13,2.57,2.57,2.39,2.52,21258033.0,2.4675,9065
RMS:TRADES:2Y,2025-05-14,2.48,2.52,2.45,2.49,6238092.0,2.487,4195
RMS:TRADES:2Y,2025-05-15,2.42,2.47,2.39,2.41,8767374.0,2.424,3870
RMS:TRADES:2Y,2025-05-16,2.55,2.56,2.48,2.5,5106512.0,2.503,4148
RMS:TRADES:2Y,2025-05-19,2.53,2.57,2.485,2.55,6162212.0,2.5355,3700
RMS:TRADES:2Y,2025-05-20,2.52,2.59,2.49,2.52,3693707.0,2.5285,2537
RMS:TRADES:2Y,2025-05-21,2.65,2.7,2.605,2.68,6541170.0,2.659,3719
RMS:TRADES:2Y,2025-05-22,2.68,2.81,2.67,2.81,7925120.0,2.7695,4445
RMS:TRADES:2Y,2025-05-23,2.75,2.83,2.74,2.81,4409200.0,2.793,2542
RMS:TRADES:2Y,2025-05-26,2.84,2.865,2.8,2.83,4193978.0,2.833,2551
RMS:TRADES:2Y,2025-05-27,2.82,2.82,2.75,2.77,4821741.0,2.783,2312
RMS:TRADES:2Y,2025-05-28,2.77,2.84,2.75,2.8,5634926.0,2.8035,3125
RMS:TRADES:2Y,2025-05-29,2.72,2.85,2.71,2.83,5661576.0,2.807,2743
RMS:TRADES:2Y,2025-05-30,2.81,2.89,2.78,2.88,6867234.0,2.853,3161
RMS:TRADES:2Y,2025-06-02,2.91,2.99,2.9,2.95,4134399.0,2.949,3123
RMS:TRADES:2Y,2025-06-03,3.11,3.11,2.93,2.95,8426009.0,2.9895,6244
RMS:TRADES:2Y,2025-06-04,2.98,2.98,2.905,2.93,3935282.0,2.941,4920
RMS:TRADES:2Y,2025-06-05,2.94,2.97,2.865,2.87,5534942.0,2.911,4171
RMS:TRADES:2Y,2025-06-06,2.85,2.89,2.81,2.83,5390686.0,2.8395,4784
RMS:TRADES:2Y,2025-06-10,2.72,2.79,2.71,2.79,7819941.0,2.768,4619
RMS:TRADES:2Y,2025-06-11,2.7,2.755,2.64,2.74,10502656.0,2.706,9765
RMS:TRADES:2Y,2025-06-12,2.77,2.87,2.76,2.83,6515962.0,2.8325,3891
RMS:TRADES:2Y,2025-06-13,2.88,2.93,2.81,2.93,15681516.0,2.869,6007
RMS:TRADES:2Y,2025-06-16,2.98,2.98,2.71,2.71,11050818.0,2.7835,7501
RMS:TRADES:2Y,2025-06-17,2.75,2.77,2.71,2.76,7892207.0,2.7485,4317
RMS:TRADES:2Y,2025-06-18,2.75,2.75,2.62,2.65,6492215.0,2.664,5536
RMS:TRADES:2Y,2025-06-19,2.61,2.63,2.56,2.6,11370566.0,2.593,5528
RMS:TRADES:2Y,2025-06-20,2.6,2.66,2.56,2.66,15476000.0,2.645,3201
RMS:TRADES:2Y,2025-06-23,2.69,2.7,2.57,2.58,7381805.0,2.62,4427
RMS:TRADES:2Y,2025-06-24,2.6,2.61,2.55,2.57,11393499.0,2.5675,4701
RMS:TRADES:2Y,2025-06-25,2.54,2.56,2.48,2.54,9994319.0,2.53,7712
RMS:TRADES:2Y,2025-06-26,2.53,2.56,2.51,2.55,6324176.0,2.5385,4160
RMS:TRADES:2Y,2025-06-27,2.58,2.6,2.47,2.5,10121196.0,2.522,5118
RMS:TRADES:2Y,2025-06-30,2.47,2.53,2.45,2.52,8497255.0,2.4985,4268
RMS:TRADES:2Y,2025-07-01,2.54,2.56,2.49,2.52,8523346.0,2.516,5058
RMS:TRADES:2Y,2025-07-02,2.53,2.53,2.45,2.47,9889410.0,2.4705,4815
RMS:TRADES:2Y,2025-07-03,2.5,2.5,2.39,2.43,8955231.0,2.4215,4036
RMS:TRADES:2Y,2025-07-04,2.42,2.455,2.36,2.38,8555841.0,2.394,5131
RMS:TRADES:2Y,2025-07-07,2.46,2.47,2.36,2.37,15794984.0,2.405,5984
RMS:TRADES:2Y,2025-07-08,2.38,2.49,2.37,2.47,12815938.0,2.453,4694
RMS:TRADES:2Y,2025-07-09,2.39,2.39,2.28,2.34,13003794.0,2.328,5465
RMS:TRADES:2Y,2025-07-10,2.37,2.415,2.36,2.4,8827593.0,2.3905,4144
RMS:TRADES:2Y,2025-07-11,2.45,2.46,2.34,2.36,7659211.0,2.374,2984
RMS:TRADES:2Y,2025-07-14,2.39,2.46,2.38,2.44,10956311.0,2.4295,4513
RMS:TRADES:2Y,2025-07-15,2.44,2.54,2.42,2.53,8655449.0,2.5065,4135
RMS:TRADES:2Y,2025-07-16,2.5,2.51,2.44,2.49,9662057.0,2.487,4410
RMS:TRADES:2Y,2025-07-17,2.53,2.53,2.445,2.46,8942804.0,2.472,4087
RMS:TRADES:2Y,2025-07-18,2.47,2.52,2.44,2.51,5223016.0,2.4995,3167
RMS:TRADES:2Y,2025-07-21,2.5,2.505,2.425,2.46,5457004.0,2.455,3857
RMS:TRADES:2Y,2025-07-22,2.52,2.675,2.51,2.66,28380610.0,2.6445,5601
RMS:TRADES:2Y,2025-07-23,2.7,2.8,2.68,2.78,14706062.0,2.7565,7295
RMS:TRADES:2Y,2025-07-24,2.71,2.8,2.7,2.8,12213140.0,2.764,5817
RMS:TRADES:2Y,2025-07-25,2.79,2.79,2.71,2.72,5844783.0,2.7295,3901
RMS:TRADES:2Y,2025-07-28,2.72,2.77,2.6,2.6,9635631.0,2.6485,4670
RMS:TRADES:2Y,2025-07-29,2.64,2.69,2.55,2.64,8280074.0,2.642,4247
RMS:TRADES:2Y,2025-07-30,2.7,2.73,2.61,2.61,9655368.0,2.661,4713
RMS:TRADES:2Y,2025-07-31,2.53,2.555,2.465,2.52,11544741.0,2.5055,5800
RMS:TRADES:2Y,2025-08-01,2.49,2.49,2.43,2.48,8807352.0,2.47,5398
RMS:TRADES:2Y,2025-08-04,2.55,2.61,2.51,2.59,11138688.0,2.576,5704
RMS:TRADES:2Y,2025-08-05,2.65,2.7,2.605,2.69,11067080.0,2.6805,5962
RMS:TRADES:2Y,2025-08-06,2.73,2.81,2.71,2.79,13158304.0,2.7865,6285
RMS:TRADES:2Y,2025-08-07,2.82,2.88,2.79,2.8,14555119.0,2.8195,7305
RMS:TRADES:2Y,2025-08-08,2.84,2.87,2.81,2.82,8993787.0,2.831,5080
RMS:TRADES:2Y,2025-08-11,2.84,2.84,2.725,2.78,8642680.0,2.771,6754
RMS:TRADES:2Y,2025-08-12,2.74,2.78,2.72,2.76,4331409.0,2.755,4958
RMS:TRADES:2Y,2025-08-13,2.78,2.8,2.75,2.8,4848813.0,2.7855,3857
RMS:TRADES:2Y,2025-08-14,2.84,2.85,2.76,2.78,6821473.0,2.8045,6792
RMS:TRADES:2Y,2025-08-15,2.76,2.82,2.74,2.81,7122395.0,2.797,6101
RMS:TRADES:2Y,2025-08-18,2.82,2.86,2.77,2.81,5228347.0,2.8105,3472
RMS:TRADES:2Y,2025-08-19,2.8,2.82,2.77,2.8,6736347.0,2.7885,5492
RMS:TRADES:2Y,2025-08-20,2.78,2.78,2.7,2.77,7274992.0,2.7505,4642
RMS:TRADES:2Y,2025-08-21,2.82,2.9,2.79,2.9,8748233.0,2.864,4582
RMS:TRADES:2Y,2025-08-22,2.92,2.93,2.86,2.87,5001691.0,2.881,3609
RMS:TRADES:2Y,2025-08-25,2.95,3.07,2.93,3.07,12521417.0,3.0095,8822
RMS:TRADES:2Y,2025-08-26,3.04,3.04,2.955,3.01,10611458.0,2.9965,4677
RMS:TRADES:2Y,2025-08-27,3.1,3.175,3.025,3.07,15519158.0,3.07,7695
RMS:TRADES:2Y,2025-08-28,3.06,3.1,3.02,3.09,7276155.0,3.0765,5109
RMS:TRADES:2Y,2025-08-29,3.1,3.18,3.08,3.17,12186589.0,3.1525,5415
RMS:TRADES:2Y,2025-09-01,3.27,3.36,3.24,3.32,7584294.0,3.3055,5235
RMS:TRADES:2Y,2025-09-02,3.38,3.45,3.37,3.41,9119975.0,3.4085,5728
RMS:TRADES:2Y,2025-09-03,3.48,3.51,3.4,3.41,15925114.0,3.4395,6677
RMS:TRADES:2Y,2025-09-04,3.4,3.41,3.31,3.35,12060996.0,3.3525,6942
RMS:TRADES:2Y,2025-09-05,3.35,3.44,3.31,3.43,8287301.0,3.4035,6238
RMS:TRADES:2Y,2025-09-08,3.49,3.49,3.35,3.38,8457471.0,3.3975,5289
RMS:TRADES:2Y,2025-09-09,3.43,3.5,3.41,3.44,10766468.0,3.4525,7361
RMS:TRADES:2Y,2025-09-10,3.4,3.42,3.34,3.4,8354670.0,3.383,6098
RMS:TRADES:2Y,2025-09-11,3.48,3.55,3.455,3.52,11550807.0,3.5155,6902
RMS:TRADES:2Y,2025-09-12,3.53,3.62,3.52,3.62,11645337.0,3.5875,7162
RMS:TRADES:2Y,2025-09-15,3.59,3.67,3.54,3.61,17951997.0,3.618,8346
RMS:TRADES:2Y,2025-09-16,3.67,3.7,3.58,3.59,13121883.0,3.628,7997
RMS:TRADES:2Y,2025-09-17,3.52,3.57,3.47,3.5,13238403.0,3.512,8790
RMS:TRADES:2Y,2025-09-18,3.53,3.53,3.44,3.5,13793665.0,3.5005,6290
RMS:TRADES:2Y,2025-09-19,3.53,3.55,3.44,3.51,146647752.0,3.5085,9276
RMS:TRADES:2Y,2025-09-22,3.65,3.75,3.62,3.7,12778872.0,3.7045,10184
RMS:TRADES:2Y,2025-09-23,3.79,3.85,3.74,3.77,14470878.0,3.7885,9909
RMS:TRADES:2Y,2025-09-24,3.7,3.745,3.655,3.73,11246324.0,3.702,7945
RMS:TRADES:2Y,2025-09-25,3.62,3.68,3.57,3.6,14858990.0,3.6195,8492
RMS:TRADES:2Y,2025-09-26,3.57,3.68,3.56,3.66,13055270.0,3.6265,9709
RMS:TRADES:2Y,2025-09-29,3.77,3.8,3.67,3.78,12074394.0,3.765,8734
RMS:TRADES:2Y,2025-09-30,3.81,3.94,3.81,3.88,19293037.0,3.8695,10013
RMS:TRADES:2Y,2025-10-01,3.87,3.92,3.79,3.9,13534855.0,3.881,8992
RMS:TRADES:2Y,2025-10-02,3.95,4.08,3.94,4.06,20017732.0,4.024,10387
RMS:TRADES:2Y,2025-10-03,4.06,4.06,3.97,4.0,9556590.0,4.016,7876
RMS:TRADES:2Y,2025-10-06,4.02,4.12,3.99,4.09,8599643.0,4.0685,6245
RMS:TRADES:2Y,2025-10-07,4.17,4.18,4.05,4.07,9020847.0,4.093,6289
RMS:TRADES:2Y,2025-10-08,4.07,4.085,3.95,4.07,9716630.0,4.0255,7284
RMS:TRADES:2Y,2025-10-09,4.07,4.08,3.915,4.04,14448862.0,4.01,8232
RMS:TRADES:2Y,2025-10-10,3.82,3.905,3.75,3.82,13825376.0,3.8355,9529
RMS:TRADES:2Y,2025-10-13,3.88,3.96,3.84,3.89,11158482.0,3.8855,8099
RMS:TRADES:2Y,2025-10-14,3.98,4.055,3.93,3.95,13848880.0,3.9835,11273
RMS:TRADES:2Y,2025-10-15,4.0,4.04,3.96,4.01,8695194.0,4.005,8321
RMS:TRADES:2Y,2025-10-16,4.07,4.1,3.98,4.02,11651999.0,4.0335,9023
RMS:TRADES:2Y,2025-10-17,4.15,4.17,3.98,4.02,16683484.0,4.041,11050
RMS:TRADES:2Y,2025-10-20,3.87,3.89,3.76,3.89,8814464.0,3.845,7400
RMS:TRADES:2Y,2025-10-21,3.95,3.99,3.87,3.92,11633891.0,3.923,10656
RMS:TRADES:2Y,2025-10-22,3.58,3.58,3.43,3.52,15998613.0,3.505,10443
RMS:TRADES:2Y,2025-10-23,3.52,3.55,3.49,3.52,12755485.0,3.5185,7742
RMS:TRADES:2Y,2025-10-24,3.55,3.565,3.5,3.5,11259396.0,3.527,8850
RMS:TRADES:2Y,2025-10-27,3.28,3.345,3.12,3.3,18640025.0,3.279,14489
RMS:TRADES:2Y,2025-10-28,3.14,3.21,3.085,3.18,21028531.0,3.1605,12439
RMS:TRADES:2Y,2025-10-29,3.24,3.34,3.19,3.33,15287716.0,3.2915,11408
RMS:TRADES:2Y,2025-10-30,3.33,3.4,3.24,3.28,12796713.0,3.2765,8845
RMS:TRADES:2Y,2025-10-31,3.34,3.37,3.3,3.32,20193240.0,3.3345,7983
RMS:TRADES:2Y,2025-11-03,3.32,3.34,3.24,3.28,8139016.0,3.2745,8615
RMS:TRADES:2Y,2025-11-04,3.33,3.33,3.23,3.25,8636520.0,3.26,8538
RMS:TRADES:2Y,2025-11-05,3.16,3.2,3.08,3.2,9471814.0,3.1505,8409
RMS:TRADES:2Y,2025-11-06,3.23,3.39,3.22,3.38,8589868.0,3.3435,7275
RMS:TRADES:2Y,2025-11-07,3.38,3.43,3.37,3.4,7922581.0,3.4015,7109
RMS:TRADES:2Y,2025-11-10,3.44,3.52,3.4,3.51,9248574.0,3.481,8831
RMS:TRADES:2Y,2025-11-11,3.65,3.69,3.55,3.55,9354736.0,3.5985,7843
RMS:TRADES:2Y,2025-11-12,3.58,3.595,3.51,3.56,6446901.0,3.558,5688
RMS:TRADES:2Y,2025-11-13,3.65,3.675,3.62,3.64,7870807.0,3.643,5655
RMS:TRADES:2Y,2025-11-14,3.51,3.57,3.47,3.56,9200491.0,3.5415,6328
RMS:TRADES:2Y,2025-11-17,3.53,3.58,3.46,3.52,6678099.0,3.533,5190
RMS:TRADES:2Y,2025-11-18,3.53,3.53,3.32,3.35,6380848.0,3.393,5558
RMS:TRADES:2Y,2025-11-19,3.43,3.475,3.405,3.44,4916566.0,3.443,4957
RMS:TRADES:2Y,2025-11-20,3.55,3.575,3.5,3.53,5273051.0,3.5385,4192
RMS:TRADES:2Y,2025-11-21,3.45,3.46,3.34,3.39,5215244.0,3.385,5247
RMS:TRADES:2Y,2025-11-24,3.42,3.48,3.41,3.43,7980272.0,3.4355,5154
RMS:TRADES:2Y,2025-11-25,3.62,3.65,3.52,3.56,3924719.0,3.5705,3024
RMS:TRADES:2Y,2025-11-26,3.56,3.595,3.495,3.58,6391112.0,3.5595,5376
RMS:TRADES:2Y,2025-11-27,3.68,3.7,3.61,3.63,5941889.0,3.6475,4596
RMS:TRADES:2Y,2025-11-28,3.61,3.7,3.58,3.66,4959070.0,3.66,4078
RMS:TRADES:2Y,2025-12-01,3.71,3.74,3.62,3.65,5526972.0,3.662,5803
RMS:TRADES:2Y,2025-12-02,3.71,3.71,3.555,3.61,8830057.0,3.612,8188
RMS:TRADES:2Y,2025-12-03,3.62,3.68,3.57,3.66,6222738.0,3.6455,5177
RMS:TRADES:2Y,2025-12-04,3.58,3.66,3.55,3.55,5128783.0,3.5865,6536
RMS:TRADES:2Y,2025-12-05,3.65,3.66,3.525,3.54,4926964.0,3.567,5936
RMS:TRADES:2Y,2025-12-08,3.5,3.525,3.45,3.5,5919990.0,3.492,7928
RMS:TRADES:2Y,2025-12-09,3.46,3.49,3.38,3.38,6009450.0,3.4115,5292
RMS:TRADES:2Y,2025-12-10,3.64,3.71,3.57,3.57,10851972.0,3.612,6965
RMS:TRADES:2Y,2025-12-11,3.68,3.88,3.68,3.81,10809688.0,3.7985,7490
RMS:TRADES:2Y,2025-12-12,3.97,3.985,3.88,3.98,9795495.0,3.951,7601
RMS:TRADES:2Y,2025-12-15,3.98,3.99,3.69,3.71,13937868.0,3.7675,11702
RMS:TRADES:2Y,2025-12-16,3.73,3.775,3.63,3.65,10544059.0,3.6715,11096
RMS:TRADES:2Y,2025-12-17,3.65,3.82,3.6,3.81,8032619.0,3.7705,9804
RMS:TRADES:2Y,2025-12-18,3.76,3.825,3.705,3.78,11462085.0,3.761,12461
RMS:TRADES:2Y,2025-12-19,4.0,4.0,3.775,3.89,36285208.0,3.886,10635
RMS:TRADES:2Y,2025-12-22,3.95,4.19,3.87,4.17,10981294.0,4.0965,10058
RMS:TRADES:2Y,2025-12-23,4.12,4.185,4.09,4.17,6546149.0,4.152,6648
RMS:TRADES:2Y,2025-12-24,4.2,4.235,4.15,4.2,3760841.0,4.1975,4298
RMS:TRADES:2Y,2025-12-29,4.2,4.26,4.12,4.17,6312461.0,4.1765,8994
RMS:TRADES:2Y,2025-12-30,3.97,4.12,3.93,4.09,7175149.0,4.059,8987
RMS:TRADES:2Y,2025-12-31,4.05,4.16,4.05,4.16,3798770.0,4.1405,3204
RMS:TRADES:2Y,2026-01-02,4.09,4.25,4.06,4.23,3883458.0,4.199,5114
RMS:TRADES:2Y,2026-01-05,4.23,4.34,4.21,4.32,6006795.0,4.2975,6672
RMS:TRADES:2Y,2026-01-06,4.44,4.45,4.26,4.3,7509572.0,4.3155,10958
RMS:TRADES:2Y,2026-01-07,4.36,4.39,4.23,4.26,5329756.0,4.2925,6565
RMS:TRADES:2Y,2026-01-08,4.16,4.22,4.11,4.16,6825406.0,4.1615,7112
RMS:TRADES:2Y,2026-01-09,4.24,4.24,4.12,4.13,6740842.0,4.154,6498
RMS:TRADES:2Y,2026-01-12,4.3,4.425,4.24,4.39,10268579.0,4.365,8616
RMS:TRADES:2Y,2026-01-13,4.46,4.52,4.45,4.45,6261750.0,4.4735,6437
RMS:TRADES:2Y,2026-01-14,4.46,4.51,4.415,4.51,5443036.0,4.4745,7329
RMS:TRADES:2Y,2026-01-15,4.52,4.64,4.46,4.49,6317105.0,4.532,7404
RMS:TRADES:2Y,2026-01-16,4.55,4.58,4.475,4.54,4413511.0,4.5205,5644
RMS:TRADES:2Y,2026-01-19,4.6,4.68,4.56,4.59,3801638.0,4.612,5516
RMS:TRADES:2Y,2026-01-20,4.64,4.64,4.53,4.61,4973850.0,4.588,9991
RMS:TRADES:2Y,2026-01-21,4.79,4.84,4.72,4.83,8292181.0,4.8035,12726
RMS:TRADES:2Y,2026-01-22,4.84,4.88,4.575,4.58,8105636.0,4.634,12060
RMS:TRADES:2Y,2026-01-23,4.85,4.99,4.8,4.92,9717912.0,4.921,13074
RMS:TRADES:2Y,2026-01-27,5.05,5.09,4.89,4.93,9505819.0,4.96,12220
RMS:TRADES:2Y,2026-01-28,4.95,5.03,4.93,4.97,8450140.0,4.9845,9609
RMS:TRADES:2Y,2026-01-29,5.05,5.14,4.86,5.04,11032547.0,4.998,12933
RMS:TRADES:2Y,2026-01-30,4.8,4.895,4.56,4.72,15889471.0,4.712,17420
RMS:TRADES:2Y,2026-02-02,4.28,4.44,4.2,4.41,14914032.0,4.367,20665
RMS:TRADES:2Y,2026-02-03,4.31,4.595,4.31,4.47,9666136.0,4.489,13708
RMS:TRADES:2Y,2026-02-04,4.6,4.72,4.55,4.69,11168492.0,4.6535,16007
RMS:TRADES:2Y,2026-02-05,4.56,4.65,4.34,4.44,10172415.0,4.4795,15572
RMS:TRADES:2Y,2026-02-06,4.28,4.435,4.26,4.34,10578644.0,4.3405,11134
RMS:TRADES:2Y,2026-02-09,4.57,4.625,4.45,4.58,6918242.0,4.5655,10082
RMS:TRADES:2Y,2026-02-10,4.7,4.72,4.6,4.62,6155274.0,4.6385,7398
RMS:TRADES:2Y,2026-02-11,4.64,4.72,4.58,4.71,4475135.0,4.673,7223
RMS:TRADES:2Y,2026-02-12,4.72,4.74,4.65,4.69,4198418.0,4.6935,6220
RMS:TRADES:2Y,2026-02-13,4.43,4.54,4.4,4.52,5953043.0,4.4885,10019
RMS:TRADES:2Y,2026-02-16,4.63,4.69,4.55,4.59,4560673.0,4.6175,5317
RMS:TRADES:2Y,2026-02-17,4.59,4.6,4.49,4.51,4410471.0,4.5205,7331
RMS:TRADES:2Y,2026-02-18,4.43,4.45,4.345,4.4,7901309.0,4.3855,8249
RMS:TRADES:2Y,2026-02-19,4.63,4.64,4.46,4.51,5850239.0,4.527,7353
RMS:TRADES:2Y,2026-02-20,4.45,4.6,4.43,4.51,9110232.0,4.501,10194
RMS:TRADES:2Y,2026-02-23,4.67,4.92,4.59,4.88,12191201.0,4.784,9228
RMS:TRADES:2Y,2026-02-24,5.08,5.16,4.77,4.87,11914640.0,4.932,17211
RMS:TRADES:2Y,2026-02-25,4.9,4.9,4.73,4.76,6945556.0,4.781,8618
RMS:TRADES:2Y,2026-02-26,4.73,4.75,4.58,4.6,6609209.0,4.6315,6672
RMS:TRADES:2Y,2026-02-27,4.66,4.77,4.55,4.59,10138394.0,4.6195,8632
RMS:TRADES:2Y,2026-03-02,4.77,4.88,4.715,4.79,6665071.0,4.789,10101
RMS:TRADES:2Y,2026-03-03,4.68,4.68,4.46,4.51,9603013.0,4.535,10567
RMS:TRADES:2Y,2026-03-04,4.28,4.57,4.23,4.53,14865403.0,4.4575,11911
RMS:TRADES:2Y,2026-03-05,4.48,4.5,4.39,4.45,6478454.0,4.4435,7819
RMS:TRADES:2Y,2026-03-06,4.36,4.375,4.21,4.23,12090330.0,4.276,9466
RMS:TRADES:2Y,2026-03-09,4.2,4.245,4.09,4.14,14261025.0,4.153,10831
RMS:TRADES:2Y,2026-03-10,4.29,4.3,4.15,4.24,8577898.0,4.229,9417
RMS:TRADES:2Y,2026-03-11,4.27,4.35,4.22,4.32,7558175.0,4.2965,10552
RMS:TRADES:2Y,2026-03-12,4.22,4.25,4.17,4.21,7967345.0,4.213,9578
RMS:TRADES:2Y,2026-03-13,4.15,4.16,4.06,4.07,11643566.0,4.0975,9170
RMS:TRADES:2Y,2026-03-16,3.9,4.0,3.88,3.96,11141362.0,3.9465,12362
RMS:TRADES:2Y,2026-03-17,3.99,4.115,3.93,4.09,10114919.0,4.036,9276
RMS:TRADES:2Y,2026-03-18,3.99,4.05,3.95,4.04,7473190.0,4.0115,7086
RMS:TRADES:2Y,2026-03-19,3.87,3.87,3.57,3.61,21000197.0,3.6785,12115
RMS:TRADES:2Y,2026-03-20,3.54,3.63,3.48,3.49,46755728.0,3.4995,10082
RMS:TRADES:2Y,2026-03-23,3.3,3.39,3.27,3.31,14385807.0,3.323,11478
RMS:TRADES:2Y,2026-03-24,3.43,3.495,3.38,3.43,14934277.0,3.442,11510
RMS:TRADES:2Y,2026-03-25,3.6,3.75,3.55,3.68,11348576.0,3.677,10599
RMS:TRADES:2Y,2026-03-26,3.62,3.65,3.52,3.56,5967482.0,3.571,4763
RMS:TRADES:2Y,2026-03-27,3.46,3.54,3.43,3.52,8999867.0,3.4975,7531
RMS:TRADES:2Y,2026-03-30,3.6,3.63,3.48,3.59,7954882.0,3.561,7934
RMS:TRADES:2Y,2026-03-31,3.61,3.71,3.47,3.67,11564267.0,3.641,10043
RMS:TRADES:2Y,2026-04-01,3.98,3.98,3.83,3.88,10950508.0,3.891,10348
RMS:TRADES:2Y,2026-04-02,4.0,4.05,3.68,3.68,13719791.0,3.807,11534
RMS:TRADES:2Y,2026-04-07,3.76,3.82,3.68,3.74,7400954.0,3.751,8056
RMS:TRADES:2Y,2026-04-08,4.0,4.13,3.92,4.1,14621755.0,4.048,9587
RMS:TRADES:2Y,2026-04-09,3.97,4.07,3.89,4.07,8279666.0,4.004,10725
RMS:TRADES:2Y,2026-04-10,4.0,4.04,3.94,3.94,7504370.0,3.968,9477
RMS:TRADES:2Y,2026-04-13,3.8,3.85,3.74,3.84,9208589.0,3.8125,8077
RMS:TRADES:2Y,2026-04-14,3.84,3.865,3.73,3.8,10129937.0,3.7915,9883
RMS:TRADES:2Y,2026-04-15,3.97,4.06,3.9,4.06,9858003.0,4.012,9113
RMS:TRADES:2Y,2026-04-16,3.95,4.11,3.94,4.09,8462541.0,4.073,9382
RMS:TRADES:2Y,2026-04-17,4.05,4.085,3.89,3.95,9289217.0,3.9495,9391
RMS:TRADES:2Y,2026-04-20,3.92,4.07,3.875,4.0,5792136.0,3.9995,8100
RMS:TRADES:2Y,2026-04-21,3.96,4.02,3.93,4.0,5518694.0,3.992,6571
RMS:TRADES:2Y,2026-04-22,3.87,3.94,3.83,3.93,6728122.0,3.91,7554
RMS:TRADES:2Y,2026-04-23,3.96,3.98,3.825,3.86,7461803.0,3.872,9075
RMS:TRADES:2Y,2026-04-24,3.77,3.83,3.7,3.72,7006758.0,3.7385,8260
RMS:TRADES:2Y,2026-04-27,3.63,3.76,3.62,3.74,3872811.0,3.721,6897
RMS:TRADES:2Y,2026-04-28,3.65,3.7,3.61,3.67,5808171.0,3.6595,7116
RMS:TRADES:2Y,2026-04-29,3.57,3.67,3.56,3.59,8170002.0,3.602,7263
RMS:TRADES:2Y,2026-04-30,3.41,3.44,3.36,3.36,11798778.0,3.3875,8977
RMS:TRADES:2Y,2026-05-01,3.5,3.53,3.385,3.4,4154151.0,3.423,6459
RMS:TRADES:2Y,2026-05-04,3.38,3.44,3.35,3.39,3815340.0,3.3855,4138
RMS:TRADES:2Y,2026-05-05,3.37,3.39,3.31,3.35,5220623.0,3.3555,6437
RMS:TRADES:2Y,2026-05-06,3.37,3.44,3.275,3.42,6726492.0,3.3705,7748
RMS:TRADES:2Y,2026-05-07,3.56,3.61,3.54,3.55,11461748.0,3.566,9053
RMS:TRADES:2Y,2026-05-08,3.53,3.58,3.49,3.52,8169607.0,3.5275,6473
RMS:TRADES:2Y,2026-05-11,3.48,3.52,3.45,3.45,4027112.0,3.475,6783
RMS:TRADES:2Y,2026-05-12,3.56,3.63,3.55,3.58,7921820.0,3.5825,9966
RMS:TRADES:2Y,2026-05-13,3.6,3.67,3.57,3.58,4155519.0,3.6015,8371
RMS:TRADES:2Y,2026-05-14,3.55,3.55,3.45,3.49,5294385.0,3.4885,6538
RMS:TRADES:2Y,2026-05-15,3.42,3.45,3.32,3.35,6276724.0,3.3635,4775
RMS:TRADES:2Y,2026-05-18,3.25,3.26,3.175,3.21,5874927.0,3.206,6365
RMS:TRADES:2Y,2026-05-19,3.26,3.28,3.185,3.22,4620918.0,3.22,5317
RMS:TRADES:2Y,2026-05-20,3.15,3.16,3.05,3.07,8397482.0,3.081,9558
RMS:TRADES:2Y,2026-05-21,3.27,3.27,3.15,3.17,6127602.0,3.186,6827
RMS:TRADES:2Y,2026-05-22,3.17,3.26,3.15,3.2,7666844.0,3.219,7641
RMS:TRADES:2Y,2026-05-25,3.26,3.43,3.26,3.41,7182449.0,3.384,7972
RMS:TRADES:2Y,2026-05-26,3.41,3.42,3.36,3.39,5754071.0,3.3885,4631
RMS:TRADES:2Y,2026-05-27,3.53,3.53,3.36,3.38,3382438.0,3.3965,5090
RMS:TRADES:2Y,2026-05-28,3.26,3.28,3.1,3.11,7102832.0,3.154,6443
RMS:TRADES:2Y,2026-05-29,3.23,3.27,3.2,3.22,10613998.0,3.2285,6675
RMS:TRADES:2Y,2026-06-01,3.25,3.32,3.22,3.24,5187209.0,3.2535,7541
RMS:TRADES:2Y,2026-06-02,3.21,3.35,3.16,3.32,7736607.0,3.2715,10642
RMS:TRADES:2Y,2026-06-03,3.3,3.335,3.25,3.28,6228627.0,3.293,7626
RMS:TRADES:2Y,2026-06-04,3.25,3.25,3.15,3.15,6893759.0,3.175,6064
RMS:TRADES:2Y,2026-06-05,3.16,3.16,3.05,3.05,8023241.0,3.077,7445
RMS:TRADES:2Y,2026-06-09,2.89,2.93,2.83,2.93,11294399.0,2.9065,10518
RMS:TRADES:2Y,2026-06-10,2.83,2.89,2.76,2.82,13652832.0,2.828,12738
RMS:TRADES:2Y,2026-06-11,2.71,2.88,2.7,2.86,7885589.0,2.8125,7820
RMS:TRADES:2Y,2026-06-12,2.99,3.02,2.97,3.0,5220063.0,2.9965,5866
RMS:TRADES:2Y,2026-06-15,3.19,3.23,3.12,3.19,9108525.0,3.1915,9732
RMS:TRADES:2Y,2026-06-16,3.25,3.25,3.14,3.195,7027147.0,3.208,8508
RMS:TRADES:2Y,2026-06-17,3.25,3.37,3.23,3.31,5756339.0,3.312,8071
RMS:TRADES:2Y,2026-06-18,3.21,3.255,3.16,3.23,9261094.0,3.215,7563
RMS:TRADES:2Y,2026-06-19,3.1,3.17,3.07,3.155,6624499.0,3.1175,7875
RMS:TRADES:2Y,2026-06-22,3.12,3.27,3.095,3.2,3772506.0,3.196,5913
RMS:TRADES:2Y,2026-06-23,3.16,3.18,3.1,3.115,6743982.0,3.1315,6499
RMS:TRADES:2Y,2026-06-24,3.1,3.11,2.985,2.99,8177912.0,3.027,8233
RMS:TRADES:2Y,2026-06-25,2.9,2.94,2.845,2.91,6422382.0,2.892,7917
RMS:TRADES:2Y,2026-06-26,2.94,3.0,2.91,2.99,4335553.0,2.959,6153
RMS:TRADES:2Y,2026-06-29,3.09,3.14,3.03,3.07,4900849.0,3.0675,8038
RMS:TRADES:2Y,2026-06-30,2.99,3.03,2.94,2.94,6214702.0,2.9705,7063
RMS:TRADES:2Y,2026-07-01,2.95,2.99,2.885,2.895,3220818.0,2.9135,6616
RMS:TRADES:2Y,2026-07-02,2.91,3.01,2.87,3.0,5503250.0,2.9635,8459
RMS:TRADES:2Y,2026-07-03,3.13,3.22,3.1,3.185,6220766.0,3.182,6626
RMS:TRADES:2Y,2026-07-06,3.22,3.25,3.1,3.105,7043506.0,3.173,8535
RMS:TRADES:2Y,2026-07-07,3.17,3.17,3.01,3.01,3591283.0,3.052,4802
RMS:TRADES:2Y,2026-07-08,2.95,2.995,2.88,2.96,4815692.0,2.943,5779
RMS:TRADES:2Y,2026-07-09,2.94,2.98,2.895,2.97,2748180.0,2.944,4732
RMS:TRADES:2Y,2026-07-10,3.02,3.06,2.99,3.05,4001985.0,3.0335,5043
RMS:TRADES:2Y,2026-07-13,3.0,3.0,2.925,2.945,3018663.0,2.955,3956
RMS:TRADES:2Y,2026-07-14,2.94,3.0,2.87,3.0,2540843.0,2.94,3993
RMS:TRADES:2Y,2026-07-15,3.0,3.03,2.95,2.99,3282932.0,2.9765,4605
RMS:TRADES:2Y,2026-07-16,3.0,3.02,2.96,3.0,2231418.0,2.9915,4592
RMS:TRADES:2Y,2026-07-17,2.93,2.93,2.87,2.89,4326518.0,2.89,5164
RMS:TRADES:2Y,2026-07-20,2.87,2.91,2.81,2.9,3741616.0,2.8795,5028
RMS:TRADES:2Y,2026-07-21,2.9,3.01,2.86,3.01,2619802.0,2.952,4899
RMS:TRADES:2Y,2026-07-22,3.09,3.11,3.05,3.105,4569409.0,3.09,6582
RMS:TRADES:2Y,2026-07-23,3.17,3.2,3.12,3.14,3961441.0,3.16,5556
RMS:TRADES:2Y,2026-07-24,3.09,3.09,2.99,3.01,8446910.0,3.032,6959
RMS:TRADES:2Y,2026-07-27,3.12,3.19,3.1,3.12,3438392.0,3.139,6121
RMS:TRADES:2Y,2026-07-28,3.08,3.11,3.04,3.1,3265112.0,3.0765,4678
RMS:TRADES:2Y,2026-07-29,3.16,3.2,3.08,3.195,3499197.0,3.145,5481
RMS:TRADES:2Y,2026-07-30,3.26,3.26,3.02,3.08,5696081.0,3.12,6226
RMS:TRADES:2Y,2026-07-31,3.16,3.18,3.07,3.08,5310841.0,3.1125,7891
RMS:TRADES:2Y,2026-08-03,3.05,3.145,3.03,3.11,5252228.0,3.098,7247
RMS:TRADES:2Y,2026-08-04,3.14,3.185,3.1,3.16,5159963.0,3.1465,8385
RMS:TRADES:2Y,2026-08-05,3.19,3.4,3.17,3.39,10142618.0,3.2985,8303
RMS:TRADES:2Y,2026-08-06,3.5,3.545,3.44,3.48,8594736.0,3.4995,11581
RMS:TRADES:2Y,2026-08-07,3.47,3.64,3.47,3.62,6839082.0,3.5775,7060
RMS:TRADES:2Y,2026-08-10,3.71,3.77,3.58,3.7,6990354.0,3.6725,8568
RMS:TRADES:2Y,2026-08-11,3.73,3.79,3.66,3.66,5659425.0,3.7275,6481
RMS:TRADES:2Y,2026-08-12,3.66,3.74,3.64,3.71,6006235.0,3.7,6459
RMS:TRADES:2Y,2026-08-13,3.67,3.73,3.64,3.65,4316136.0,3.6795,7042
RMS:TRADES:2Y,2026-08-14,3.59,3.61,3.53,3.565,4048930.0,3.5745,5180
RMS:TRADES:2Y,2026-08-17,3.62,3.69,3.6,3.66,3373856.0,3.6565,5196
RMS:TRADES:2Y,2026-08-18,3.69,3.7,3.59,3.6,3901652.0,3.6335,4704
RMS:TRADES:2Y,2026-08-19,3.51,3.625,3.49,3.55,2884521.0,3.567,4065
RMS:TRADES:2Y,2026-08-20,3.78,4.01,3.78,3.97,12669066.0,3.949,12619
RMS:TRADES:2Y,2026-08-21,3.97,4.0,3.85,3.98,8128065.0,3.9585,8319
RMS:TRADES:2Y,2026-08-24,3.92,4.065,3.92,4.03,8841630.0,4.0155,11264
RMS:BID_ASK:3M,2026-05-27,3.3885,3.53,3.36,3.381,-1.0,-1.0,-1
RMS:BID_ASK:3M,2026-05-28,3.1825,3.29,3.1,3.1765,-1.0,-1.0,-1
RMS:BID_ASK:3M,2026-05-29,3.244,3.27,3.19,3.2275,-1.0,-1.0,-1
RMS:BID_ASK:3M,2026-06-01,3.256,3.33,3.21,3.2505,-1.0,-1.0,-1
RMS:BID_ASK:3M,2026-06-02,3.2615,3.35,3.16,3.2535,-1.0,-1.0,-1
RMS:BID_ASK:3M,2026-06-03,3.3045,3.34,3.25,3.296,-1.0,-1.0,-1
RMS:BID_ASK:3M,2026-06-04,3.191,3.25,3.14,3.1855,-1.0,-1.0,-1
RMS:BID_ASK:3M,2026-06-05,3.086,3.17,3.05,3.078,-1.0,-1.0,-1
RMS:BID_ASK:3M,2026-06-09,2.907,2.94,2.83,2.9025,-1.0,-1.0,-1
RMS:BID_ASK:3M,2026-06-10,2.835,2.89,2.76,2.828,-1.0,-1.0,-1
RMS:BID_ASK:3M,2026-06-11,2.821,2.88,2.7,2.831,-1.0,-1.0,-1
RMS:BID_ASK:3M,2026-06-12,2.988,3.02,2.97,2.998,-1.0,-1.0,-1
RMS:BID_ASK:3M,2026-06-15,3.184,3.23,3.1,3.194,-1.0,-1.0,-1
RMS:BID_ASK:3M,2026-06-16,3.2045,3.25,3.14,3.2145,-1.0,-1.0,-1
RMS:BID_ASK:3M,2026-06-17,3.309,3.37,3.22,3.319,-1.0,-1.0,-1
RMS:BID_ASK:3M,2026-06-18,3.2095,3.26,3.16,3.219,-1.0,-1.0,-1
RMS:BID_ASK:3M,2026-06-19,3.1135,3.17,3.07,3.1235,-1.0,-1.0,-1
RMS:BID_ASK:3M,2026-06-22,3.1925,3.27,3.09,3.202,-1.0,-1.0,-1
RMS:BID_ASK:3M,2026-06-23,3.1305,3.18,3.1,3.14,-1.0,-1.0,-1
RMS:BID_ASK:3M,2026-06-24,3.029,3.13,2.98,3.039,-1.0,-1.0,-1
RMS:BID_ASK:3M,2026-06-25,2.8865,2.94,2.84,2.8955,-1.0,-1.0,-1
RMS:BID_ASK:3M,2026-06-26,2.9505,3.0,2.91,2.9605,-1.0,-1.0,-1
RMS:BID_ASK:3M,2026-06-29,3.059,3.15,3.03,3.069,-1.0,-1.0,-1
RMS:BID_ASK:3M,2026-06-30,2.9655,3.04,2.94,2.9755,-1.0,-1.0,-1
RMS:BID_ASK:3M,2026-07-01,2.9035,2.99,2.88,2.913,-1.0,-1.0,-1
RMS:BID_ASK:3M,2026-07-02,2.957,3.01,2.87,2.967,-1.0,-1.0,-1
RMS:BID_ASK:3M,2026-07-03,3.187,3.22,3.1,3.197,-1.0,-1.0,-1
RMS:BID_ASK:3M,2026-07-06,3.167,3.26,3.1,3.177,-1.0,-1.0,-1
RMS:BID_ASK:3M,2026-07-07,3.0415,3.17,3.01,3.0515,-1.0,-1.0,-1
RMS:BID_ASK:3M,2026-07-08,2.946,3.0,2.88,2.956,-1.0,-1.0,-1
RMS:BID_ASK:3M,2026-07-09,2.9405,2.98,2.89,2.9505,-1.0,-1.0,-1
RMS:BID_ASK:3M,2026-07-10,3.026,3.06,2.99,3.036,-1.0,-1.0,-1
RMS:BID_ASK:3M,2026-07-13,2.952,3.02,2.92,2.9615,-1.0,-1.0,-1
RMS:BID_ASK:3M,2026-07-14,2.9395,3.0,2.87,2.9495,-1.0,-1.0,-1
RMS:BID_ASK:3M,2026-07-15,2.9705,3.04,2.94,2.9805,-1.0,-1.0,-1
RMS:BID_ASK:3M,2026-07-16,2.986,3.03,2.96,2.9955,-1.0,-1.0,-1
RMS:BID_ASK:3M,2026-07-17,2.886,2.93,2.87,2.8955,-1.0,-1.0,-1
RMS:BID_ASK:3M,2026-07-20,2.876,2.92,2.8,2.886,-1.0,-1.0,-1
RMS:BID_ASK:3M,2026-07-21,2.938,3.01,2.86,2.9475,-1.0,-1.0,-1
RMS:BID_ASK:3M,2026-07-22,3.0855,3.11,3.05,3.0955,-1.0,-1.0,-1
RMS:BID_ASK:3M,2026-07-23,3.1555,3.2,3.12,3.1655,-1.0,-1.0,-1
RMS:BID_ASK:3M,2026-07-24,3.026,3.09,2.99,3.036,-1.0,-1.0,-1
RMS:BID_ASK:3M,2026-07-27,3.1325,3.19,3.1,3.1425,-1.0,-1.0,-1
RMS:BID_ASK:3M,2026-07-28,3.0655,3.11,3.03,3.0755,-1.0,-1.0,-1
RMS:BID_ASK:3M,2026-07-29,3.1355,3.2,3.08,3.1455,-1.0,-1.0,-1
RMS:BID_ASK:3M,2026-07-30,3.0985,3.26,3.02,3.1085,-1.0,-1.0,-1
RMS:BID_ASK:3M,2026-07-31,3.1035,3.18,3.07,3.1135,-1.0,-1.0,-1
RMS:BID_ASK:3M,2026-08-03,3.098,3.15,3.03,3.107,-1.0,-1.0,-1
RMS:BID_ASK:3M,2026-08-04,3.14,3.19,3.1,3.15,-1.0,-1.0,-1
RMS:BID_ASK:3M,2026-08-05,3.2845,3.4,3.17,3.2945,-1.0,-1.0,-1
RMS:BID_ASK:3M,2026-08-06,3.494,3.55,3.43,3.504,-1.0,-1.0,-1
RMS:BID_ASK:3M,2026-08-07,3.5725,3.65,3.46,3.5825,-1.0,-1.0,-1
RMS:BID_ASK:3M,2026-08-10,3.661,3.78,3.58,3.671,-1.0,-1.0,-1
RMS:BID_ASK:3M,2026-08-11,3.73,3.79,3.66,3.74,-1.0,-1.0,-1
RMS:BID_ASK:3M,2026-08-12,3.6925,3.74,3.64,3.702,-1.0,-1.0,-1
RMS:BID_ASK:3M,2026-08-13,3.676,3.74,3.64,3.685,-1.0,-1.0,-1
RMS:BID_ASK:3M,2026-08-14,3.5735,3.62,3.53,3.5835,-1.0,-1.0,-1
RMS:BID_ASK:3M,2026-08-17,3.6575,3.69,3.6,3.6675,-1.0,-1.0,-1
RMS:BID_ASK:3M,2026-08-18,3.631,3.71,3.59,3.641,-1.0,-1.0,-1
RMS:BID_ASK:3M,2026-08-19,3.5715,3.63,3.48,3.5815,-1.0,-1.0,-1
RMS:BID_ASK:3M,2026-08-20,3.962,4.01,3.78,3.9715,-1.0,-1.0,-1
RMS:BID_ASK:3M,2026-08-21,3.955,4.01,3.85,3.965,-1.0,-1.0,-1
RMS:BID_ASK:3M,2026-08-24,4.015,4.07,3.91,4.025,-1.0,-1.0,-1
RRL:TRADES:2Y,2024-08-26,1.795,1.855,1.795,1.81,5568610.0,1.823,4845
RRL:TRADES:2Y,2024-08-27,1.82,1.84,1.79,1.795,4353453.0,1.8035,3827
RRL:TRADES:2Y,2024-08-28,1.8,1.86,1.8,1.825,6160107.0,1.8325,3182
RRL:TRADES:2Y,2024-08-29,1.8,1.855,1.8,1.83,4655457.0,1.8335,3147
RRL:TRADES:2Y,2024-08-30,1.84,1.88,1.84,1.87,4657198.0,1.864,2813
RRL:TRADES:2Y,2024-09-02,1.86,1.87,1.8,1.815,2464457.0,1.8215,2815
RRL:TRADES:2Y,2024-09-03,1.81,1.815,1.75,1.76,5904331.0,1.7725,4965
RRL:TRADES:2Y,2024-09-04,1.72,1.75,1.715,1.735,3083892.0,1.73,2716
RRL:TRADES:2Y,2024-09-05,1.74,1.77,1.74,1.76,3351779.0,1.7585,3175
RRL:TRADES:2Y,2024-09-06,1.765,1.79,1.755,1.775,3781815.0,1.7715,3075
RRL:TRADES:2Y,2024-09-09,1.73,1.775,1.715,1.755,2863931.0,1.746,3376
RRL:TRADES:2Y,2024-09-10,1.775,1.79,1.72,1.735,3170761.0,1.739,2923
RRL:TRADES:2Y,2024-09-11,1.76,1.795,1.745,1.745,3223176.0,1.764,2650
RRL:TRADES:2Y,2024-09-12,1.79,1.835,1.78,1.795,3581634.0,1.8005,2955
RRL:TRADES:2Y,2024-09-13,1.875,1.92,1.865,1.915,6878699.0,1.902,4119
RRL:TRADES:2Y,2024-09-16,1.96,1.99,1.915,1.925,7329331.0,1.942,5272
RRL:TRADES:2Y,2024-09-17,1.94,1.975,1.93,1.94,5311168.0,1.953,3951
RRL:TRADES:2Y,2024-09-18,1.92,1.965,1.915,1.95,3207796.0,1.9495,2968
RRL:TRADES:2Y,2024-09-19,1.955,1.97,1.925,1.95,4832118.0,1.951,4804
RRL:TRADES:2Y,2024-09-20,1.97,2.02,1.955,2.02,8100610.0,2.0055,3341
RRL:TRADES:2Y,2024-09-23,2.03,2.04,2.0,2.01,2602028.0,2.016,2095
RRL:TRADES:2Y,2024-09-24,2.0,2.02,1.965,2.0,3297224.0,1.9925,3297
RRL:TRADES:2Y,2024-09-25,2.04,2.05,1.975,1.995,5490830.0,2.0,3779
RRL:TRADES:2Y,2024-09-26,2.02,2.09,2.02,2.07,5450014.0,2.064,4093
RRL:TRADES:2Y,2024-09-27,2.05,2.06,2.02,2.04,2375231.0,2.034,1553
RRL:TRADES:2Y,2024-09-30,2.01,2.065,1.995,2.04,3981840.0,2.038,3609
RRL:TRADES:2Y,2024-10-01,2.01,2.035,2.0,2.01,1957140.0,2.013,2791
RRL:TRADES:2Y,2024-10-02,2.02,2.07,2.02,2.03,3022792.0,2.0455,3027
RRL:TRADES:2Y,2024-10-03,2.04,2.045,2.0,2.0,3084442.0,2.012,2337
RRL:TRADES:2Y,2024-10-04,2.0,2.04,1.975,2.02,3108012.0,2.011,2459
RRL:TRADES:2Y,2024-10-07,2.02,2.02,1.95,1.99,3617070.0,1.9775,2706
RRL:TRADES:2Y,2024-10-08,1.96,2.01,1.955,1.99,2076236.0,1.986,2441
RRL:TRADES:2Y,2024-10-09,1.98,2.0,1.965,1.99,1451557.0,1.987,1892
RRL:TRADES:2Y,2024-10-10,2.01,2.08,2.0,2.07,4255729.0,2.0525,1984
RRL:TRADES:2Y,2024-10-11,2.12,2.2,2.11,2.16,6999673.0,2.1645,3969
RRL:TRADES:2Y,2024-10-14,2.19,2.29,2.18,2.29,7133418.0,2.252,3444
RRL:TRADES:2Y,2024-10-15,2.31,2.42,2.31,2.4,10135470.0,2.3795,5483
RRL:TRADES:2Y,2024-10-16,2.44,2.57,2.43,2.56,9136027.0,2.505,5527
RRL:TRADES:2Y,2024-10-17,2.55,2.65,2.525,2.64,9540592.0,2.598,4737
RRL:TRADES:2Y,2024-10-18,2.65,2.67,2.61,2.65,5868201.0,2.6425,3311
RRL:TRADES:2Y,2024-10-21,2.67,2.75,2.67,2.75,8917411.0,2.7265,5170
RRL:TRADES:2Y,2024-10-22,2.73,2.77,2.7,2.76,6356510.0,2.7435,5000
RRL:TRADES:2Y,2024-10-23,2.76,2.785,2.725,2.77,5030770.0,2.7575,3444
RRL:TRADES:2Y,2024-10-24,2.69,2.82,2.67,2.81,7158519.0,2.7845,3372
RRL:TRADES:2Y,2024-10-25,2.79,2.83,2.76,2.8,4885144.0,2.8,4132
RRL:TRADES:2Y,2024-10-28,2.8,2.8,2.68,2.74,4524782.0,2.734,3601
RRL:TRADES:2Y,2024-10-29,2.72,2.765,2.7,2.73,4897603.0,2.73,3976
RRL:TRADES:2Y,2024-10-30,2.73,2.76,2.69,2.7,3307463.0,2.7135,2880
RRL:TRADES:2Y,2024-10-31,2.69,2.735,2.67,2.71,3080927.0,2.706,2129
RRL:TRADES:2Y,2024-11-01,2.64,2.725,2.62,2.7,3628684.0,2.6965,4384
RRL:TRADES:2Y,2024-11-04,2.7,2.7,2.62,2.65,2225229.0,2.6555,2895
RRL:TRADES:2Y,2024-11-05,2.66,2.66,2.605,2.63,2986766.0,2.6245,2035
RRL:TRADES:2Y,2024-11-06,2.65,2.67,2.58,2.61,3074995.0,2.625,2497
RRL:TRADES:2Y,2024-11-07,2.5,2.5,2.43,2.48,4777568.0,2.4695,4189
RRL:TRADES:2Y,2024-11-08,2.56,2.59,2.54,2.54,4261207.0,2.5505,3137
RRL:TRADES:2Y,2024-11-11,2.5,2.595,2.5,2.56,3645326.0,2.5645,3530
RRL:TRADES:2Y,2024-11-12,2.44,2.495,2.43,2.46,4002865.0,2.4635,3121
RRL:TRADES:2Y,2024-11-13,2.44,2.46,2.42,2.45,4082907.0,2.443,3567
RRL:TRADES:2Y,2024-11-14,2.42,2.44,2.36,2.4,5088631.0,2.393,3920
RRL:TRADES:2Y,2024-11-15,2.47,2.51,2.45,2.49,4253004.0,2.487,3467
RRL:TRADES:2Y,2024-11-18,2.48,2.59,2.48,2.55,2726789.0,2.5475,2565
RRL:TRADES:2Y,2024-11-19,2.64,2.67,2.61,2.65,3342329.0,2.645,2739
RRL:TRADES:2Y,2024-11-20,2.67,2.68,2.62,2.63,2084058.0,2.644,2903
RRL:TRADES:2Y,2024-11-21,2.66,2.67,2.63,2.65,2013814.0,2.6505,1978
RRL:TRADES:2Y,2024-11-22,2.65,2.67,2.63,2.66,1784269.0,2.6565,2244
RRL:TRADES:2Y,2024-11-25,2.67,2.7,2.61,2.62,4033315.0,2.631,2746
RRL:TRADES:2Y,2024-11-26,2.58,2.61,2.51,2.56,3218329.0,2.5705,2609
RRL:TRADES:2Y,2024-11-27,2.61,2.62,2.55,2.59,2498527.0,2.586,2197
RRL:TRADES:2Y,2024-11-28,2.55,2.6,2.55,2.59,1478590.0,2.586,2442
RRL:TRADES:2Y,2024-11-29,2.6,2.6,2.54,2.56,1701761.0,2.5655,2061
RRL:TRADES:2Y,2024-12-02,2.59,2.595,2.49,2.52,2509154.0,2.5285,3480
RRL:TRADES:2Y,2024-12-03,2.54,2.55,2.505,2.52,1819050.0,2.525,2372
RRL:TRADES:2Y,2024-12-04,2.54,2.57,2.51,2.56,1969837.0,2.5515,2305
RRL:TRADES:2Y,2024-12-05,2.63,2.7,2.6,2.7,3291401.0,2.6765,2874
RRL:TRADES:2Y,2024-12-06,2.72,2.74,2.68,2.73,3130468.0,2.7195,2685
RRL:TRADES:2Y,2024-12-09,2.7,2.72,2.66,2.7,2363803.0,2.703,2362
RRL:TRADES:2Y,2024-12-10,2.77,2.855,2.77,2.85,4678941.0,2.8225,3659
RRL:TRADES:2Y,2024-12-11,2.85,2.875,2.83,2.85,2668984.0,2.8535,3049
RRL:TRADES:2Y,2024-12-12,2.94,2.97,2.86,2.87,3826555.0,2.8965,2543
RRL:TRADES:2Y,2024-12-13,2.79,2.79,2.72,2.75,3151214.0,2.7475,2790
RRL:TRADES:2Y,2024-12-16,2.69,2.7,2.645,2.68,2480274.0,2.6755,2621
RRL:TRADES:2Y,2024-12-17,2.67,2.78,2.67,2.75,3281243.0,2.746,3538
RRL:TRADES:2Y,2024-12-18,2.72,2.76,2.66,2.73,2672884.0,2.728,3781
RRL:TRADES:2Y,2024-12-19,2.65,2.69,2.61,2.65,4360528.0,2.655,4909
RRL:TRADES:2Y,2024-12-20,2.64,2.65,2.59,2.62,6070915.0,2.62,3106
RRL:TRADES:2Y,2024-12-23,2.64,2.66,2.605,2.63,2184142.0,2.628,3687
RRL:TRADES:2Y,2024-12-24,2.63,2.63,2.56,2.59,914330.0,2.5895,1402
RRL:TRADES:2Y,2024-12-27,2.6,2.655,2.6,2.63,1257510.0,2.631,2418
RRL:TRADES:2Y,2024-12-30,2.6,2.64,2.58,2.62,1601710.0,2.615,2390
RRL:TRADES:2Y,2024-12-31,2.54,2.57,2.46,2.55,1329593.0,2.547,2368
RRL:TRADES:2Y,2025-01-02,2.57,2.6,2.555,2.58,1028784.0,2.5805,1333
RRL:TRADES:2Y,2025-01-03,2.62,2.65,2.58,2.59,1198126.0,2.6035,2350
RRL:TRADES:2Y,2025-01-06,2.6,2.635,2.55,2.57,2081528.0,2.584,3369
RRL:TRADES:2Y,2025-01-07,2.57,2.62,2.56,2.59,1750206.0,2.5925,2208
RRL:TRADES:2Y,2025-01-08,2.68,2.77,2.67,2.73,3903905.0,2.718,4901
RRL:TRADES:2Y,2025-01-09,2.8,2.85,2.74,2.77,3211959.0,2.793,3496
RRL:TRADES:2Y,2025-01-10,2.75,2.775,2.73,2.76,1424198.0,2.754,2635
RRL:TRADES:2Y,2025-01-13,2.75,2.81,2.735,2.8,2158188.0,2.779,2919
RRL:TRADES:2Y,2025-01-14,2.79,2.83,2.76,2.83,3078974.0,2.816,3181
RRL:TRADES:2Y,2025-01-15,2.89,2.9,2.85,2.9,2230214.0,2.883,2720
RRL:TRADES:2Y,2025-01-16,2.95,2.98,2.905,2.96,4958733.0,2.9495,3614
RRL:TRADES:2Y,2025-01-17,2.97,2.99,2.93,2.97,3834645.0,2.9565,3955
RRL:TRADES:2Y,2025-01-20,2.97,2.97,2.9,2.91,2607420.0,2.9205,3451
RRL:TRADES:2Y,2025-01-21,2.92,3.01,2.9,3.01,3533032.0,2.98,3355
RRL:TRADES:2Y,2025-01-22,3.07,3.1,3.0,3.09,3439935.0,3.0685,3874
RRL:TRADES:2Y,2025-01-23,3.12,3.21,3.12,3.21,5707976.0,3.1815,7184
RRL:TRADES:2Y,2025-01-24,3.17,3.18,2.99,3.01,5385155.0,3.0455,6290
RRL:TRADES:2Y,2025-01-28,3.0,3.05,2.915,2.95,3945400.0,2.958,4732
RRL:TRADES:2Y,2025-01-29,2.96,3.01,2.94,2.99,4451130.0,2.985,3852
RRL:TRADES:2Y,2025-01-30,2.99,3.01,2.94,2.97,3414123.0,2.9755,3353
RRL:TRADES:2Y,2025-01-31,3.05,3.08,3.02,3.06,2488265.0,3.0525,3486
RRL:TRADES:2Y,2025-02-03,3.01,3.14,3.01,3.12,4516002.0,3.105,5295
RRL:TRADES:2Y,2025-02-04,3.18,3.22,3.13,3.2,4006322.0,3.185,3847
RRL:TRADES:2Y,2025-02-05,3.23,3.28,3.175,3.26,5094496.0,3.2465,5628
RRL:TRADES:2Y,2025-02-06,3.29,3.36,3.28,3.29,4443011.0,3.3155,4479
RRL:TRADES:2Y,2025-02-07,3.26,3.3,3.23,3.28,3753808.0,3.267,5058
RRL:TRADES:2Y,2025-02-10,3.24,3.27,3.21,3.27,3233773.0,3.2415,6262
RRL:TRADES:2Y,2025-02-11,3.3,3.34,3.24,3.29,4903067.0,3.2935,4859
RRL:TRADES:2Y,2025-02-12,3.25,3.285,3.21,3.22,3543212.0,3.241,5728
RRL:TRADES:2Y,2025-02-13,3.25,3.25,3.17,3.21,3263601.0,3.216,6250
RRL:TRADES:2Y,2025-02-14,3.21,3.245,3.19,3.23,2117401.0,3.2265,3455
RRL:TRADES:2Y,2025-02-17,3.2,3.21,3.115,3.14,2772302.0,3.145,4329
RRL:TRADES:2Y,2025-02-18,3.16,3.2,3.13,3.14,2290835.0,3.1545,3691
RRL:TRADES:2Y,2025-02-19,3.18,3.23,3.16,3.18,2513192.0,3.1925,5160
RRL:TRADES:2Y,2025-02-20,3.15,3.19,3.02,3.07,3920251.0,3.098,4618
RRL:TRADES:2Y,2025-02-21,3.07,3.14,3.005,3.12,3636365.0,3.093,4475
RRL:TRADES:2Y,2025-02-24,3.03,3.1,3.02,3.1,4347414.0,3.0745,5695
RRL:TRADES:2Y,2025-02-25,3.1,3.215,3.08,3.2,4401262.0,3.169,6287
RRL:TRADES:2Y,2025-02-26,3.16,3.23,3.13,3.21,3647797.0,3.194,4009
RRL:TRADES:2Y,2025-02-27,3.26,3.325,3.25,3.28,4572694.0,3.2895,6000
RRL:TRADES:2Y,2025-02-28,3.16,3.21,3.125,3.2,7659666.0,3.194,3831
RRL:TRADES:2Y,2025-03-03,3.18,3.195,3.14,3.16,3275084.0,3.1665,4734
RRL:TRADES:2Y,2025-03-04,3.19,3.23,3.15,3.23,2828248.0,3.202,3314
RRL:TRADES:2Y,2025-03-05,3.2,3.27,3.16,3.19,4521966.0,3.1945,5207
RRL:TRADES:2Y,2025-03-06,3.23,3.26,3.2,3.26,3981119.0,3.2415,7133
RRL:TRADES:2Y,2025-03-07,3.25,3.31,3.18,3.2,3614349.0,3.228,5543
RRL:TRADES:2Y,2025-03-10,3.23,3.3,3.23,3.3,3946157.0,3.273,5235
RRL:TRADES:2Y,2025-03-11,3.24,3.25,3.09,3.18,5494810.0,3.175,7590
RRL:TRADES:2Y,2025-03-12,3.25,3.29,3.19,3.22,5494914.0,3.2365,5768
RRL:TRADES:2Y,2025-03-13,3.29,3.39,3.225,3.37,5832202.0,3.319,7414
RRL:TRADES:2Y,2025-03-14,3.53,3.61,3.49,3.56,6593742.0,3.545,8862
RRL:TRADES:2Y,2025-03-17,3.54,3.61,3.5,3.57,5592368.0,3.5645,8795
RRL:TRADES:2Y,2025-03-18,3.61,3.64,3.55,3.61,4386199.0,3.606,5620
RRL:TRADES:2Y,2025-03-19,3.59,3.66,3.55,3.58,4403851.0,3.5975,6935
RRL:TRADES:2Y,2025-03-20,3.61,3.67,3.58,3.64,6058238.0,3.63,7444
RRL:TRADES:2Y,2025-03-21,3.63,3.72,3.6,3.71,11252781.0,3.694,7013
RRL:TRADES:2Y,2025-03-24,3.72,3.755,3.62,3.69,3937466.0,3.694,5479
RRL:TRADES:2Y,2025-03-25,3.65,3.715,3.63,3.68,3206052.0,3.681,5429
RRL:TRADES:2Y,2025-03-26,3.72,3.77,3.69,3.72,3990889.0,3.7275,5441
RRL:TRADES:2Y,2025-03-27,3.73,3.79,3.71,3.73,4460071.0,3.7365,5201
RRL:TRADES:2Y,2025-03-28,3.78,3.91,3.77,3.9,5067971.0,3.8465,4470
RRL:TRADES:2Y,2025-03-31,3.87,3.92,3.845,3.92,3625445.0,3.905,3591
RRL:TRADES:2Y,2025-04-01,3.87,3.94,3.82,3.94,3942897.0,3.8915,5683
RRL:TRADES:2Y,2025-04-02,3.93,3.99,3.88,3.91,3745430.0,3.927,5864
RRL:TRADES:2Y,2025-04-03,3.89,4.03,3.89,3.99,4305360.0,3.977,5565
RRL:TRADES:2Y,2025-04-04,4.03,4.085,3.985,4.06,4704276.0,4.0495,4882
RRL:TRADES:2Y,2025-04-07,3.75,4.01,3.73,3.95,8077581.0,3.9185,8426
RRL:TRADES:2Y,2025-04-08,4.0,4.22,3.96,4.22,5343056.0,4.1315,6213
RRL:TRADES:2Y,2025-04-09,4.14,4.2,4.06,4.12,5014448.0,4.1265,6815
RRL:TRADES:2Y,2025-04-10,4.24,4.395,4.22,4.39,4896378.0,4.3195,7557
RRL:TRADES:2Y,2025-04-11,4.52,4.625,4.52,4.57,5925685.0,4.562,7220
RRL:TRADES:2Y,2025-04-14,4.65,4.69,4.55,4.59,4133804.0,4.598,9792
RRL:TRADES:2Y,2025-04-15,4.51,4.54,4.46,4.49,4903604.0,4.495,9878
RRL:TRADES:2Y,2025-04-16,4.53,4.78,4.5,4.78,5870060.0,4.7065,10250
RRL:TRADES:2Y,2025-04-17,4.87,4.92,4.71,4.72,4723678.0,4.7685,6859
RRL:TRADES:2Y,2025-04-22,4.75,4.93,4.75,4.9,4480792.0,4.88,7066
RRL:TRADES:2Y,2025-04-23,4.56,4.72,4.375,4.41,6384013.0,4.5025,13781
RRL:TRADES:2Y,2025-04-24,4.5,4.63,4.47,4.59,3659968.0,4.5795,6345
RRL:TRADES:2Y,2025-04-28,4.51,4.55,4.35,4.41,6032056.0,4.419,8984
RRL:TRADES:2Y,2025-04-29,4.5,4.54,4.46,4.49,4675910.0,4.495,7475
RRL:TRADES:2Y,2025-04-30,4.54,4.61,4.445,4.51,5358954.0,4.5095,6497
RRL:TRADES:2Y,2025-05-01,4.33,4.44,4.32,4.38,4024124.0,4.3745,7221
RRL:TRADES:2Y,2025-05-02,4.43,4.46,4.27,4.46,2966067.0,4.39,4786
RRL:TRADES:2Y,2025-05-05,4.41,4.47,4.4,4.43,2662211.0,4.435,3548
RRL:TRADES:2Y,2025-05-06,4.61,4.65,4.5,4.65,3261516.0,4.6115,7176
RRL:TRADES:2Y,2025-05-07,4.88,4.94,4.66,4.69,5223029.0,4.765,9070
RRL:TRADES:2Y,2025-05-08,4.72,4.89,4.72,4.86,3103081.0,4.8405,5194
RRL:TRADES:2Y,2025-05-09,4.77,4.85,4.72,4.85,3433644.0,4.8085,5247
RRL:TRADES:2Y,2025-05-12,4.81,4.83,4.66,4.67,2657821.0,4.7155,4012
RRL:TRADES:2Y,2025-05-13,4.38,4.39,4.15,4.32,5174708.0,4.27,6866
RRL:TRADES:2Y,2025-05-14,4.27,4.46,4.24,4.35,4115553.0,4.368,5752
RRL:TRADES:2Y,2025-05-15,4.27,4.385,4.22,4.28,5567950.0,4.29,7998
RRL:TRADES:2Y,2025-05-16,4.52,4.58,4.415,4.45,4288108.0,4.463,6041
RRL:TRADES:2Y,2025-05-19,4.5,4.6,4.47,4.6,3172298.0,4.563,5878
RRL:TRADES:2Y,2025-05-20,4.62,4.65,4.51,4.55,1942341.0,4.574,5043
RRL:TRADES:2Y,2025-05-21,4.74,4.88,4.72,4.86,4364088.0,4.8145,5645
RRL:TRADES:2Y,2025-05-22,4.83,5.02,4.83,5.0,4223876.0,4.967,5247
RRL:TRADES:2Y,2025-05-23,4.86,5.015,4.83,4.94,3083727.0,4.9555,6060
RRL:TRADES:2Y,2025-05-26,4.98,5.015,4.945,4.99,2507550.0,4.9825,6074
RRL:TRADES:2Y,2025-05-27,5.01,5.03,4.89,4.91,3699781.0,4.959,5267
RRL:TRADES:2Y,2025-05-28,4.81,4.96,4.81,4.91,2900532.0,4.9105,6713
RRL:TRADES:2Y,2025-05-29,4.8,5.04,4.74,4.94,3401222.0,4.956,5508
RRL:TRADES:2Y,2025-05-30,4.93,5.06,4.93,5.06,6966853.0,5.0365,4737
RRL:TRADES:2Y,2025-06-02,5.2,5.25,5.07,5.2,3359367.0,5.182,7333
RRL:TRADES:2Y,2025-06-03,5.5,5.59,5.26,5.31,4638403.0,5.3905,10378
RRL:TRADES:2Y,2025-06-04,5.31,5.32,5.21,5.23,2220814.0,5.2475,4821
RRL:TRADES:2Y,2025-06-05,5.33,5.37,5.135,5.15,2539937.0,5.21,4888
RRL:TRADES:2Y,2025-06-06,5.19,5.24,4.84,4.85,4353122.0,4.934,7255
RRL:TRADES:2Y,2025-06-10,4.7,4.82,4.605,4.82,7492631.0,4.734,13314
RRL:TRADES:2Y,2025-06-11,4.71,4.75,4.65,4.72,3156546.0,4.7065,7486
RRL:TRADES:2Y,2025-06-12,4.73,4.94,4.71,4.92,4082109.0,4.849,6721
RRL:TRADES:2Y,2025-06-13,5.05,5.12,4.985,5.06,4428603.0,5.057,7162
RRL:TRADES:2Y,2025-06-16,5.12,5.13,4.86,4.87,4279908.0,4.9385,11119
RRL:TRADES:2Y,2025-06-17,4.71,4.86,4.7,4.78,4710114.0,4.77,8556
RRL:TRADES:2Y,2025-06-18,4.84,4.85,4.67,4.67,4098235.0,4.7345,9445
RRL:TRADES:2Y,2025-06-19,4.6,4.65,4.53,4.62,2996861.0,4.6015,5801
RRL:TRADES:2Y,2025-06-20,4.62,4.73,4.6,4.7,5728333.0,4.698,3656
RRL:TRADES:2Y,2025-06-23,4.75,4.81,4.63,4.64,2468016.0,4.682,5975
RRL:TRADES:2Y,2025-06-24,4.75,4.75,4.61,4.64,2949560.0,4.654,6246
RRL:TRADES:2Y,2025-06-25,4.6,4.63,4.51,4.56,3689269.0,4.546,8558
RRL:TRADES:2Y,2025-06-26,4.54,4.54,4.45,4.49,2952477.0,4.4845,6303
RRL:TRADES:2Y,2025-06-27,4.47,4.53,4.37,4.39,3727015.0,4.4315,6284
RRL:TRADES:2Y,2025-06-30,4.33,4.45,4.3,4.39,5570675.0,4.3715,7383
RRL:TRADES:2Y,2025-07-01,4.5,4.555,4.43,4.45,2620282.0,4.4695,5238
RRL:TRADES:2Y,2025-07-02,4.46,4.53,4.405,4.51,3098202.0,4.495,6461
RRL:TRADES:2Y,2025-07-03,4.51,4.535,4.43,4.53,3677592.0,4.51,5794
RRL:TRADES:2Y,2025-07-04,4.58,4.62,4.46,4.47,2065230.0,4.499,4650
RRL:TRADES:2Y,2025-07-07,4.46,4.47,4.3,4.4,2574312.0,4.3965,7012
RRL:TRADES:2Y,2025-07-08,4.42,4.63,4.39,4.56,3418611.0,4.563,6177
RRL:TRADES:2Y,2025-07-09,4.42,4.5,4.21,4.3,5943618.0,4.311,10388
RRL:TRADES:2Y,2025-07-10,4.43,4.5,4.38,4.47,3013605.0,4.4705,5185
RRL:TRADES:2Y,2025-07-11,4.54,4.575,4.4,4.44,3203340.0,4.4505,6924
RRL:TRADES:2Y,2025-07-14,4.5,4.61,4.44,4.53,3996443.0,4.504,6507
RRL:TRADES:2Y,2025-07-15,4.57,4.62,4.46,4.62,2622226.0,4.56,5940
RRL:TRADES:2Y,2025-07-16,4.54,4.58,4.45,4.47,3191773.0,4.4905,5959
RRL:TRADES:2Y,2025-07-17,4.5,4.51,4.38,4.42,1826263.0,4.4265,5464
RRL:TRADES:2Y,2025-07-18,4.42,4.5,4.4,4.47,1581077.0,4.4625,4664
RRL:TRADES:2Y,2025-07-21,4.25,4.44,4.18,4.3,3991811.0,4.3005,6784
RRL:TRADES:2Y,2025-07-22,4.35,4.47,4.35,4.42,3764549.0,4.412,7734
RRL:TRADES:2Y,2025-07-23,4.52,4.6,4.44,4.46,4222390.0,4.5015,7726
RRL:TRADES:2Y,2025-07-24,4.38,4.38,4.265,4.36,3131916.0,4.3265,6595
RRL:TRADES:2Y,2025-07-25,4.3,4.35,4.18,4.21,2043606.0,4.235,4489
RRL:TRADES:2Y,2025-07-28,4.19,4.225,4.09,4.1,2703059.0,4.1365,4947
RRL:TRADES:2Y,2025-07-29,4.05,4.12,3.95,4.12,2481588.0,4.087,5000
RRL:TRADES:2Y,2025-07-30,4.12,4.18,4.05,4.14,2053185.0,4.1325,5175
RRL:TRADES:2Y,2025-07-31,4.04,4.1,3.99,4.09,2561027.0,4.081,5381
RRL:TRADES:2Y,2025-08-01,4.01,4.06,3.96,4.02,2445355.0,4.0175,4613
RRL:TRADES:2Y,2025-08-04,4.14,4.2,4.06,4.13,2272464.0,4.141,5201
RRL:TRADES:2Y,2025-08-05,4.24,4.25,4.11,4.24,3024344.0,4.211,6572
RRL:TRADES:2Y,2025-08-06,4.34,4.39,4.295,4.33,2576605.0,4.3325,5920
RRL:TRADES:2Y,2025-08-07,4.35,4.41,4.31,4.33,1959402.0,4.357,5006
RRL:TRADES:2Y,2025-08-08,4.37,4.42,4.335,4.38,2152118.0,4.3805,3724
RRL:TRADES:2Y,2025-08-11,4.32,4.325,4.25,4.3,1694643.0,4.2915,5058
RRL:TRADES:2Y,2025-08-12,4.28,4.395,4.25,4.3,2500423.0,4.318,6637
RRL:TRADES:2Y,2025-08-13,4.36,4.41,4.305,4.35,2776537.0,4.353,6039
RRL:TRADES:2Y,2025-08-14,4.35,4.42,4.32,4.42,3190970.0,4.389,7260
RRL:TRADES:2Y,2025-08-15,4.38,4.51,4.35,4.51,2382258.0,4.4665,7352
RRL:TRADES:2Y,2025-08-18,4.53,4.545,4.42,4.44,2280604.0,4.456,5223
RRL:TRADES:2Y,2025-08-19,4.44,4.44,4.38,4.43,1554165.0,4.4205,4840
RRL:TRADES:2Y,2025-08-20,4.36,4.45,4.32,4.43,3987145.0,4.409,7211
RRL:TRADES:2Y,2025-08-21,4.5,4.57,4.44,4.47,3081159.0,4.485,4503
RRL:TRADES:2Y,2025-08-22,4.43,4.5,4.06,4.07,5144864.0,4.162,11667
RRL:TRADES:2Y,2025-08-25,4.14,4.45,4.13,4.45,6545815.0,4.3585,12615
RRL:TRADES:2Y,2025-08-26,4.45,4.59,4.38,4.53,6488077.0,4.5045,8976
RRL:TRADES:2Y,2025-08-27,4.75,4.91,4.725,4.82,6070044.0,4.818,12180
RRL:TRADES:2Y,2025-08-28,4.84,4.84,4.69,4.75,3232184.0,4.75,6059
RRL:TRADES:2Y,2025-08-29,4.71,4.75,4.52,4.54,4103097.0,4.58,7582
RRL:TRADES:2Y,2025-09-01,4.7,4.82,4.61,4.77,3671932.0,4.729,7013
RRL:TRADES:2Y,2025-09-02,4.78,4.9,4.72,4.84,3715044.0,4.8415,9064
RRL:TRADES:2Y,2025-09-03,4.94,5.02,4.86,4.86,5114012.0,4.925,11399
RRL:TRADES:2Y,2025-09-04,4.92,4.96,4.75,4.82,2499566.0,4.8415,6073
RRL:TRADES:2Y,2025-09-05,4.82,5.09,4.82,5.09,2961882.0,5.0225,5925
RRL:TRADES:2Y,2025-09-08,5.11,5.18,4.99,5.1,3271214.0,5.076,7464
RRL:TRADES:2Y,2025-09-09,5.16,5.17,5.05,5.14,3208002.0,5.114,7676
RRL:TRADES:2Y,2025-09-10,4.97,5.14,4.89,5.13,2669465.0,5.0895,7714
RRL:TRADES:2Y,2025-09-11,5.24,5.5,5.21,5.45,3763339.0,5.4285,8784
RRL:TRADES:2Y,2025-09-12,5.52,5.81,5.52,5.8,6240381.0,5.72,11921
RRL:TRADES:2Y,2025-09-15,5.67,5.67,5.4,5.56,6558481.0,5.554,11040
RRL:TRADES:2Y,2025-09-16,5.61,5.72,5.56,5.62,4389017.0,5.64,9230
RRL:TRADES:2Y,2025-09-17,5.51,5.63,5.44,5.55,6246271.0,5.5385,10117
RRL:TRADES:2Y,2025-09-18,5.51,5.55,5.41,5.45,6485032.0,5.463,12296
RRL:TRADES:2Y,2025-09-19,5.47,5.545,5.42,5.5,34277529.0,5.499,12816
RRL:TRADES:2Y,2025-09-22,5.7,6.065,5.69,5.99,4622640.0,5.9535,9919
RRL:TRADES:2Y,2025-09-23,6.11,6.175,5.94,6.09,4930677.0,6.0525,9907
RRL:TRADES:2Y,2025-09-24,5.95,6.0,5.815,5.91,3406307.0,5.896,7903
RRL:TRADES:2Y,2025-09-25,5.89,5.965,5.83,5.83,3486941.0,5.8765,8670
RRL:TRADES:2Y,2025-09-26,5.76,5.85,5.645,5.85,5214734.0,5.778,13058
RRL:TRADES:2Y,2025-09-29,5.97,6.04,5.89,6.03,3695041.0,5.991,7663
RRL:TRADES:2Y,2025-09-30,6.2,6.24,5.98,6.01,5257990.0,6.069,13407
RRL:TRADES:2Y,2025-10-01,5.88,6.055,5.83,5.94,4503167.0,5.9665,13662
RRL:TRADES:2Y,2025-10-02,5.92,6.095,5.92,5.96,3272448.0,5.996,7799
RRL:TRADES:2Y,2025-10-03,5.9,6.01,5.87,5.99,4209229.0,5.963,8749
RRL:TRADES:2Y,2025-10-06,5.97,6.045,5.9,6.0,3117670.0,5.9865,7433
RRL:TRADES:2Y,2025-10-07,6.09,6.165,5.9,6.16,4845352.0,6.0995,6863
RRL:TRADES:2Y,2025-10-08,6.13,6.3,6.13,6.25,4032485.0,6.23,9251
RRL:TRADES:2Y,2025-10-09,6.03,6.13,5.88,6.02,6114031.0,6.0115,11384
RRL:TRADES:2Y,2025-10-10,5.75,5.85,5.65,5.69,3841959.0,5.7335,7804
RRL:TRADES:2Y,2025-10-13,5.89,6.2,5.88,6.09,4012252.0,6.0785,7135
RRL:TRADES:2Y,2025-10-14,6.18,6.39,6.14,6.27,4720060.0,6.2595,10014
RRL:TRADES:2Y,2025-10-15,6.35,6.45,6.27,6.37,3177068.0,6.35,6564
RRL:TRADES:2Y,2025-10-16,6.49,6.72,6.42,6.43,4917636.0,6.5075,10932
RRL:TRADES:2Y,2025-10-17,6.73,6.73,6.37,6.47,5468020.0,6.489,10173
RRL:TRADES:2Y,2025-10-20,6.05,6.25,6.02,6.21,3120249.0,6.1825,9690
RRL:TRADES:2Y,2025-10-21,6.4,6.58,6.35,6.56,3587282.0,6.5135,7320
RRL:TRADES:2Y,2025-10-22,5.96,6.0,5.74,5.98,7845716.0,5.902,14628
RRL:TRADES:2Y,2025-10-23,6.05,6.34,6.01,6.25,6234156.0,6.2275,9615
RRL:TRADES:2Y,2025-10-24,6.21,6.34,6.14,6.21,4712734.0,6.229,10338
RRL:TRADES:2Y,2025-10-27,6.19,6.39,6.05,6.15,3930370.0,6.159,7882
RRL:TRADES:2Y,2025-10-28,5.7,5.98,5.66,5.98,4313633.0,5.866,8554
RRL:TRADES:2Y,2025-10-29,6.05,6.16,5.89,6.06,3564450.0,6.0555,7442
RRL:TRADES:2Y,2025-10-30,6.02,6.18,5.97,6.13,3989878.0,6.1005,7703
RRL:TRADES:2Y,2025-10-31,6.32,6.52,6.24,6.44,3838121.0,6.4195,7192
RRL:TRADES:2Y,2025-11-03,6.34,6.47,6.225,6.25,2926316.0,6.2855,7985
RRL:TRADES:2Y,2025-11-04,6.26,6.355,6.13,6.3,2905974.0,6.2915,7107
RRL:TRADES:2Y,2025-11-05,5.94,6.29,5.85,6.28,3560499.0,6.151,10622
RRL:TRADES:2Y,2025-11-06,6.45,6.56,6.35,6.56,3095448.0,6.485,6142
RRL:TRADES:2Y,2025-11-07,6.57,6.72,6.435,6.44,3783627.0,6.517,9362
RRL:TRADES:2Y,2025-11-10,6.53,6.71,6.46,6.7,1934531.0,6.646,5929
RRL:TRADES:2Y,2025-11-11,6.95,6.96,6.72,6.72,3624903.0,6.8185,7807
RRL:TRADES:2Y,2025-11-12,6.73,6.905,6.72,6.88,2462299.0,6.8465,10150
RRL:TRADES:2Y,2025-11-13,7.35,7.48,7.15,7.23,5227839.0,7.2605,14211
RRL:TRADES:2Y,2025-11-14,6.98,7.09,6.9,7.06,2808567.0,7.0305,8421
RRL:TRADES:2Y,2025-11-17,6.88,7.05,6.81,6.84,2907033.0,6.8935,7926
RRL:TRADES:2Y,2025-11-18,6.8,6.88,6.52,6.65,4541157.0,6.674,10138
RRL:TRADES:2Y,2025-11-19,6.86,7.04,6.82,6.83,3436170.0,6.8895,8111
RRL:TRADES:2Y,2025-11-20,6.89,7.04,6.83,7.01,3232612.0,6.979,11097
RRL:TRADES:2Y,2025-11-21,6.73,6.87,6.6,6.6,3663369.0,6.665,9612
RRL:TRADES:2Y,2025-11-24,6.74,6.85,6.68,6.74,3269297.0,6.7475,7654
RRL:TRADES:2Y,2025-11-25,7.15,7.2,6.84,6.97,1715554.0,6.9965,8306
RRL:TRADES:2Y,2025-11-26,7.09,7.1,6.85,7.08,1850827.0,7.0295,7079
RRL:TRADES:2Y,2025-11-27,7.25,7.435,7.19,7.29,3271647.0,7.2915,9256
RRL:TRADES:2Y,2025-11-28,7.24,7.43,7.21,7.38,1798745.0,7.3725,5533
RRL:TRADES:2Y,2025-12-01,7.45,7.58,7.17,7.26,3348312.0,7.3115,11906
RRL:TRADES:2Y,2025-12-02,7.23,7.39,7.19,7.33,1511167.0,7.315,5444
RRL:TRADES:2Y,2025-12-03,7.2,7.42,7.19,7.37,2241580.0,7.349,6553
RRL:TRADES:2Y,2025-12-04,7.3,7.36,6.98,7.0,2010966.0,7.0695,7976
RRL:TRADES:2Y,2025-12-05,7.27,7.27,7.03,7.09,1600109.0,7.108,6319
RRL:TRADES:2Y,2025-12-08,7.02,7.13,6.81,7.05,2375814.0,7.06,7181
RRL:TRADES:2Y,2025-12-09,7.01,7.11,6.93,6.95,1573641.0,6.9765,6014
RRL:TRADES:2Y,2025-12-10,7.09,7.2,6.97,7.2,2159792.0,7.123,7727
RRL:TRADES:2Y,2025-12-11,7.37,7.39,7.13,7.14,2153904.0,7.206,6169
RRL:TRADES:2Y,2025-12-12,7.42,7.51,7.32,7.47,2533167.0,7.457,6053
RRL:TRADES:2Y,2025-12-15,7.45,7.45,7.13,7.25,2918733.0,7.236,9397
RRL:TRADES:2Y,2025-12-16,7.3,7.445,7.195,7.27,2101409.0,7.296,8306
RRL:TRADES:2Y,2025-12-17,7.36,7.71,7.22,7.7,2681115.0,7.6085,8844
RRL:TRADES:2Y,2025-12-18,7.43,7.58,7.3,7.38,3781679.0,7.389,10516
RRL:TRADES:2Y,2025-12-19,7.5,7.52,7.21,7.44,3997513.0,7.4265,7190
RRL:TRADES:2Y,2025-12-22,7.44,7.74,7.3,7.71,1738713.0,7.6515,7156
RRL:TRADES:2Y,2025-12-23,7.67,7.75,7.57,7.7,2407826.0,7.667,10189
RRL:TRADES:2Y,2025-12-24,7.77,7.825,7.65,7.73,1102345.0,7.727,4315
RRL:TRADES:2Y,2025-12-29,7.79,7.825,7.53,7.68,1608586.0,7.6765,6950
RRL:TRADES:2Y,2025-12-30,7.34,7.6,7.17,7.57,1690970.0,7.483,6823
RRL:TRADES:2Y,2025-12-31,7.49,7.64,7.4,7.55,1226484.0,7.5465,4339
RRL:TRADES:2Y,2026-01-02,7.52,7.65,7.44,7.63,967629.0,7.584,4408
RRL:TRADES:2Y,2026-01-05,7.52,7.665,7.47,7.64,1700172.0,7.61,6051
RRL:TRADES:2Y,2026-01-06,7.81,7.84,7.41,7.5,2878203.0,7.53,10808
RRL:TRADES:2Y,2026-01-07,7.75,7.76,7.585,7.65,2626578.0,7.6665,10704
RRL:TRADES:2Y,2026-01-08,7.62,7.67,7.42,7.51,1858055.0,7.523,7910
RRL:TRADES:2Y,2026-01-09,7.65,7.65,7.44,7.55,1436366.0,7.5655,6604
RRL:TRADES:2Y,2026-01-12,7.8,7.91,7.65,7.75,2461947.0,7.7965,7593
RRL:TRADES:2Y,2026-01-13,7.87,7.87,7.65,7.77,3456558.0,7.727,8407
RRL:TRADES:2Y,2026-01-14,7.83,7.86,7.625,7.76,2824701.0,7.723,8799
RRL:TRADES:2Y,2026-01-15,7.65,7.76,7.57,7.67,2783347.0,7.69,10075
RRL:TRADES:2Y,2026-01-16,7.71,7.74,7.65,7.74,1910358.0,7.7105,6087
RRL:TRADES:2Y,2026-01-19,7.69,8.0,7.68,7.95,2569113.0,7.853,8514
RRL:TRADES:2Y,2026-01-20,7.92,7.99,7.8,7.93,1429873.0,7.9015,7653
RRL:TRADES:2Y,2026-01-21,8.1,8.25,7.94,8.22,3639116.0,8.1445,13774
RRL:TRADES:2Y,2026-01-22,8.08,8.14,7.52,7.58,3176675.0,7.642,11453
RRL:TRADES:2Y,2026-01-23,7.97,8.385,7.91,8.35,3203877.0,8.246,10205
RRL:TRADES:2Y,2026-01-27,8.46,8.58,8.33,8.37,3700190.0,8.4005,15311
RRL:TRADES:2Y,2026-01-28,8.4,8.54,8.33,8.5,2727224.0,8.448,12738
RRL:TRADES:2Y,2026-01-29,8.52,8.65,8.28,8.52,2773947.0,8.475,9889
RRL:TRADES:2Y,2026-01-30,8.2,8.53,7.89,8.06,3757512.0,8.13,13820
RRL:TRADES:2Y,2026-02-02,7.47,7.73,7.22,7.55,4174801.0,7.519,15488
RRL:TRADES:2Y,2026-02-03,7.5,7.88,7.46,7.71,4423019.0,7.7585,13110
RRL:TRADES:2Y,2026-02-04,8.07,8.2,7.9,8.16,2727743.0,8.1135,11982
RRL:TRADES:2Y,2026-02-05,7.94,8.1,7.64,7.86,2991585.0,7.8775,18100
RRL:TRADES:2Y,2026-02-06,7.96,8.0,7.62,7.66,3709566.0,7.722,15851
RRL:TRADES:2Y,2026-02-09,7.96,8.41,7.87,8.37,3423499.0,8.2765,12172
RRL:TRADES:2Y,2026-02-10,8.5,8.53,8.265,8.32,3137034.0,8.343,9834
RRL:TRADES:2Y,2026-02-11,8.29,8.49,8.15,8.46,1826429.0,8.3845,9175
RRL:TRADES:2Y,2026-02-12,8.41,8.465,8.23,8.38,1615938.0,8.3635,8491
RRL:TRADES:2Y,2026-02-13,8.0,8.32,7.91,8.25,2921973.0,8.177,12859
RRL:TRADES:2Y,2026-02-16,8.49,8.6,8.28,8.28,2074280.0,8.385,10508
RRL:TRADES:2Y,2026-02-17,8.28,8.38,8.19,8.32,1661503.0,8.3045,6948
RRL:TRADES:2Y,2026-02-18,8.21,8.43,8.11,8.4,2491155.0,8.308,9922
RRL:TRADES:2Y,2026-02-19,8.54,8.72,8.24,8.44,2692105.0,8.498,13150
RRL:TRADES:2Y,2026-02-20,8.41,8.55,8.3,8.47,1884479.0,8.444,10380
RRL:TRADES:2Y,2026-02-23,8.62,8.93,8.57,8.9,2136269.0,8.7945,8823
RRL:TRADES:2Y,2026-02-24,8.99,9.22,8.74,8.98,3131306.0,8.9615,13961
RRL:TRADES:2Y,2026-02-25,9.15,9.47,8.96,9.42,3343945.0,9.3165,15503
RRL:TRADES:2Y,2026-02-26,9.38,9.41,9.15,9.26,2390178.0,9.254,12902
RRL:TRADES:2Y,2026-02-27,9.41,9.74,9.33,9.44,4172583.0,9.473,14270
RRL:TRADES:2Y,2026-03-02,9.8,10.0,9.645,9.76,2350854.0,9.7645,10662
RRL:TRADES:2Y,2026-03-03,9.35,9.69,9.35,9.54,2273833.0,9.5475,12515
RRL:TRADES:2Y,2026-03-04,9.0,9.34,8.9,9.22,3332078.0,9.1895,14657
RRL:TRADES:2Y,2026-03-05,9.01,9.17,9.0,9.06,1968066.0,9.0725,12706
RRL:TRADES:2Y,2026-03-06,8.7,8.78,8.455,8.48,2713056.0,8.542,14463
RRL:TRADES:2Y,2026-03-09,8.3,8.42,7.85,7.89,4599689.0,7.9895,21623
RRL:TRADES:2Y,2026-03-10,8.14,8.19,7.9,8.09,4035258.0,8.0675,17116
RRL:TRADES:2Y,2026-03-11,8.13,8.33,8.07,8.29,3680533.0,8.2285,14406
RRL:TRADES:2Y,2026-03-12,8.09,8.09,7.83,7.94,3341703.0,7.934,15342
RRL:TRADES:2Y,2026-03-13,7.93,7.94,7.62,7.68,3813075.0,7.7215,13642
RRL:TRADES:2Y,2026-03-16,7.28,7.39,6.95,7.04,6813811.0,7.068,23380
RRL:TRADES:2Y,2026-03-17,7.14,7.15,6.89,7.06,3976116.0,7.038,12075
RRL:TRADES:2Y,2026-03-18,7.22,7.23,6.955,7.05,3482927.0,7.0545,12866
RRL:TRADES:2Y,2026-03-19,6.6,6.61,6.3,6.36,5570200.0,6.418,18106
RRL:TRADES:2Y,2026-03-20,6.23,6.3,6.09,6.19,16682567.0,6.1875,13634
RRL:TRADES:2Y,2026-03-23,5.88,5.99,5.71,5.79,7590598.0,5.8005,17150
RRL:TRADES:2Y,2026-03-24,6.15,6.19,5.9,5.95,6615877.0,5.9725,13650
RRL:TRADES:2Y,2026-03-25,6.2,6.44,6.11,6.4,5279255.0,6.345,12617
RRL:TRADES:2Y,2026-03-26,6.4,6.49,6.245,6.35,4064693.0,6.352,12187
RRL:TRADES:2Y,2026-03-27,6.16,6.32,6.07,6.26,3296682.0,6.242,10056
RRL:TRADES:2Y,2026-03-30,6.39,6.39,6.15,6.36,4308108.0,6.317,10216
RRL:TRADES:2Y,2026-03-31,6.4,6.67,6.22,6.65,4959226.0,6.57,13721
RRL:TRADES:2Y,2026-04-01,7.14,7.19,6.94,7.13,4795473.0,7.0885,12490
RRL:TRADES:2Y,2026-04-02,7.46,7.54,6.72,6.72,5990128.0,6.9395,19208
RRL:TRADES:2Y,2026-04-07,7.12,7.12,6.81,6.85,3306440.0,6.892,12006
RRL:TRADES:2Y,2026-04-08,7.25,7.43,7.2,7.37,3186811.0,7.342,11324
RRL:TRADES:2Y,2026-04-09,7.2,7.565,7.13,7.51,3536857.0,7.424,9968
RRL:TRADES:2Y,2026-04-10,7.36,7.55,7.19,7.43,3840305.0,7.3945,12277
RRL:TRADES:2Y,2026-04-13,7.2,7.21,7.04,7.21,3059326.0,7.161,10037
RRL:TRADES:2Y,2026-04-14,7.18,7.34,7.12,7.25,2356524.0,7.2625,8653
RRL:TRADES:2Y,2026-04-15,7.37,7.665,7.33,7.62,3241354.0,7.5835,10807
RRL:TRADES:2Y,2026-04-16,7.58,7.61,7.44,7.54,2895294.0,7.529,11022
RRL:TRADES:2Y,2026-04-17,7.51,7.58,7.42,7.55,2630667.0,7.522,6183
RRL:TRADES:2Y,2026-04-20,7.46,7.79,7.38,7.68,2680025.0,7.666,10815
RRL:TRADES:2Y,2026-04-21,7.55,7.8,7.55,7.68,3137811.0,7.6835,12557
RRL:TRADES:2Y,2026-04-22,7.54,7.68,7.35,7.52,2828287.0,7.4715,13097
RRL:TRADES:2Y,2026-04-23,7.72,7.74,7.31,7.45,3012237.0,7.455,9847
RRL:TRADES:2Y,2026-04-24,7.56,7.605,7.35,7.35,2025691.0,7.428,8265
RRL:TRADES:2Y,2026-04-27,7.29,7.485,7.22,7.41,1302797.0,7.4025,7400
RRL:TRADES:2Y,2026-04-28,7.31,7.34,7.15,7.2,2205444.0,7.211,10301
RRL:TRADES:2Y,2026-04-29,7.02,7.22,6.99,7.14,2096309.0,7.1445,8298
RRL:TRADES:2Y,2026-04-30,6.84,7.035,6.79,6.92,2971424.0,6.9075,11408
RRL:TRADES:2Y,2026-05-01,7.15,7.28,7.0,7.06,1837882.0,7.0935,9457
RRL:TRADES:2Y,2026-05-04,7.08,7.21,7.025,7.17,1573881.0,7.1485,5800
RRL:TRADES:2Y,2026-05-05,6.91,7.05,6.65,6.75,6667783.0,6.7955,15517
RRL:TRADES:2Y,2026-05-06,6.83,6.83,6.15,6.51,7236447.0,6.3645,24155
RRL:TRADES:2Y,2026-05-07,6.81,6.85,6.63,6.83,7077908.0,6.767,17494
RRL:TRADES:2Y,2026-05-08,6.77,6.99,6.745,6.85,4646827.0,6.8835,14061
RRL:TRADES:2Y,2026-05-11,6.75,6.78,6.61,6.62,3012698.0,6.6565,10079
RRL:TRADES:2Y,2026-05-12,6.78,6.85,6.62,6.69,4028447.0,6.697,21636
RRL:TRADES:2Y,2026-05-13,6.73,6.88,6.66,6.87,3492834.0,6.836,13087
RRL:TRADES:2Y,2026-05-14,6.82,6.82,6.68,6.8,3269560.0,6.7785,11686
RRL:TRADES:2Y,2026-05-15,6.8,6.805,6.62,6.65,4671757.0,6.676,12155
RRL:TRADES:2Y,2026-05-18,6.5,6.5,6.31,6.4,2819970.0,6.4035,9116
RRL:TRADES:2Y,2026-05-19,6.46,6.5,6.33,6.46,4276631.0,6.419,13348
RRL:TRADES:2Y,2026-05-20,6.21,6.3,6.12,6.18,5177555.0,6.183,14219
RRL:TRADES:2Y,2026-05-21,6.37,6.37,6.24,6.26,3139642.0,6.293,12596
RRL:TRADES:2Y,2026-05-22,6.26,6.41,6.23,6.35,3391086.0,6.35,9396
RRL:TRADES:2Y,2026-05-25,6.47,6.585,6.45,6.54,2520664.0,6.518,9907
RRL:TRADES:2Y,2026-05-26,6.55,6.57,6.39,6.42,2706859.0,6.431,12593
RRL:TRADES:2Y,2026-05-27,6.43,6.5,6.31,6.37,2519396.0,6.373,9568
RRL:TRADES:2Y,2026-05-28,6.2,6.22,5.81,5.87,4526875.0,5.9485,12485
RRL:TRADES:2Y,2026-05-29,6.11,6.18,6.05,6.12,5512185.0,6.1105,10667
RRL:TRADES:2Y,2026-06-01,6.14,6.25,6.06,6.15,3538957.0,6.138,9741
RRL:TRADES:2Y,2026-06-02,6.18,6.36,6.03,6.32,5028058.0,6.2515,17009
RRL:TRADES:2Y,2026-06-03,6.24,6.405,6.22,6.31,4067225.0,6.3345,12000
RRL:TRADES:2Y,2026-06-04,6.3,6.3,6.11,6.15,2363516.0,6.1675,9373
RRL:TRADES:2Y,2026-06-05,6.13,6.17,5.935,5.97,2302178.0,5.976,7207
RRL:TRADES:2Y,2026-06-09,5.73,5.77,5.52,5.76,5182097.0,5.704,16602
RRL:TRADES:2Y,2026-06-10,5.6,5.7,5.49,5.58,4156461.0,5.591,12371
RRL:TRADES:2Y,2026-06-11,5.45,5.635,5.335,5.6,3876430.0,5.4985,14738
RRL:TRADES:2Y,2026-06-12,5.9,5.97,5.81,5.83,1550632.0,5.8565,6001
RRL:TRADES:2Y,2026-06-15,6.3,6.76,6.13,6.67,6137989.0,6.632,16175
RRL:TRADES:2Y,2026-06-16,6.58,6.83,6.51,6.74,4457199.0,6.7245,75303
RRL:TRADES:2Y,2026-06-17,6.85,7.12,6.83,7.1,3637563.0,7.005,12005
RRL:TRADES:2Y,2026-06-18,6.91,7.21,6.86,7.13,4405845.0,7.0935,10890
RRL:TRADES:2Y,2026-06-19,6.89,7.03,6.77,6.8,3640527.0,6.9055,11315
RRL:TRADES:2Y,2026-06-22,6.83,7.12,6.79,7.04,3469384.0,7.0045,11832
RRL:TRADES:2Y,2026-06-23,7.1,7.1,6.76,6.795,3024889.0,6.867,11777
RRL:TRADES:2Y,2026-06-24,6.68,6.72,6.57,6.63,3170883.0,6.649,14242
RRL:TRADES:2Y,2026-06-25,6.48,6.51,6.26,6.36,3288403.0,6.3695,11538
RRL:TRADES:2Y,2026-06-26,6.5,6.66,6.44,6.59,3380683.0,6.553,10869
RRL:TRADES:2Y,2026-06-29,6.7,6.78,6.425,6.47,2999892.0,6.5215,8445
RRL:TRADES:2Y,2026-06-30,6.33,6.34,5.95,6.03,3401051.0,6.0715,12065
RRL:TRADES:2Y,2026-07-01,6.13,6.15,5.87,5.96,2250754.0,5.963,10019
RRL:TRADES:2Y,2026-07-02,6.11,6.145,5.99,6.12,2683836.0,6.087,9414
RRL:TRADES:2Y,2026-07-03,6.38,6.65,6.32,6.6,2336195.0,6.5395,8774
RRL:TRADES:2Y,2026-07-06,6.7,7.0,6.58,6.71,5166809.0,6.7495,16483
RRL:TRADES:2Y,2026-07-07,6.6,6.83,6.55,6.7,3406425.0,6.722,14300
RRL:TRADES:2Y,2026-07-08,6.53,6.56,6.305,6.34,4650348.0,6.3785,15072
RRL:TRADES:2Y,2026-07-09,6.11,6.35,6.11,6.34,1851324.0,6.2625,6748
RRL:TRADES:2Y,2026-07-10,6.52,6.58,6.44,6.55,1966457.0,6.5305,6637
RRL:TRADES:2Y,2026-07-13,6.5,6.54,6.39,6.48,2887334.0,6.474,10589
RRL:TRADES:2Y,2026-07-14,6.4,6.61,6.26,6.59,2496073.0,6.447,8921
RRL:TRADES:2Y,2026-07-15,6.61,6.62,6.2,6.2,4126594.0,6.3495,13853
RRL:TRADES:2Y,2026-07-16,6.19,6.25,6.11,6.17,2284666.0,6.1735,10911
RRL:TRADES:2Y,2026-07-17,5.55,5.77,5.45,5.67,5470503.0,5.631,13874
RRL:TRADES:2Y,2026-07-20,5.61,5.72,5.43,5.685,2695862.0,5.5905,8582
RRL:TRADES:2Y,2026-07-21,5.65,5.92,5.63,5.905,2724361.0,5.8045,10685
RRL:TRADES:2Y,2026-07-22,6.05,6.32,6.05,6.29,2780046.0,6.2095,9843
RRL:TRADES:2Y,2026-07-23,6.42,6.5,6.27,6.31,1839783.0,6.3645,7787
RRL:TRADES:2Y,2026-07-24,6.23,6.25,5.9,5.94,2290577.0,6.02,8355
RRL:TRADES:2Y,2026-07-27,6.15,6.2,6.07,6.12,1266971.0,6.1345,6388
RRL:TRADES:2Y,2026-07-28,6.16,6.16,6.02,6.125,1197231.0,6.0905,6671
RRL:TRADES:2Y,2026-07-29,6.26,6.26,6.05,6.165,1786382.0,6.136,8911
RRL:TRADES:2Y,2026-07-30,6.27,6.27,5.9,5.91,2346090.0,6.049,7823
RRL:TRADES:2Y,2026-07-31,6.2,6.25,6.02,6.06,1615329.0,6.104,6893
RRL:TRADES:2Y,2026-08-03,6.03,6.16,6.01,6.15,1501739.0,6.108,6843
RRL:TRADES:2Y,2026-08-04,6.12,6.3,6.1,6.24,1892904.0,6.233,8962
RRL:TRADES:2Y,2026-08-05,6.3,6.69,6.24,6.68,2734012.0,6.5115,11118
RRL:TRADES:2Y,2026-08-06,6.98,7.185,6.965,7.04,2770299.0,7.069,12499
RRL:TRADES:2Y,2026-08-07,7.05,7.31,7.02,7.31,2463990.0,7.226,13003
RRL:TRADES:2Y,2026-08-10,7.42,7.57,7.29,7.46,2181136.0,7.4285,8584
RRL:TRADES:2Y,2026-08-11,7.46,7.62,7.4,7.47,2610702.0,7.5255,9996
RRL:TRADES:2Y,2026-08-12,7.5,7.565,7.39,7.5,1349207.0,7.503,7447
RRL:TRADES:2Y,2026-08-13,7.5,7.615,7.45,7.45,1565160.0,7.516,7163
RRL:TRADES:2Y,2026-08-14,7.32,7.41,7.27,7.315,1848903.0,7.3245,9682
RRL:TRADES:2Y,2026-08-17,7.5,7.595,7.45,7.58,1649495.0,7.54,7113
RRL:TRADES:2Y,2026-08-18,7.51,7.65,7.44,7.47,1621074.0,7.555,9288
RRL:TRADES:2Y,2026-08-19,7.28,7.52,7.28,7.44,1715295.0,7.4265,8924
RRL:TRADES:2Y,2026-08-20,7.92,8.295,7.89,8.21,3258488.0,8.1535,14780
RRL:TRADES:2Y,2026-08-21,8.39,8.73,8.38,8.58,4024750.0,8.5325,20169
RRL:TRADES:2Y,2026-08-24,8.25,8.57,8.23,8.54,2329348.0,8.457,13411
RRL:BID_ASK:3M,2026-05-27,6.3835,6.57,6.31,6.3595,-1.0,-1.0,-1
RRL:BID_ASK:3M,2026-05-28,6.0085,6.24,5.81,5.9875,-1.0,-1.0,-1
RRL:BID_ASK:3M,2026-05-29,6.121,6.18,6.05,6.0665,-1.0,-1.0,-1
RRL:BID_ASK:3M,2026-06-01,6.1385,6.25,6.05,6.1185,-1.0,-1.0,-1
RRL:BID_ASK:3M,2026-06-02,6.228,6.36,6.03,6.211,-1.0,-1.0,-1
RRL:BID_ASK:3M,2026-06-03,6.36,6.41,6.16,6.34,-1.0,-1.0,-1
RRL:BID_ASK:3M,2026-06-04,6.178,6.3,6.11,6.158,-1.0,-1.0,-1
RRL:BID_ASK:3M,2026-06-05,5.985,6.23,5.93,5.9715,-1.0,-1.0,-1
RRL:BID_ASK:3M,2026-06-09,5.702,5.77,5.52,5.681,-1.0,-1.0,-1
RRL:BID_ASK:3M,2026-06-10,5.609,5.7,5.48,5.596,-1.0,-1.0,-1
RRL:BID_ASK:3M,2026-06-11,5.5195,5.64,5.33,5.5295,-1.0,-1.0,-1
RRL:BID_ASK:3M,2026-06-12,5.8395,6.0,5.8,5.85,-1.0,-1.0,-1
RRL:BID_ASK:3M,2026-06-15,6.679,6.76,6.1,6.6895,-1.0,-1.0,-1
RRL:BID_ASK:3M,2026-06-16,6.739,6.83,6.5,6.7495,-1.0,-1.0,-1
RRL:BID_ASK:3M,2026-06-17,7.0105,7.12,6.82,7.021,-1.0,-1.0,-1
RRL:BID_ASK:3M,2026-06-18,7.127,7.21,6.86,7.1365,-1.0,-1.0,-1
RRL:BID_ASK:3M,2026-06-19,6.9075,7.04,6.77,6.918,-1.0,-1.0,-1
RRL:BID_ASK:3M,2026-06-22,6.995,7.12,6.78,7.0045,-1.0,-1.0,-1
RRL:BID_ASK:3M,2026-06-23,6.8875,7.1,6.75,6.8975,-1.0,-1.0,-1
RRL:BID_ASK:3M,2026-06-24,6.644,6.72,6.56,6.6545,-1.0,-1.0,-1
RRL:BID_ASK:3M,2026-06-25,6.3575,6.51,6.26,6.367,-1.0,-1.0,-1
RRL:BID_ASK:3M,2026-06-26,6.5425,6.66,6.44,6.554,-1.0,-1.0,-1
RRL:BID_ASK:3M,2026-06-29,6.5075,6.79,6.42,6.518,-1.0,-1.0,-1
RRL:BID_ASK:3M,2026-06-30,6.072,6.38,5.94,6.084,-1.0,-1.0,-1
RRL:BID_ASK:3M,2026-07-01,5.957,6.16,5.87,5.967,-1.0,-1.0,-1
RRL:BID_ASK:3M,2026-07-02,6.0815,6.15,5.99,6.0915,-1.0,-1.0,-1
RRL:BID_ASK:3M,2026-07-03,6.555,6.65,6.26,6.5645,-1.0,-1.0,-1
RRL:BID_ASK:3M,2026-07-06,6.755,7.0,6.58,6.7575,-1.0,-1.0,-1
RRL:BID_ASK:3M,2026-07-07,6.732,6.83,6.55,6.7425,-1.0,-1.0,-1
RRL:BID_ASK:3M,2026-07-08,6.3625,6.61,6.3,6.373,-1.0,-1.0,-1
RRL:BID_ASK:3M,2026-07-09,6.2645,6.36,6.11,6.2745,-1.0,-1.0,-1
RRL:BID_ASK:3M,2026-07-10,6.522,6.59,6.44,6.532,-1.0,-1.0,-1
RRL:BID_ASK:3M,2026-07-13,6.471,6.55,6.34,6.4815,-1.0,-1.0,-1
RRL:BID_ASK:3M,2026-07-14,6.447,6.61,6.25,6.4565,-1.0,-1.0,-1
RRL:BID_ASK:3M,2026-07-15,6.3175,6.63,6.2,6.328,-1.0,-1.0,-1
RRL:BID_ASK:3M,2026-07-16,6.166,6.28,6.1,6.1765,-1.0,-1.0,-1
RRL:BID_ASK:3M,2026-07-17,5.6595,5.78,5.45,5.671,-1.0,-1.0,-1
RRL:BID_ASK:3M,2026-07-20,5.615,5.72,5.43,5.6255,-1.0,-1.0,-1
RRL:BID_ASK:3M,2026-07-21,5.811,5.92,5.61,5.8205,-1.0,-1.0,-1
RRL:BID_ASK:3M,2026-07-22,6.203,6.32,6.01,6.213,-1.0,-1.0,-1
RRL:BID_ASK:3M,2026-07-23,6.3495,6.51,6.27,6.3605,-1.0,-1.0,-1
RRL:BID_ASK:3M,2026-07-24,5.9805,6.26,5.9,5.9915,-1.0,-1.0,-1
RRL:BID_ASK:3M,2026-07-27,6.117,6.21,6.07,6.127,-1.0,-1.0,-1
RRL:BID_ASK:3M,2026-07-28,6.0755,6.18,6.02,6.086,-1.0,-1.0,-1
RRL:BID_ASK:3M,2026-07-29,6.1215,6.27,6.05,6.131,-1.0,-1.0,-1
RRL:BID_ASK:3M,2026-07-30,6.027,6.27,5.9,6.0375,-1.0,-1.0,-1
RRL:BID_ASK:3M,2026-07-31,6.0835,6.25,6.02,6.0935,-1.0,-1.0,-1
RRL:BID_ASK:3M,2026-08-03,6.101,6.16,6.01,6.1095,-1.0,-1.0,-1
RRL:BID_ASK:3M,2026-08-04,6.2265,6.3,6.1,6.237,-1.0,-1.0,-1
RRL:BID_ASK:3M,2026-08-05,6.4905,6.69,6.24,6.5005,-1.0,-1.0,-1
RRL:BID_ASK:3M,2026-08-06,7.06,7.19,6.95,7.0705,-1.0,-1.0,-1
RRL:BID_ASK:3M,2026-08-07,7.223,7.32,6.95,7.232,-1.0,-1.0,-1
RRL:BID_ASK:3M,2026-08-10,7.4095,7.57,7.29,7.4195,-1.0,-1.0,-1
RRL:BID_ASK:3M,2026-08-11,7.5345,7.62,7.39,7.543,-1.0,-1.0,-1
RRL:BID_ASK:3M,2026-08-12,7.5055,7.57,7.33,7.5155,-1.0,-1.0,-1
RRL:BID_ASK:3M,2026-08-13,7.5095,7.62,7.45,7.5185,-1.0,-1.0,-1
RRL:BID_ASK:3M,2026-08-14,7.3135,7.46,7.26,7.323,-1.0,-1.0,-1
RRL:BID_ASK:3M,2026-08-17,7.546,7.6,7.43,7.5555,-1.0,-1.0,-1
RRL:BID_ASK:3M,2026-08-18,7.5535,7.65,7.43,7.563,-1.0,-1.0,-1
RRL:BID_ASK:3M,2026-08-19,7.425,7.52,7.28,7.4355,-1.0,-1.0,-1
RRL:BID_ASK:3M,2026-08-20,8.188,8.3,7.86,8.198,-1.0,-1.0,-1
RRL:BID_ASK:3M,2026-08-21,8.5255,8.73,8.38,8.5365,-1.0,-1.0,-1
RRL:BID_ASK:3M,2026-08-24,8.469,8.57,8.23,8.48,-1.0,-1.0,-1
WGX:TRADES:2Y,2024-08-26,2.98,3.03,2.95,3.01,4337759.0,2.998,4103
WGX:TRADES:2Y,2024-08-27,2.97,2.99,2.93,2.95,3191901.0,2.961,3630
WGX:TRADES:2Y,2024-08-28,2.77,2.935,2.77,2.92,6249391.0,2.897,5554
WGX:TRADES:2Y,2024-08-29,2.87,2.975,2.84,2.88,5244974.0,2.887,4257
WGX:TRADES:2Y,2024-08-30,2.91,3.045,2.91,3.04,6047726.0,3.0115,5706
WGX:TRADES:2Y,2024-09-02,2.95,2.95,2.795,2.83,5283483.0,2.843,3796
WGX:TRADES:2Y,2024-09-03,2.86,2.94,2.85,2.93,5494515.0,2.9045,3890
WGX:TRADES:2Y,2024-09-04,2.89,2.89,2.74,2.75,4772668.0,2.7815,4945
WGX:TRADES:2Y,2024-09-05,2.8,2.9,2.78,2.9,4242757.0,2.8615,4347
WGX:TRADES:2Y,2024-09-06,2.85,2.935,2.83,2.88,6876560.0,2.886,5046
WGX:TRADES:2Y,2024-09-09,2.8,2.84,2.78,2.78,4312813.0,2.8005,5480
WGX:TRADES:2Y,2024-09-10,2.82,2.85,2.76,2.78,2730114.0,2.787,4292
WGX:TRADES:2Y,2024-09-11,2.84,2.87,2.75,2.8,4135273.0,2.8065,3381
WGX:TRADES:2Y,2024-09-12,2.8,2.84,2.76,2.8,5665679.0,2.804,4660
WGX:TRADES:2Y,2024-09-13,2.9,2.92,2.86,2.88,8579773.0,2.8915,6602
WGX:TRADES:2Y,2024-09-16,2.98,2.99,2.74,2.76,8094670.0,2.801,5905
WGX:TRADES:2Y,2024-09-17,2.74,2.82,2.67,2.67,8846439.0,2.744,7480
WGX:TRADES:2Y,2024-09-18,2.7,2.735,2.65,2.65,6261172.0,2.6865,4884
WGX:TRADES:2Y,2024-09-19,2.68,2.69,2.61,2.68,5619612.0,2.6535,4544
WGX:TRADES:2Y,2024-09-20,2.72,2.75,2.67,2.72,59896923.0,2.719,6323
WGX:TRADES:2Y,2024-09-23,2.7,2.79,2.69,2.75,6775275.0,2.7495,4250
WGX:TRADES:2Y,2024-09-24,2.75,2.78,2.715,2.77,5966439.0,2.755,3995
WGX:TRADES:2Y,2024-09-25,2.85,2.86,2.71,2.73,5327867.0,2.7545,4424
WGX:TRADES:2Y,2024-09-26,2.76,2.81,2.73,2.81,8333237.0,2.791,7201
WGX:TRADES:2Y,2024-09-27,2.75,2.77,2.66,2.72,7833872.0,2.705,4713
WGX:TRADES:2Y,2024-09-30,2.63,2.69,2.605,2.67,6022900.0,2.659,4133
WGX:TRADES:2Y,2024-10-01,2.61,2.63,2.54,2.58,4742520.0,2.58,4264
WGX:TRADES:2Y,2024-10-02,2.6,2.65,2.54,2.54,5136867.0,2.585,4387
WGX:TRADES:2Y,2024-10-03,2.52,2.53,2.42,2.49,9213614.0,2.4725,7049
WGX:TRADES:2Y,2024-10-04,2.47,2.53,2.44,2.5,3976203.0,2.4895,3092
WGX:TRADES:2Y,2024-10-07,2.45,2.53,2.44,2.51,4646029.0,2.487,3766
WGX:TRADES:2Y,2024-10-08,2.5,2.53,2.455,2.48,6100497.0,2.4915,4599
WGX:TRADES:2Y,2024-10-09,2.47,2.56,2.45,2.53,5457206.0,2.522,3646
WGX:TRADES:2Y,2024-10-10,2.49,2.57,2.49,2.53,3673446.0,2.538,3783
WGX:TRADES:2Y,2024-10-11,2.56,2.61,2.54,2.55,5858652.0,2.5675,4407
WGX:TRADES:2Y,2024-10-14,2.49,2.58,2.47,2.56,4352463.0,2.5345,3290
WGX:TRADES:2Y,2024-10-15,2.58,2.63,2.56,2.6,2748316.0,2.6045,3069
WGX:TRADES:2Y,2024-10-16,2.61,2.715,2.61,2.7,4270858.0,2.6865,4623
WGX:TRADES:2Y,2024-10-17,2.73,2.98,2.73,2.98,7957763.0,2.896,4980
WGX:TRADES:2Y,2024-10-18,2.95,3.12,2.94,3.11,7300390.0,3.064,4946
WGX:TRADES:2Y,2024-10-21,3.15,3.265,3.14,3.26,6377136.0,3.228,5729
WGX:TRADES:2Y,2024-10-22,3.22,3.36,3.19,3.29,5946417.0,3.3005,6153
WGX:TRADES:2Y,2024-10-23,3.29,3.35,3.24,3.32,5552678.0,3.2995,5151
WGX:TRADES:2Y,2024-10-24,3.2,3.31,3.16,3.27,4673126.0,3.2615,4844
WGX:TRADES:2Y,2024-10-25,3.25,3.33,3.25,3.29,3722264.0,3.296,5411
WGX:TRADES:2Y,2024-10-28,3.25,3.27,3.1,3.13,5567097.0,3.157,5326
WGX:TRADES:2Y,2024-10-29,3.15,3.28,3.15,3.23,3943284.0,3.2295,4412
WGX:TRADES:2Y,2024-10-30,3.28,3.31,3.21,3.23,2824493.0,3.249,3523
WGX:TRADES:2Y,2024-10-31,3.15,3.27,3.13,3.22,5980322.0,3.219,3825
WGX:TRADES:2Y,2024-11-01,3.13,3.15,3.04,3.1,4107363.0,3.087,4818
WGX:TRADES:2Y,2024-11-04,3.13,3.22,3.12,3.2,2906793.0,3.1855,3770
WGX:TRADES:2Y,2024-11-05,3.12,3.2,3.1,3.12,2804199.0,3.136,3818
WGX:TRADES:2Y,2024-11-06,3.18,3.19,3.055,3.1,3372024.0,3.1025,5004
WGX:TRADES:2Y,2024-11-07,2.9,2.905,2.78,2.84,4181411.0,2.856,4409
WGX:TRADES:2Y,2024-11-08,2.95,2.99,2.9,2.9,2717117.0,2.925,3893
WGX:TRADES:2Y,2024-11-11,2.87,2.97,2.86,2.88,2642995.0,2.898,3123
WGX:TRADES:2Y,2024-11-12,2.76,2.81,2.705,2.79,4284675.0,2.7715,5370
WGX:TRADES:2Y,2024-11-13,2.76,2.8,2.75,2.79,3910460.0,2.7805,3886
WGX:TRADES:2Y,2024-11-14,2.75,2.77,2.665,2.67,3664443.0,2.7025,3868
WGX:TRADES:2Y,2024-11-15,2.77,2.79,2.71,2.71,3779057.0,2.7255,4709
WGX:TRADES:2Y,2024-11-18,2.71,2.81,2.7,2.72,4971101.0,2.755,5891
WGX:TRADES:2Y,2024-11-19,2.81,2.81,2.75,2.76,3956100.0,2.7675,3910
WGX:TRADES:2Y,2024-11-20,2.78,2.82,2.745,2.78,4713671.0,2.7865,4311
WGX:TRADES:2Y,2024-11-21,2.8,2.86,2.785,2.81,3695612.0,2.8175,3391
WGX:TRADES:2Y,2024-11-22,2.8,2.87,2.78,2.86,4529471.0,2.839,4471
WGX:TRADES:2Y,2024-11-25,2.9,2.91,2.83,2.87,6838296.0,2.869,3746
WGX:TRADES:2Y,2024-11-26,2.8,2.82,2.735,2.77,5911607.0,2.7695,4959
WGX:TRADES:2Y,2024-11-27,2.8,2.82,2.76,2.8,3154856.0,2.7905,4316
WGX:TRADES:2Y,2024-11-28,2.84,2.87,2.78,2.84,3196917.0,2.8395,3690
WGX:TRADES:2Y,2024-11-29,2.86,2.88,2.83,2.85,1696121.0,2.853,2829
WGX:TRADES:2Y,2024-12-02,2.88,2.89,2.76,2.81,2832922.0,2.8175,3740
WGX:TRADES:2Y,2024-12-03,2.8,2.835,2.77,2.81,2943416.0,2.8115,3307
WGX:TRADES:2Y,2024-12-04,2.85,2.9,2.79,2.81,2857684.0,2.8325,4129
WGX:TRADES:2Y,2024-12-05,2.85,2.97,2.85,2.97,5179499.0,2.938,4975
WGX:TRADES:2Y,2024-12-06,2.99,2.99,2.88,2.91,3097767.0,2.9185,3963
WGX:TRADES:2Y,2024-12-09,2.82,2.92,2.8,2.91,3486830.0,2.8755,4368
WGX:TRADES:2Y,2024-12-10,2.99,3.06,2.975,3.02,2694047.0,3.0165,3548
WGX:TRADES:2Y,2024-12-11,3.05,3.085,3.015,3.06,3291877.0,3.0555,4671
WGX:TRADES:2Y,2024-12-12,3.14,3.14,3.04,3.06,2514811.0,3.0775,2950
WGX:TRADES:2Y,2024-12-13,2.97,2.99,2.92,2.98,2980467.0,2.969,2816
WGX:TRADES:2Y,2024-12-16,2.98,3.06,2.97,3.02,4887233.0,3.018,5158
WGX:TRADES:2Y,2024-12-17,3.05,3.18,3.04,3.15,5887452.0,3.1345,6022
WGX:TRADES:2Y,2024-12-18,3.17,3.255,3.11,3.24,6022720.0,3.216,8316
WGX:TRADES:2Y,2024-12-19,3.0,3.1,2.905,2.97,9805160.0,3.0135,8050
WGX:TRADES:2Y,2024-12-20,2.95,3.03,2.89,2.89,17616702.0,2.909,6573
WGX:TRADES:2Y,2024-12-23,2.93,2.96,2.86,2.87,3545311.0,2.8955,3900
WGX:TRADES:2Y,2024-12-24,2.88,2.88,2.81,2.84,2245859.0,2.8405,2244
WGX:TRADES:2Y,2024-12-27,2.86,2.94,2.84,2.89,2291234.0,2.883,3402
WGX:TRADES:2Y,2024-12-30,2.88,2.91,2.84,2.86,2452090.0,2.8635,3040
WGX:TRADES:2Y,2024-12-31,2.83,2.86,2.81,2.83,1549814.0,2.8355,1898
WGX:TRADES:2Y,2025-01-02,2.84,2.9,2.84,2.89,1854103.0,2.8805,2489
WGX:TRADES:2Y,2025-01-03,2.94,3.0,2.87,2.9,3015777.0,2.9245,3670
WGX:TRADES:2Y,2025-01-06,2.91,2.93,2.835,2.85,2498135.0,2.8715,4203
WGX:TRADES:2Y,2025-01-07,2.84,2.87,2.77,2.8,3079737.0,2.8045,4076
WGX:TRADES:2Y,2025-01-08,2.78,2.95,2.78,2.93,4536936.0,2.9025,5418
WGX:TRADES:2Y,2025-01-09,2.77,2.77,2.51,2.53,8704520.0,2.616,6813
WGX:TRADES:2Y,2025-01-10,2.55,2.63,2.53,2.63,4323213.0,2.5875,4457
WGX:TRADES:2Y,2025-01-13,2.63,2.66,2.57,2.62,3370592.0,2.6105,3736
WGX:TRADES:2Y,2025-01-14,2.55,2.63,2.55,2.62,3608477.0,2.604,3902
WGX:TRADES:2Y,2025-01-15,2.62,2.66,2.605,2.61,2755770.0,2.622,3116
WGX:TRADES:2Y,2025-01-16,2.67,2.7,2.64,2.69,3050625.0,2.6815,2823
WGX:TRADES:2Y,2025-01-17,2.7,2.71,2.67,2.69,1850834.0,2.6865,2333
WGX:TRADES:2Y,2025-01-20,2.66,2.68,2.6,2.64,2654622.0,2.6365,2749
WGX:TRADES:2Y,2025-01-21,2.66,2.72,2.65,2.7,2950826.0,2.6915,2849
WGX:TRADES:2Y,2025-01-22,2.74,2.75,2.68,2.73,2927202.0,2.724,3947
WGX:TRADES:2Y,2025-01-23,2.73,2.78,2.67,2.75,3595173.0,2.7455,4021
WGX:TRADES:2Y,2025-01-24,2.69,2.72,2.575,2.62,6836962.0,2.6255,5426
WGX:TRADES:2Y,2025-01-28,2.6,2.65,2.52,2.52,3343259.0,2.561,3534
WGX:TRADES:2Y,2025-01-29,2.58,2.62,2.57,2.57,2948593.0,2.584,3841
WGX:TRADES:2Y,2025-01-30,2.55,2.59,2.505,2.54,3328971.0,2.5455,3629
WGX:TRADES:2Y,2025-01-31,2.58,2.61,2.545,2.58,4124517.0,2.5775,2711
WGX:TRADES:2Y,2025-02-03,2.25,2.32,2.21,2.26,10171356.0,2.2625,7451
WGX:TRADES:2Y,2025-02-04,2.27,2.37,2.22,2.34,8567926.0,2.316,5457
WGX:TRADES:2Y,2025-02-05,2.36,2.45,2.35,2.42,8630191.0,2.4165,7023
WGX:TRADES:2Y,2025-02-06,2.42,2.545,2.42,2.51,5718381.0,2.5025,5141
WGX:TRADES:2Y,2025-02-07,2.39,2.5,2.38,2.46,4026397.0,2.456,3808
WGX:TRADES:2Y,2025-02-10,2.41,2.49,2.4,2.44,3853473.0,2.449,4731
WGX:TRADES:2Y,2025-02-11,2.5,2.56,2.45,2.51,6616297.0,2.497,4683
WGX:TRADES:2Y,2025-02-12,2.45,2.48,2.41,2.43,5955125.0,2.4355,4444
WGX:TRADES:2Y,2025-02-13,2.49,2.5,2.44,2.47,4823830.0,2.476,3628
WGX:TRADES:2Y,2025-02-14,2.51,2.56,2.46,2.53,5382285.0,2.5275,4878
WGX:TRADES:2Y,2025-02-17,2.42,2.48,2.4,2.46,5051138.0,2.4545,3089
WGX:TRADES:2Y,2025-02-18,2.52,2.555,2.415,2.43,6815525.0,2.4765,3936
WGX:TRADES:2Y,2025-02-19,2.47,2.54,2.47,2.51,6021900.0,2.5035,4472
WGX:TRADES:2Y,2025-02-20,2.45,2.5,2.44,2.49,6286580.0,2.4745,3936
WGX:TRADES:2Y,2025-02-21,2.5,2.545,2.48,2.5,3024259.0,2.516,2874
WGX:TRADES:2Y,2025-02-24,2.5,2.5,2.44,2.45,3567692.0,2.4615,3377
WGX:TRADES:2Y,2025-02-25,2.45,2.52,2.43,2.52,4176715.0,2.4885,3124
WGX:TRADES:2Y,2025-02-26,2.49,2.49,2.42,2.43,5429057.0,2.4505,4473
WGX:TRADES:2Y,2025-02-27,2.42,2.55,2.41,2.49,4202824.0,2.504,4555
WGX:TRADES:2Y,2025-02-28,2.43,2.52,2.43,2.51,9224908.0,2.4925,4077
WGX:TRADES:2Y,2025-03-03,2.48,2.525,2.47,2.48,4097357.0,2.4965,3227
WGX:TRADES:2Y,2025-03-04,2.47,2.51,2.45,2.46,3630984.0,2.468,3425
WGX:TRADES:2Y,2025-03-05,2.46,2.47,2.43,2.44,4903258.0,2.4485,4270
WGX:TRADES:2Y,2025-03-06,2.49,2.55,2.47,2.53,5019862.0,2.519,3764
WGX:TRADES:2Y,2025-03-07,2.51,2.51,2.45,2.49,3535852.0,2.482,3717
WGX:TRADES:2Y,2025-03-10,2.49,2.55,2.49,2.55,4184712.0,2.534,3187
WGX:TRADES:2Y,2025-03-11,2.49,2.51,2.43,2.44,4774504.0,2.4615,2706
WGX:TRADES:2Y,2025-03-12,2.51,2.52,2.425,2.44,4941086.0,2.456,4344
WGX:TRADES:2Y,2025-03-13,2.48,2.64,2.455,2.64,6157680.0,2.5765,4597
WGX:TRADES:2Y,2025-03-14,2.76,2.84,2.75,2.83,4915920.0,2.806,3693
WGX:TRADES:2Y,2025-03-17,2.83,2.95,2.8,2.94,6939577.0,2.906,4266
WGX:TRADES:2Y,2025-03-18,2.98,2.99,2.93,2.95,7347054.0,2.9605,5431
WGX:TRADES:2Y,2025-03-19,3.0,3.025,2.96,2.96,7366309.0,2.9875,4311
WGX:TRADES:2Y,2025-03-20,2.93,2.995,2.93,2.95,8637657.0,2.9545,4514
WGX:TRADES:2Y,2025-03-21,2.95,3.05,2.93,2.96,12029963.0,2.976,4973
WGX:TRADES:2Y,2025-03-24,2.96,3.0,2.89,2.89,7124121.0,2.9365,8436
WGX:TRADES:2Y,2025-03-25,2.85,2.94,2.85,2.86,3985463.0,2.8865,3331
WGX:TRADES:2Y,2025-03-26,2.87,2.9,2.8,2.81,4654760.0,2.8265,4074
WGX:TRADES:2Y,2025-03-27,2.8,2.9,2.8,2.87,3822003.0,2.871,3763
WGX:TRADES:2Y,2025-03-28,2.9,2.95,2.895,2.92,4760155.0,2.924,3034
WGX:TRADES:2Y,2025-03-31,2.89,2.93,2.87,2.88,3914843.0,2.8935,2451
WGX:TRADES:2Y,2025-04-01,2.91,2.92,2.8,2.8,5889200.0,2.83,3386
WGX:TRADES:2Y,2025-04-02,2.83,2.83,2.775,2.79,2915582.0,2.7945,3001
WGX:TRADES:2Y,2025-04-03,2.8,2.9,2.79,2.88,6389666.0,2.8655,5222
WGX:TRADES:2Y,2025-04-04,2.85,2.89,2.815,2.87,5759223.0,2.8515,4267
WGX:TRADES:2Y,2025-04-07,2.67,2.69,2.59,2.66,5884371.0,2.652,5542
WGX:TRADES:2Y,2025-04-08,2.65,2.78,2.62,2.75,6059737.0,2.732,4112
WGX:TRADES:2Y,2025-04-09,2.71,2.76,2.67,2.67,3272135.0,2.704,4119
WGX:TRADES:2Y,2025-04-10,2.85,2.85,2.71,2.82,5292449.0,2.785,4749
WGX:TRADES:2Y,2025-04-11,2.9,2.98,2.85,2.95,5865946.0,2.9395,4903
WGX:TRADES:2Y,2025-04-14,3.01,3.145,3.005,3.06,11135590.0,3.0895,8050
WGX:TRADES:2Y,2025-04-15,2.96,3.08,2.96,3.06,3365886.0,3.038,5660
WGX:TRADES:2Y,2025-04-16,3.1,3.185,3.08,3.17,6476274.0,3.1505,5560
WGX:TRADES:2Y,2025-04-17,3.24,3.26,3.2,3.2,5523518.0,3.2225,5677
WGX:TRADES:2Y,2025-04-22,3.22,3.32,3.22,3.25,6531907.0,3.2665,5410
WGX:TRADES:2Y,2025-04-23,3.14,3.17,2.97,2.98,8026065.0,3.0355,8117
WGX:TRADES:2Y,2025-04-24,3.01,3.07,2.99,3.04,3208203.0,3.036,5449
WGX:TRADES:2Y,2025-04-28,3.03,3.07,2.93,2.95,5038811.0,2.976,5703
WGX:TRADES:2Y,2025-04-29,2.97,3.03,2.96,3.02,2298226.0,3.007,4512
WGX:TRADES:2Y,2025-04-30,3.02,3.09,2.93,2.97,4742003.0,2.988,4939
WGX:TRADES:2Y,2025-05-01,2.97,2.98,2.77,2.77,6116836.0,2.8435,5176
WGX:TRADES:2Y,2025-05-02,2.7,2.74,2.62,2.69,5097633.0,2.671,4019
WGX:TRADES:2Y,2025-05-05,2.66,2.74,2.65,2.71,3223952.0,2.7015,5177
WGX:TRADES:2Y,2025-05-06,2.79,2.88,2.78,2.8,6661554.0,2.817,7449
WGX:TRADES:2Y,2025-05-07,2.9,2.93,2.84,2.88,5933031.0,2.881,6880
WGX:TRADES:2Y,2025-05-08,2.93,2.97,2.895,2.94,2810043.0,2.939,4274
WGX:TRADES:2Y,2025-05-09,2.85,2.91,2.83,2.91,2952339.0,2.871,3216
WGX:TRADES:2Y,2025-05-12,2.89,2.9,2.82,2.83,3528833.0,2.839,4112
WGX:TRADES:2Y,2025-05-13,2.68,2.68,2.57,2.6,7123521.0,2.6245,6333
WGX:TRADES:2Y,2025-05-14,2.58,2.65,2.58,2.64,3284219.0,2.627,2644
WGX:TRADES:2Y,2025-05-15,2.58,2.61,2.51,2.53,5370281.0,2.5605,3459
WGX:TRADES:2Y,2025-05-16,2.64,2.65,2.53,2.55,4963416.0,2.575,5878
WGX:TRADES:2Y,2025-05-19,2.6,2.66,2.57,2.6,4250914.0,2.616,4067
WGX:TRADES:2Y,2025-05-20,2.6,2.62,2.54,2.56,3302792.0,2.577,3587
WGX:TRADES:2Y,2025-05-21,2.69,2.77,2.69,2.72,6460726.0,2.733,5677
WGX:TRADES:2Y,2025-05-22,2.75,2.85,2.73,2.85,3398909.0,2.821,2936
WGX:TRADES:2Y,2025-05-23,2.82,2.875,2.81,2.86,5548830.0,2.852,3715
WGX:TRADES:2Y,2025-05-26,2.86,2.98,2.86,2.95,4118923.0,2.944,3501
WGX:TRADES:2Y,2025-05-27,2.93,3.005,2.91,2.92,3868762.0,2.9465,3379
WGX:TRADES:2Y,2025-05-28,2.96,3.0,2.92,3.0,5352097.0,2.981,4059
WGX:TRADES:2Y,2025-05-29,2.94,3.0,2.91,2.98,5155965.0,2.9735,4174
WGX:TRADES:2Y,2025-05-30,2.98,3.05,2.95,3.04,11026286.0,3.0235,5711
WGX:TRADES:2Y,2025-06-02,3.03,3.08,3.0,3.03,3982476.0,3.0355,3762
WGX:TRADES:2Y,2025-06-03,3.21,3.21,3.135,3.18,5912179.0,3.176,4967
WGX:TRADES:2Y,2025-06-04,3.18,3.18,3.1,3.16,2918344.0,3.15,4781
WGX:TRADES:2Y,2025-06-05,3.22,3.22,3.115,3.14,2476385.0,3.144,3776
WGX:TRADES:2Y,2025-06-06,3.13,3.155,3.09,3.14,3059995.0,3.13,3482
WGX:TRADES:2Y,2025-06-10,3.12,3.215,3.09,3.16,5426665.0,3.155,4917
WGX:TRADES:2Y,2025-06-11,3.06,3.09,3.005,3.03,4356360.0,3.041,6218
WGX:TRADES:2Y,2025-06-12,3.06,3.12,3.05,3.11,5761978.0,3.0885,4445
WGX:TRADES:2Y,2025-06-13,3.14,3.31,3.11,3.31,4836749.0,3.238,4592
WGX:TRADES:2Y,2025-06-16,3.38,3.38,3.06,3.06,8554858.0,3.148,7038
WGX:TRADES:2Y,2025-06-17,3.05,3.1,3.04,3.05,4332812.0,3.0615,5095
WGX:TRADES:2Y,2025-06-18,3.03,3.055,2.945,2.98,3354010.0,2.993,3729
WGX:TRADES:2Y,2025-06-19,3.01,3.01,2.92,2.97,3388115.0,2.968,3529
WGX:TRADES:2Y,2025-06-20,2.94,2.98,2.925,2.93,10975543.0,2.9315,2764
WGX:TRADES:2Y,2025-06-23,3.03,3.07,2.92,2.92,3453028.0,2.962,4070
WGX:TRADES:2Y,2025-06-24,2.98,2.98,2.87,2.94,5575761.0,2.9455,4450
WGX:TRADES:2Y,2025-06-25,2.92,2.96,2.86,2.91,5260794.0,2.912,4171
WGX:TRADES:2Y,2025-06-26,2.92,2.96,2.91,2.92,3097034.0,2.931,3866
WGX:TRADES:2Y,2025-06-27,2.92,2.96,2.85,2.85,5710668.0,2.896,5787
WGX:TRADES:2Y,2025-06-30,2.82,2.9,2.79,2.87,5771433.0,2.8455,4366
WGX:TRADES:2Y,2025-07-01,2.91,2.93,2.85,2.89,3541007.0,2.902,4271
WGX:TRADES:2Y,2025-07-02,2.91,2.92,2.84,2.86,4908501.0,2.8635,4498
WGX:TRADES:2Y,2025-07-03,2.89,2.9,2.81,2.84,4365199.0,2.8395,3661
WGX:TRADES:2Y,2025-07-04,2.86,2.87,2.82,2.85,2590022.0,2.847,3863
WGX:TRADES:2Y,2025-07-07,2.86,2.86,2.74,2.74,2951537.0,2.7775,3573
WGX:TRADES:2Y,2025-07-08,2.84,2.94,2.77,2.86,4051966.0,2.8795,3798
WGX:TRADES:2Y,2025-07-09,2.76,2.78,2.66,2.7,7541950.0,2.704,6574
WGX:TRADES:2Y,2025-07-10,2.74,2.78,2.72,2.77,4753587.0,2.7615,5258
WGX:TRADES:2Y,2025-07-11,2.79,2.82,2.74,2.75,3258042.0,2.7645,4366
WGX:TRADES:2Y,2025-07-14,2.79,2.85,2.78,2.83,3629706.0,2.813,4696
WGX:TRADES:2Y,2025-07-15,2.8,2.86,2.76,2.85,3685637.0,2.831,3702
WGX:TRADES:2Y,2025-07-16,2.8,2.825,2.76,2.79,3606888.0,2.793,4982
WGX:TRADES:2Y,2025-07-17,2.81,2.82,2.735,2.74,3054220.0,2.756,3643
WGX:TRADES:2Y,2025-07-18,2.77,2.78,2.72,2.77,2003169.0,2.7635,2761
WGX:TRADES:2Y,2025-07-21,2.75,2.76,2.7,2.73,2125278.0,2.724,3625
WGX:TRADES:2Y,2025-07-22,2.78,2.9,2.77,2.86,3921299.0,2.8525,3490
WGX:TRADES:2Y,2025-07-23,2.94,2.97,2.86,2.87,7894319.0,2.91,7692
WGX:TRADES:2Y,2025-07-24,2.82,2.85,2.715,2.73,6078773.0,2.7495,5023
WGX:TRADES:2Y,2025-07-25,2.73,2.75,2.63,2.64,6378974.0,2.665,4413
WGX:TRADES:2Y,2025-07-28,2.65,2.73,2.63,2.65,5377308.0,2.666,4676
WGX:TRADES:2Y,2025-07-29,2.63,2.64,2.59,2.62,2202158.0,2.6195,3227
WGX:TRADES:2Y,2025-07-30,2.64,2.645,2.59,2.61,3202231.0,2.6105,4020
WGX:TRADES:2Y,2025-07-31,2.53,2.57,2.51,2.56,4261943.0,2.549,5590
WGX:TRADES:2Y,2025-08-01,2.54,2.57,2.52,2.53,4647043.0,2.534,3578
WGX:TRADES:2Y,2025-08-04,2.6,2.66,2.57,2.59,3810008.0,2.6155,3347
WGX:TRADES:2Y,2025-08-05,2.65,2.65,2.59,2.64,4161598.0,2.634,3229
WGX:TRADES:2Y,2025-08-06,2.69,2.76,2.68,2.76,5501490.0,2.74,5630
WGX:TRADES:2Y,2025-08-07,2.88,2.95,2.85,2.9,6955471.0,2.904,6378
WGX:TRADES:2Y,2025-08-08,2.99,3.1,2.97,3.08,7699100.0,3.0535,9039
WGX:TRADES:2Y,2025-08-11,3.04,3.07,2.965,3.01,2850197.0,3.0065,5161
WGX:TRADES:2Y,2025-08-12,2.97,3.01,2.94,2.98,2538688.0,2.978,3952
WGX:TRADES:2Y,2025-08-13,2.97,3.02,2.95,2.97,3483867.0,2.977,5705
WGX:TRADES:2Y,2025-08-14,2.99,3.08,2.98,3.01,4604388.0,3.0355,8037
WGX:TRADES:2Y,2025-08-15,3.0,3.095,3.0,3.09,3209256.0,3.0675,4269
WGX:TRADES:2Y,2025-08-18,3.1,3.145,3.09,3.14,4632953.0,3.125,2903
WGX:TRADES:2Y,2025-08-19,3.18,3.19,3.12,3.18,3706964.0,3.157,3456
WGX:TRADES:2Y,2025-08-20,3.1,3.16,3.06,3.16,4400381.0,3.138,4365
WGX:TRADES:2Y,2025-08-21,3.21,3.27,3.2,3.23,4736601.0,3.226,4280
WGX:TRADES:2Y,2025-08-22,3.28,3.29,3.22,3.22,3324948.0,3.2455,4154
WGX:TRADES:2Y,2025-08-25,3.28,3.3,3.23,3.24,4775384.0,3.248,4628
WGX:TRADES:2Y,2025-08-26,3.25,3.33,3.22,3.29,5117750.0,3.2925,3915
WGX:TRADES:2Y,2025-08-27,3.38,3.42,3.315,3.37,3618437.0,3.368,3603
WGX:TRADES:2Y,2025-08-28,3.36,3.44,3.29,3.41,6598470.0,3.3715,5851
WGX:TRADES:2Y,2025-08-29,3.5,3.5,3.33,3.44,5828393.0,3.409,5188
WGX:TRADES:2Y,2025-09-01,3.53,3.73,3.53,3.71,4820187.0,3.6465,4359
WGX:TRADES:2Y,2025-09-02,3.75,3.79,3.66,3.68,3980113.0,3.701,3979
WGX:TRADES:2Y,2025-09-03,3.78,3.82,3.63,3.65,6040900.0,3.677,7529
WGX:TRADES:2Y,2025-09-04,3.7,3.71,3.585,3.6,6525953.0,3.6335,5743
WGX:TRADES:2Y,2025-09-05,3.55,3.74,3.55,3.72,3997722.0,3.6795,4351
WGX:TRADES:2Y,2025-09-08,3.76,3.81,3.71,3.74,4479613.0,3.7485,5898
WGX:TRADES:2Y,2025-09-09,3.77,3.8,3.72,3.74,5421819.0,3.7475,5316
WGX:TRADES:2Y,2025-09-10,3.63,3.75,3.62,3.75,4507442.0,3.684,4755
WGX:TRADES:2Y,2025-09-11,3.7,3.84,3.7,3.81,3003557.0,3.8005,3856
WGX:TRADES:2Y,2025-09-12,3.89,3.955,3.87,3.95,5100227.0,3.928,4403
WGX:TRADES:2Y,2025-09-15,3.92,3.94,3.8,3.88,3458176.0,3.8815,4520
WGX:TRADES:2Y,2025-09-16,3.98,4.05,3.925,3.98,3911721.0,3.985,5581
WGX:TRADES:2Y,2025-09-17,3.91,3.96,3.85,3.88,3712458.0,3.889,4865
WGX:TRADES:2Y,2025-09-18,3.91,3.99,3.88,3.97,4864570.0,3.9425,3660
WGX:TRADES:2Y,2025-09-19,3.92,3.97,3.88,3.97,20168669.0,3.963,4639
WGX:TRADES:2Y,2025-09-22,4.13,4.26,4.11,4.21,5132255.0,4.192,5219
WGX:TRADES:2Y,2025-09-23,4.32,4.41,4.27,4.37,6741119.0,4.342,8111
WGX:TRADES:2Y,2025-09-24,4.39,4.45,4.34,4.44,3425114.0,4.4125,5714
WGX:TRADES:2Y,2025-09-25,4.28,4.35,4.2,4.2,6215230.0,4.2415,7059
WGX:TRADES:2Y,2025-09-26,4.19,4.32,4.17,4.32,4184891.0,4.2525,5638
WGX:TRADES:2Y,2025-09-29,4.38,4.45,4.315,4.45,4457808.0,4.39,5749
WGX:TRADES:2Y,2025-09-30,4.46,4.53,4.43,4.48,4867959.0,4.4815,5616
WGX:TRADES:2Y,2025-10-01,4.66,5.02,4.65,4.96,8788785.0,4.9095,9421
WGX:TRADES:2Y,2025-10-02,5.11,5.37,5.09,5.37,7416772.0,5.268,9155
WGX:TRADES:2Y,2025-10-03,5.24,5.52,5.2,5.51,6927602.0,5.4315,9657
WGX:TRADES:2Y,2025-10-06,5.5,5.63,5.42,5.6,4507721.0,5.5495,7567
WGX:TRADES:2Y,2025-10-07,5.6,5.61,5.42,5.51,6103992.0,5.4905,9639
WGX:TRADES:2Y,2025-10-08,5.46,5.5,5.33,5.5,7241709.0,5.4365,8992
WGX:TRADES:2Y,2025-10-09,5.55,5.57,5.36,5.5,5189173.0,5.4845,8691
WGX:TRADES:2Y,2025-10-10,5.14,5.44,5.06,5.32,5497158.0,5.3,8161
WGX:TRADES:2Y,2025-10-13,5.49,5.56,5.41,5.42,3578349.0,5.4685,7427
WGX:TRADES:2Y,2025-10-14,5.58,5.73,5.54,5.6,6593224.0,5.643,8870
WGX:TRADES:2Y,2025-10-15,5.59,5.665,5.545,5.59,2443533.0,5.6005,4901
WGX:TRADES:2Y,2025-10-16,5.67,5.77,5.63,5.64,3864499.0,5.674,9040
WGX:TRADES:2Y,2025-10-17,5.92,5.965,5.79,5.83,7429896.0,5.8395,12241
WGX:TRADES:2Y,2025-10-20,5.54,5.57,5.41,5.55,5040538.0,5.518,8974
WGX:TRADES:2Y,2025-10-21,5.65,5.675,5.59,5.65,4040227.0,5.644,7733
WGX:TRADES:2Y,2025-10-22,5.01,5.15,4.8,5.14,7513800.0,5.0275,13630
WGX:TRADES:2Y,2025-10-23,5.2,5.3,5.16,5.26,4475124.0,5.252,9703
WGX:TRADES:2Y,2025-10-24,5.26,5.28,5.12,5.14,3134143.0,5.16,5962
WGX:TRADES:2Y,2025-10-27,5.15,5.25,5.08,5.2,3217291.0,5.1905,8581
WGX:TRADES:2Y,2025-10-28,4.83,5.01,4.725,4.9,5741377.0,4.8735,10396
WGX:TRADES:2Y,2025-10-29,4.9,5.07,4.865,5.04,4258609.0,4.99,8346
WGX:TRADES:2Y,2025-10-30,5.0,5.06,4.93,5.05,2886959.0,5.02,6491
WGX:TRADES:2Y,2025-10-31,5.19,5.38,5.17,5.32,5591291.0,5.3015,7376
WGX:TRADES:2Y,2025-11-03,5.3,5.38,5.255,5.31,3160685.0,5.31,6623
WGX:TRADES:2Y,2025-11-04,5.35,5.4,5.3,5.3,3899785.0,5.344,6811
WGX:TRADES:2Y,2025-11-05,5.11,5.29,4.94,5.27,3499199.0,5.1445,8280
WGX:TRADES:2Y,2025-11-06,5.35,5.55,5.32,5.55,2456186.0,5.47,4856
WGX:TRADES:2Y,2025-11-07,5.55,5.62,5.455,5.5,3158949.0,5.514,7440
WGX:TRADES:2Y,2025-11-10,5.6,5.73,5.57,5.72,1864213.0,5.672,4959
WGX:TRADES:2Y,2025-11-11,5.85,5.85,5.74,5.77,2833281.0,5.7985,5898
WGX:TRADES:2Y,2025-11-12,5.73,5.83,5.69,5.78,1918215.0,5.7655,4503
WGX:TRADES:2Y,2025-11-13,5.9,5.99,5.85,5.98,3093060.0,5.9545,6290
WGX:TRADES:2Y,2025-11-14,5.5,5.76,5.4,5.69,3619475.0,5.676,9133
WGX:TRADES:2Y,2025-11-17,5.59,5.75,5.51,5.71,2963229.0,5.682,7238
WGX:TRADES:2Y,2025-11-18,5.6,5.66,5.37,5.41,2604852.0,5.476,6771
WGX:TRADES:2Y,2025-11-19,5.56,5.7,5.53,5.66,2062075.0,5.6355,4852
WGX:TRADES:2Y,2025-11-20,5.77,5.88,5.69,5.85,2861486.0,5.8265,6202
WGX:TRADES:2Y,2025-11-21,5.6,5.68,5.45,5.45,3118703.0,5.5115,7280
WGX:TRADES:2Y,2025-11-24,5.63,5.73,5.52,5.7,5003004.0,5.6845,8774
WGX:TRADES:2Y,2025-11-25,5.86,5.97,5.815,5.96,2849177.0,5.9085,6491
WGX:TRADES:2Y,2025-11-26,5.96,6.01,5.84,6.01,2369469.0,5.9625,6342
WGX:TRADES:2Y,2025-11-27,6.16,6.17,6.01,6.06,3346226.0,6.068,8436
WGX:TRADES:2Y,2025-11-28,6.06,6.16,6.05,6.1,1544630.0,6.1155,3424
WGX:TRADES:2Y,2025-12-01,6.24,6.25,5.98,6.04,2138900.0,6.072,5845
WGX:TRADES:2Y,2025-12-02,6.0,6.07,5.91,5.98,2718349.0,5.9785,5945
WGX:TRADES:2Y,2025-12-03,5.87,6.02,5.85,5.95,2756653.0,5.9465,7060
WGX:TRADES:2Y,2025-12-04,5.91,5.915,5.78,5.86,1944034.0,5.858,6003
WGX:TRADES:2Y,2025-12-05,6.11,6.11,5.87,5.88,1797585.0,5.937,5764
WGX:TRADES:2Y,2025-12-08,5.86,5.86,5.74,5.75,2270046.0,5.7705,6051
WGX:TRADES:2Y,2025-12-09,5.68,5.75,5.62,5.65,1483507.0,5.66,4788
WGX:TRADES:2Y,2025-12-10,5.82,5.96,5.76,5.91,2606748.0,5.8985,8021
WGX:TRADES:2Y,2025-12-11,5.89,6.07,5.8,5.92,2108219.0,5.948,6860
WGX:TRADES:2Y,2025-12-12,6.15,6.21,6.065,6.1,1698500.0,6.129,5434
WGX:TRADES:2Y,2025-12-15,6.15,6.16,5.87,5.93,4089641.0,5.975,11301
WGX:TRADES:2Y,2025-12-16,5.87,5.955,5.74,5.84,4729806.0,5.8425,10468
WGX:TRADES:2Y,2025-12-17,5.88,6.25,5.695,6.22,4049735.0,6.066,10644
WGX:TRADES:2Y,2025-12-18,6.08,6.31,6.08,6.19,4286472.0,6.177,10705
WGX:TRADES:2Y,2025-12-19,6.28,6.28,6.07,6.22,11607350.0,6.213,8329
WGX:TRADES:2Y,2025-12-22,6.28,6.6,6.21,6.55,3880660.0,6.4745,7666
WGX:TRADES:2Y,2025-12-23,6.55,6.56,6.34,6.47,2728556.0,6.453,7467
WGX:TRADES:2Y,2025-12-24,6.54,6.58,6.44,6.5,1105095.0,6.5115,4421
WGX:TRADES:2Y,2025-12-29,6.52,6.67,6.39,6.48,2071416.0,6.498,7344
WGX:TRADES:2Y,2025-12-30,6.18,6.39,6.08,6.38,2213610.0,6.31,6276
WGX:TRADES:2Y,2025-12-31,6.34,6.445,6.245,6.44,1236777.0,6.412,3840
WGX:TRADES:2Y,2026-01-02,6.3,6.455,6.265,6.45,696340.0,6.412,3013
WGX:TRADES:2Y,2026-01-05,6.36,6.49,6.29,6.45,2121351.0,6.4365,5923
WGX:TRADES:2Y,2026-01-06,6.5,6.56,6.3,6.38,1946078.0,6.3895,7337
WGX:TRADES:2Y,2026-01-07,6.5,6.54,6.32,6.41,2396689.0,6.418,8114
WGX:TRADES:2Y,2026-01-08,6.33,6.39,6.25,6.31,2083262.0,6.3255,7829
WGX:TRADES:2Y,2026-01-09,6.35,6.4,6.285,6.32,2048192.0,6.335,7623
WGX:TRADES:2Y,2026-01-12,6.48,6.76,6.425,6.6,3880491.0,6.6,8402
WGX:TRADES:2Y,2026-01-13,6.63,6.63,6.49,6.59,3118473.0,6.561,10355
WGX:TRADES:2Y,2026-01-14,6.76,6.82,6.58,6.75,3311290.0,6.6995,8890
WGX:TRADES:2Y,2026-01-15,6.61,6.74,6.51,6.55,2820454.0,6.6105,8408
WGX:TRADES:2Y,2026-01-16,6.66,6.73,6.54,6.65,2336097.0,6.6275,8156
WGX:TRADES:2Y,2026-01-19,6.65,6.99,6.63,6.94,2271456.0,6.903,8026
WGX:TRADES:2Y,2026-01-20,6.83,6.93,6.74,6.87,2033090.0,6.8285,9996
WGX:TRADES:2Y,2026-01-21,7.43,7.63,7.26,7.53,5814968.0,7.4915,15563
WGX:TRADES:2Y,2026-01-22,7.25,7.36,7.13,7.27,3947954.0,7.254,13426
WGX:TRADES:2Y,2026-01-23,7.64,7.8,7.54,7.67,4416803.0,7.683,13187
WGX:TRADES:2Y,2026-01-27,7.76,7.86,7.565,7.6,3865572.0,7.6485,11152
WGX:TRADES:2Y,2026-01-28,7.63,7.7,7.51,7.69,3643917.0,7.631,13494
WGX:TRADES:2Y,2026-01-29,7.74,7.9,7.555,7.76,4172988.0,7.7265,12134
WGX:TRADES:2Y,2026-01-30,7.49,7.6,7.135,7.36,5333560.0,7.3825,14013
WGX:TRADES:2Y,2026-02-02,6.71,6.98,6.54,6.95,6360760.0,6.842,18173
WGX:TRADES:2Y,2026-02-03,6.8,7.09,6.62,6.96,5678109.0,6.9505,13305
WGX:TRADES:2Y,2026-02-04,7.27,7.34,7.06,7.16,4672664.0,7.172,13324
WGX:TRADES:2Y,2026-02-05,6.97,7.11,6.75,6.92,3646880.0,6.946,12365
WGX:TRADES:2Y,2026-02-06,6.64,6.87,6.6,6.68,4608871.0,6.728,14902
WGX:TRADES:2Y,2026-02-09,6.96,7.04,6.795,7.04,3284075.0,6.966,9237
WGX:TRADES:2Y,2026-02-10,7.25,7.32,7.02,7.14,2280651.0,7.114,8002
WGX:TRADES:2Y,2026-02-11,7.08,7.31,7.01,7.31,2504180.0,7.192,8494
WGX:TRADES:2Y,2026-02-12,7.33,7.43,7.27,7.34,3515901.0,7.34,11672
WGX:TRADES:2Y,2026-02-13,6.97,7.19,6.93,7.16,3950943.0,7.09,12237
WGX:TRADES:2Y,2026-02-16,7.25,7.38,7.18,7.26,2761264.0,7.292,9694
WGX:TRADES:2Y,2026-02-17,7.21,7.28,7.06,7.08,2121855.0,7.113,7261
WGX:TRADES:2Y,2026-02-18,6.99,7.04,6.8,7.04,3762929.0,6.9465,9866
WGX:TRADES:2Y,2026-02-19,7.15,7.18,7.02,7.12,2694520.0,7.116,8091
WGX:TRADES:2Y,2026-02-20,7.31,7.44,7.17,7.27,2047428.0,7.3025,7947
WGX:TRADES:2Y,2026-02-23,7.5,7.6,7.365,7.57,2462167.0,7.5125,9779
WGX:TRADES:2Y,2026-02-24,7.7,7.93,7.56,7.7,4787674.0,7.7135,13100
WGX:TRADES:2Y,2026-02-25,7.81,7.9,7.7,7.81,3129255.0,7.8195,10612
WGX:TRADES:2Y,2026-02-26,7.93,7.93,7.58,7.63,3118259.0,7.662,8276
WGX:TRADES:2Y,2026-02-27,7.8,7.915,7.59,7.75,4647401.0,7.764,11240
WGX:TRADES:2Y,2026-03-02,7.93,8.16,7.86,8.05,3334834.0,8.027,11476
WGX:TRADES:2Y,2026-03-03,7.86,8.09,7.81,7.98,4298162.0,7.9835,11248
WGX:TRADES:2Y,2026-03-04,7.49,7.5,7.16,7.41,5434975.0,7.3805,16953
WGX:TRADES:2Y,2026-03-05,7.44,7.49,7.08,7.22,3708124.0,7.206,9849
WGX:TRADES:2Y,2026-03-06,7.03,7.08,6.6,6.63,5224509.0,6.745,13308
WGX:TRADES:2Y,2026-03-09,6.52,6.575,6.15,6.25,7160208.0,6.266,18814
WGX:TRADES:2Y,2026-03-10,6.57,6.61,6.34,6.45,5575107.0,6.437,12339
WGX:TRADES:2Y,2026-03-11,6.5,6.5,6.375,6.4,5343079.0,6.4165,15318
WGX:TRADES:2Y,2026-03-12,6.34,6.41,6.12,6.21,4095156.0,6.211,11460
WGX:TRADES:2Y,2026-03-13,6.29,6.37,6.16,6.21,4743007.0,6.237,12581
WGX:TRADES:2Y,2026-03-16,5.87,6.01,5.76,5.95,6431269.0,5.907,16606
WGX:TRADES:2Y,2026-03-17,6.16,6.25,6.03,6.24,4470350.0,6.157,11176
WGX:TRADES:2Y,2026-03-18,6.17,6.27,5.98,6.17,6125103.0,6.113,14777
WGX:TRADES:2Y,2026-03-19,5.74,5.75,5.37,5.38,10648142.0,5.569,13496
WGX:TRADES:2Y,2026-03-20,5.25,5.38,5.1,5.29,28481877.0,5.282,14797
WGX:TRADES:2Y,2026-03-23,5.03,5.08,4.85,5.02,8402421.0,4.989,12939
WGX:TRADES:2Y,2026-03-24,5.27,5.35,5.11,5.16,7449774.0,5.1805,12424
WGX:TRADES:2Y,2026-03-25,5.32,5.68,5.31,5.62,8405142.0,5.563,14151
WGX:TRADES:2Y,2026-03-26,5.51,5.61,5.38,5.54,3126002.0,5.527,7171
WGX:TRADES:2Y,2026-03-27,5.32,5.45,5.22,5.42,3953364.0,5.3765,7966
WGX:TRADES:2Y,2026-03-30,5.53,5.65,5.425,5.61,3992738.0,5.542,10911
WGX:TRADES:2Y,2026-03-31,5.59,5.905,5.52,5.89,4502250.0,5.82,10082
WGX:TRADES:2Y,2026-04-01,6.14,6.3,6.08,6.29,5055209.0,6.241,9606
WGX:TRADES:2Y,2026-04-02,6.42,6.57,6.01,6.01,6704773.0,6.204,16309
WGX:TRADES:2Y,2026-04-07,6.26,6.27,6.07,6.16,2555066.0,6.1615,7862
WGX:TRADES:2Y,2026-04-08,6.54,6.85,6.54,6.79,5314872.0,6.7485,12076
WGX:TRADES:2Y,2026-04-09,6.54,6.74,6.5,6.73,2534870.0,6.6755,9292
WGX:TRADES:2Y,2026-04-10,6.64,6.7,6.52,6.66,2255525.0,6.6425,6809
WGX:TRADES:2Y,2026-04-13,6.42,6.5,6.35,6.47,2114173.0,6.4445,7186
WGX:TRADES:2Y,2026-04-14,6.45,6.525,6.405,6.47,1760881.0,6.476,5222
WGX:TRADES:2Y,2026-04-15,6.57,6.6,6.46,6.56,3903394.0,6.5375,7394
WGX:TRADES:2Y,2026-04-16,6.24,6.5,6.24,6.47,2679750.0,6.422,7480
WGX:TRADES:2Y,2026-04-17,6.3,6.36,6.22,6.3,4647655.0,6.2805,8351
WGX:TRADES:2Y,2026-04-20,6.3,6.43,6.18,6.35,3069462.0,6.3515,10906
WGX:TRADES:2Y,2026-04-21,6.25,6.52,6.25,6.43,3209452.0,6.427,9878
WGX:TRADES:2Y,2026-04-22,6.14,6.26,6.11,6.24,3101596.0,6.2015,10317
WGX:TRADES:2Y,2026-04-23,6.31,6.32,6.11,6.19,2584834.0,6.184,7618
WGX:TRADES:2Y,2026-04-24,6.11,6.16,6.025,6.07,2216323.0,6.0845,9117
WGX:TRADES:2Y,2026-04-27,6.0,6.21,5.97,6.17,1574668.0,6.1165,5533
WGX:TRADES:2Y,2026-04-28,6.01,6.11,5.97,6.1,1997573.0,6.0765,8049
WGX:TRADES:2Y,2026-04-29,6.04,6.1,5.85,5.9,3454542.0,5.927,6871
WGX:TRADES:2Y,2026-04-30,5.61,5.7,5.35,5.35,6609840.0,5.4305,15019
WGX:TRADES:2Y,2026-05-01,5.59,5.67,5.3,5.36,3554760.0,5.3845,10231
WGX:TRADES:2Y,2026-05-04,5.34,5.47,5.32,5.45,3371646.0,5.421,7789
WGX:TRADES:2Y,2026-05-05,5.44,5.48,5.33,5.38,3456166.0,5.381,8006
WGX:TRADES:2Y,2026-05-06,5.45,5.45,5.2,5.45,5068272.0,5.346,12398
WGX:TRADES:2Y,2026-05-07,5.74,5.79,5.66,5.74,6324891.0,5.7265,13183
WGX:TRADES:2Y,2026-05-08,5.65,5.78,5.59,5.6,2579215.0,5.635,6794
WGX:TRADES:2Y,2026-05-11,5.6,5.68,5.57,5.58,2687353.0,5.6025,8729
WGX:TRADES:2Y,2026-05-12,5.74,5.83,5.63,5.67,4129253.0,5.703,11721
WGX:TRADES:2Y,2026-05-13,5.66,5.82,5.61,5.67,3927785.0,5.675,8370
WGX:TRADES:2Y,2026-05-14,5.56,5.575,5.39,5.44,3443908.0,5.456,7460
WGX:TRADES:2Y,2026-05-15,5.37,5.43,5.23,5.29,4111900.0,5.31,9754
WGX:TRADES:2Y,2026-05-18,5.13,5.19,4.99,5.14,4115251.0,5.0945,9868
WGX:TRADES:2Y,2026-05-19,5.2,5.26,5.09,5.21,3636242.0,5.1895,12206
WGX:TRADES:2Y,2026-05-20,5.02,5.1,4.935,4.95,3669555.0,4.989,10494
WGX:TRADES:2Y,2026-05-21,5.15,5.15,5.0,5.03,3017616.0,5.0415,8231
WGX:TRADES:2Y,2026-05-22,5.03,5.06,4.95,4.96,3746429.0,4.983,8053
WGX:TRADES:2Y,2026-05-25,5.07,5.24,5.07,5.24,4322217.0,5.163,10130
WGX:TRADES:2Y,2026-05-26,5.26,5.3,5.14,5.2,1771050.0,5.197,4840
WGX:TRADES:2Y,2026-05-27,5.27,5.31,5.17,5.22,1828229.0,5.2195,7521
WGX:TRADES:2Y,2026-05-28,5.1,5.13,4.74,4.87,4507560.0,4.8825,7336
WGX:TRADES:2Y,2026-05-29,5.15,5.26,5.12,5.13,3951329.0,5.1615,7246
WGX:TRADES:2Y,2026-06-01,5.15,5.27,5.11,5.17,2135176.0,5.189,7646
WGX:TRADES:2Y,2026-06-02,5.0,5.26,5.0,5.26,2587217.0,5.1805,7066
WGX:TRADES:2Y,2026-06-03,5.13,5.285,5.13,5.25,2521102.0,5.243,8083
WGX:TRADES:2Y,2026-06-04,5.11,5.14,5.0,5.1,2352411.0,5.0965,6136
WGX:TRADES:2Y,2026-06-05,5.02,5.1,4.855,4.89,3302942.0,4.9055,9572
WGX:TRADES:2Y,2026-06-09,4.69,4.69,4.545,4.67,5682325.0,4.634,9924
WGX:TRADES:2Y,2026-06-10,4.53,4.57,4.44,4.52,4275728.0,4.505,7848
WGX:TRADES:2Y,2026-06-11,4.32,4.53,4.24,4.5,3565115.0,4.4185,11292
WGX:TRADES:2Y,2026-06-12,4.69,4.77,4.66,4.76,2784083.0,4.7175,9751
WGX:TRADES:2Y,2026-06-15,5.0,5.15,4.93,5.15,2704922.0,5.0935,9530
WGX:TRADES:2Y,2026-06-16,5.14,5.21,5.03,5.19,2071124.0,5.15,7875
WGX:TRADES:2Y,2026-06-17,5.25,5.43,5.22,5.43,1747754.0,5.3615,6358
WGX:TRADES:2Y,2026-06-18,5.25,5.29,5.17,5.2,3099015.0,5.2415,8147
WGX:TRADES:2Y,2026-06-19,5.07,5.1,5.0,5.04,2432290.0,5.044,7511
WGX:TRADES:2Y,2026-06-22,5.0,5.17,4.975,5.14,1187491.0,5.108,5492
WGX:TRADES:2Y,2026-06-23,5.13,5.13,5.01,5.03,1452647.0,5.0485,5039
WGX:TRADES:2Y,2026-06-24,4.92,5.0,4.87,4.9,2602715.0,4.928,7757
WGX:TRADES:2Y,2026-06-25,4.74,4.78,4.62,4.62,1726434.0,4.681,6966
WGX:TRADES:2Y,2026-06-26,4.75,4.84,4.71,4.83,1536807.0,4.7885,5885
WGX:TRADES:2Y,2026-06-29,4.89,4.96,4.805,4.87,2166291.0,4.8605,8342
WGX:TRADES:2Y,2026-06-30,4.81,4.84,4.58,4.7,2827568.0,4.6895,9131
WGX:TRADES:2Y,2026-07-01,4.84,4.84,4.625,4.68,1725460.0,4.6815,6105
WGX:TRADES:2Y,2026-07-02,4.75,4.82,4.66,4.74,1833570.0,4.7265,8536
WGX:TRADES:2Y,2026-07-03,5.01,5.095,4.915,5.04,3314748.0,5.0255,7889
WGX:TRADES:2Y,2026-07-06,5.06,5.15,4.93,4.95,1246093.0,5.011,6009
WGX:TRADES:2Y,2026-07-07,4.96,4.96,4.785,4.83,1779490.0,4.834,7670
WGX:TRADES:2Y,2026-07-08,4.75,4.75,4.6,4.72,1427411.0,4.691,5920
WGX:TRADES:2Y,2026-07-09,4.63,4.68,4.55,4.63,1012788.0,4.6185,5009
WGX:TRADES:2Y,2026-07-10,4.75,4.8,4.7,4.78,857436.0,4.768,3980
WGX:TRADES:2Y,2026-07-13,4.7,4.71,4.63,4.65,945544.0,4.6745,5822
WGX:TRADES:2Y,2026-07-14,4.59,4.79,4.54,4.76,1518381.0,4.6735,5007
WGX:TRADES:2Y,2026-07-15,4.86,4.88,4.68,4.68,1173594.0,4.7405,5945
WGX:TRADES:2Y,2026-07-16,4.74,4.74,4.6,4.68,1148790.0,4.6565,5236
WGX:TRADES:2Y,2026-07-17,4.57,4.58,4.34,4.39,2393553.0,4.422,7480
WGX:TRADES:2Y,2026-07-20,4.37,4.46,4.29,4.43,2486800.0,4.383,7918
WGX:TRADES:2Y,2026-07-21,4.43,4.57,4.36,4.54,1821496.0,4.4715,10930
WGX:TRADES:2Y,2026-07-22,4.7,4.865,4.52,4.82,5242658.0,4.7065,11237
WGX:TRADES:2Y,2026-07-23,4.87,4.96,4.7,4.73,2815186.0,4.8185,9394
WGX:TRADES:2Y,2026-07-24,4.72,4.74,4.58,4.62,2122108.0,4.636,6990
WGX:TRADES:2Y,2026-07-27,4.76,4.99,4.72,4.92,1946478.0,4.9205,7355
WGX:TRADES:2Y,2026-07-28,4.81,4.88,4.75,4.81,1020422.0,4.8005,5019
WGX:TRADES:2Y,2026-07-29,4.85,4.87,4.67,4.75,1527622.0,4.7335,7939
WGX:TRADES:2Y,2026-07-30,4.75,4.79,4.53,4.61,1732836.0,4.6425,6679
WGX:TRADES:2Y,2026-07-31,4.78,4.82,4.72,4.735,1168712.0,4.76,4310
WGX:TRADES:2Y,2026-08-03,4.7,4.775,4.69,4.72,1140475.0,4.7275,4982
WGX:TRADES:2Y,2026-08-04,4.79,4.87,4.76,4.86,2097086.0,4.833,7798
WGX:TRADES:2Y,2026-08-05,4.91,5.11,4.91,5.1,2913887.0,5.0355,8714
WGX:TRADES:2Y,2026-08-06,5.44,5.485,5.35,5.45,3868762.0,5.426,9684
WGX:TRADES:2Y,2026-08-07,5.43,5.68,5.4,5.65,3717266.0,5.5665,9758
WGX:TRADES:2Y,2026-08-10,5.89,5.9,5.69,5.84,2405043.0,5.813,11411
WGX:TRADES:2Y,2026-08-11,5.85,5.96,5.79,5.85,2178678.0,5.8885,9119
WGX:TRADES:2Y,2026-08-12,5.86,5.94,5.83,5.86,1305312.0,5.8855,8474
WGX:TRADES:2Y,2026-08-13,5.85,5.92,5.8,5.8,1371773.0,5.849,5952
WGX:TRADES:2Y,2026-08-14,5.72,5.72,5.59,5.61,1246147.0,5.6345,6217
WGX:TRADES:2Y,2026-08-17,5.77,5.85,5.71,5.81,1136620.0,5.7995,6916
WGX:TRADES:2Y,2026-08-18,5.85,5.925,5.81,5.85,1738558.0,5.863,7462
WGX:TRADES:2Y,2026-08-19,5.65,5.81,5.59,5.72,1398517.0,5.723,6285
WGX:TRADES:2Y,2026-08-20,6.12,6.24,6.1,6.22,2836014.0,6.186,8996
WGX:TRADES:2Y,2026-08-21,6.25,6.3,6.15,6.24,1895035.0,6.229,7657
WGX:TRADES:2Y,2026-08-24,6.39,6.43,6.16,6.34,2007263.0,6.3235,10843
WGX:BID_ASK:3M,2026-05-27,5.2265,5.32,5.17,5.209,-1.0,-1.0,-1
WGX:BID_ASK:3M,2026-05-28,4.9095,5.13,4.74,4.897,-1.0,-1.0,-1
WGX:BID_ASK:3M,2026-05-29,5.2015,5.27,5.12,5.184,-1.0,-1.0,-1
WGX:BID_ASK:3M,2026-06-01,5.2075,5.27,5.11,5.193,-1.0,-1.0,-1
WGX:BID_ASK:3M,2026-06-02,5.1375,5.26,5.0,5.1245,-1.0,-1.0,-1
WGX:BID_ASK:3M,2026-06-03,5.2465,5.29,5.1,5.2325,-1.0,-1.0,-1
WGX:BID_ASK:3M,2026-06-04,5.1035,5.25,5.0,5.089,-1.0,-1.0,-1
WGX:BID_ASK:3M,2026-06-05,4.9155,5.18,4.85,4.9005,-1.0,-1.0,-1
WGX:BID_ASK:3M,2026-06-09,4.6155,4.69,4.54,4.6005,-1.0,-1.0,-1
WGX:BID_ASK:3M,2026-06-10,4.501,4.57,4.44,4.4915,-1.0,-1.0,-1
WGX:BID_ASK:3M,2026-06-11,4.447,4.54,4.24,4.457,-1.0,-1.0,-1
WGX:BID_ASK:3M,2026-06-12,4.7015,4.78,4.65,4.711,-1.0,-1.0,-1
WGX:BID_ASK:3M,2026-06-15,5.099,5.16,4.91,5.109,-1.0,-1.0,-1
WGX:BID_ASK:3M,2026-06-16,5.158,5.21,5.02,5.168,-1.0,-1.0,-1
WGX:BID_ASK:3M,2026-06-17,5.3675,5.43,5.19,5.378,-1.0,-1.0,-1
WGX:BID_ASK:3M,2026-06-18,5.236,5.3,5.17,5.2455,-1.0,-1.0,-1
WGX:BID_ASK:3M,2026-06-19,5.04,5.11,5.0,5.05,-1.0,-1.0,-1
WGX:BID_ASK:3M,2026-06-22,5.0995,5.17,4.97,5.1095,-1.0,-1.0,-1
WGX:BID_ASK:3M,2026-06-23,5.0535,5.13,5.01,5.064,-1.0,-1.0,-1
WGX:BID_ASK:3M,2026-06-24,4.932,5.0,4.87,4.942,-1.0,-1.0,-1
WGX:BID_ASK:3M,2026-06-25,4.659,4.8,4.62,4.668,-1.0,-1.0,-1
WGX:BID_ASK:3M,2026-06-26,4.7835,4.84,4.71,4.7935,-1.0,-1.0,-1
WGX:BID_ASK:3M,2026-06-29,4.851,4.97,4.8,4.8605,-1.0,-1.0,-1
WGX:BID_ASK:3M,2026-06-30,4.6845,4.85,4.58,4.6945,-1.0,-1.0,-1
WGX:BID_ASK:3M,2026-07-01,4.669,4.84,4.62,4.679,-1.0,-1.0,-1
WGX:BID_ASK:3M,2026-07-02,4.7135,4.84,4.66,4.7235,-1.0,-1.0,-1
WGX:BID_ASK:3M,2026-07-03,5.02,5.1,4.87,5.03,-1.0,-1.0,-1
WGX:BID_ASK:3M,2026-07-06,4.9995,5.17,4.93,5.0095,-1.0,-1.0,-1
WGX:BID_ASK:3M,2026-07-07,4.8245,5.0,4.78,4.8345,-1.0,-1.0,-1
WGX:BID_ASK:3M,2026-07-08,4.688,4.8,4.6,4.6985,-1.0,-1.0,-1
WGX:BID_ASK:3M,2026-07-09,4.6125,4.71,4.55,4.6225,-1.0,-1.0,-1
WGX:BID_ASK:3M,2026-07-10,4.7605,4.81,4.69,4.7705,-1.0,-1.0,-1
WGX:BID_ASK:3M,2026-07-13,4.664,4.72,4.63,4.674,-1.0,-1.0,-1
WGX:BID_ASK:3M,2026-07-14,4.6935,4.8,4.54,4.7035,-1.0,-1.0,-1
WGX:BID_ASK:3M,2026-07-15,4.7325,4.91,4.68,4.7425,-1.0,-1.0,-1
WGX:BID_ASK:3M,2026-07-16,4.6355,4.75,4.6,4.6455,-1.0,-1.0,-1
WGX:BID_ASK:3M,2026-07-17,4.4,4.58,4.34,4.4095,-1.0,-1.0,-1
WGX:BID_ASK:3M,2026-07-20,4.384,4.46,4.28,4.394,-1.0,-1.0,-1
WGX:BID_ASK:3M,2026-07-21,4.456,4.57,4.36,4.466,-1.0,-1.0,-1
WGX:BID_ASK:3M,2026-07-22,4.744,4.87,4.52,4.7535,-1.0,-1.0,-1
WGX:BID_ASK:3M,2026-07-23,4.8005,4.97,4.7,4.8105,-1.0,-1.0,-1
WGX:BID_ASK:3M,2026-07-24,4.6275,4.76,4.58,4.6375,-1.0,-1.0,-1
WGX:BID_ASK:3M,2026-07-27,4.929,4.99,4.71,4.939,-1.0,-1.0,-1
WGX:BID_ASK:3M,2026-07-28,4.7935,4.89,4.75,4.804,-1.0,-1.0,-1
WGX:BID_ASK:3M,2026-07-29,4.722,4.89,4.67,4.731,-1.0,-1.0,-1
WGX:BID_ASK:3M,2026-07-30,4.635,4.79,4.53,4.6445,-1.0,-1.0,-1
WGX:BID_ASK:3M,2026-07-31,4.7545,4.83,4.72,4.765,-1.0,-1.0,-1
WGX:BID_ASK:3M,2026-08-03,4.7305,4.78,4.67,4.74,-1.0,-1.0,-1
WGX:BID_ASK:3M,2026-08-04,4.8295,4.88,4.75,4.84,-1.0,-1.0,-1
WGX:BID_ASK:3M,2026-08-05,5.026,5.11,4.9,5.0365,-1.0,-1.0,-1
WGX:BID_ASK:3M,2026-08-06,5.432,5.49,5.34,5.442,-1.0,-1.0,-1
WGX:BID_ASK:3M,2026-08-07,5.5605,5.68,5.4,5.5705,-1.0,-1.0,-1
WGX:BID_ASK:3M,2026-08-10,5.7895,5.9,5.69,5.7995,-1.0,-1.0,-1
WGX:BID_ASK:3M,2026-08-11,5.891,5.96,5.78,5.9,-1.0,-1.0,-1
WGX:BID_ASK:3M,2026-08-12,5.884,5.94,5.83,5.893,-1.0,-1.0,-1
WGX:BID_ASK:3M,2026-08-13,5.843,5.92,5.8,5.853,-1.0,-1.0,-1
WGX:BID_ASK:3M,2026-08-14,5.6275,5.73,5.59,5.6375,-1.0,-1.0,-1
WGX:BID_ASK:3M,2026-08-17,5.8005,5.85,5.71,5.8105,-1.0,-1.0,-1
WGX:BID_ASK:3M,2026-08-18,5.857,5.93,5.8,5.8665,-1.0,-1.0,-1
WGX:BID_ASK:3M,2026-08-19,5.7255,5.81,5.59,5.736,-1.0,-1.0,-1
WGX:BID_ASK:3M,2026-08-20,6.192,6.24,6.1,6.201,-1.0,-1.0,-1
WGX:BID_ASK:3M,2026-08-21,6.2195,6.31,6.15,6.2295,-1.0,-1.0,-1
WGX:BID_ASK:3M,2026-08-24,6.319,6.43,6.16,6.329,-1.0,-1.0,-1
VAU:TRADES:2Y,2024-08-26,2.34,2.3725,2.288,2.34,1763756.082396,2.336102336102336,1653
VAU:TRADES:2Y,2024-08-27,2.3075,2.3725,2.2425,2.34,3917561.620896,2.294502294502295,1752
VAU:TRADES:2Y,2024-08-28,2.34,2.4375,2.34,2.3725,3454700.237604,2.393302393302393,3164
VAU:TRADES:2Y,2024-08-29,2.21,2.2425,2.0475,2.08,8746186.176882,2.135902135902136,3985
VAU:TRADES:2Y,2024-08-30,2.08,2.21,2.08,2.21,8743707.256284,2.163852163852164,2603
VAU:TRADES:2Y,2024-09-02,2.1125,2.145,1.9955,2.0475,6919057.234782,2.052702052702053,3168
VAU:TRADES:2Y,2024-09-03,1.9825,2.067,1.95,1.9825,6995245.620132,2.003302003302003,5159
VAU:TRADES:2Y,2024-09-04,1.95,1.9825,1.8525,1.885,6131042.792028,1.896701896701897,4230
VAU:TRADES:2Y,2024-09-05,1.885,2.015,1.8525,1.9825,9584492.877036,1.941551941551942,4638
VAU:TRADES:2Y,2024-09-06,2.015,2.015,1.898,1.95,5352994.493154,1.948701948701949,3217
VAU:TRADES:2Y,2024-09-09,1.8525,1.885,1.82,1.885,4763298.621312,1.860951860951861,4250
VAU:TRADES:2Y,2024-09-10,1.8525,1.9175,1.82,1.8525,4374368.856396,1.860951860951861,2852
VAU:TRADES:2Y,2024-09-11,1.9175,1.963,1.885,1.885,3615976.845558,1.907101907101907,2554
VAU:TRADES:2Y,2024-09-12,1.885,2.0475,1.885,1.9825,3087189.066654,1.963651963651964,1913
VAU:TRADES:2Y,2024-09-13,2.08,2.1775,2.0475,2.145,5551159.371912,2.111202111202111,2797
VAU:TRADES:2Y,2024-09-16,2.1125,2.145,2.067,2.1125,4834789.472898,2.108602108602109,2874
VAU:TRADES:2Y,2024-09-17,2.1775,2.1775,2.1125,2.145,2691503.770032,2.14955214955215,1503
VAU:TRADES:2Y,2024-09-18,2.08,2.1775,2.08,2.1125,3892154.56938,2.128102128102128,2145
VAU:TRADES:2Y,2024-09-19,2.1125,2.145,2.08,2.145,5332855.744062,2.112502112502113,2402
VAU:TRADES:2Y,2024-09-20,2.145,2.21,2.1125,2.1125,18919830.003228,2.122902122902123,2636
VAU:TRADES:2Y,2024-09-23,2.145,2.1775,2.08,2.1775,3732895.036332,2.141752141752142,2087
VAU:TRADES:2Y,2024-09-24,2.145,2.1775,2.1125,2.145,2681934.394986,2.144352144352144,1612
VAU:TRADES:2Y,2024-09-25,2.21,2.2295,2.145,2.1775,4260159.432144,2.184652184652185,2798
VAU:TRADES:2Y,2024-09-26,2.21,2.2555,2.1775,2.2425,3638141.74647,2.22950222950223,2488
VAU:TRADES:2Y,2024-09-27,2.275,2.275,2.197,2.2425,3013378.217388,2.236652236652237,1717
VAU:TRADES:2Y,2024-09-30,2.2425,2.2425,2.1125,2.1125,2295220.7817,2.163852163852164,2222
VAU:TRADES:2Y,2024-10-01,2.1125,2.21,2.08,2.1775,1522177.70859,2.153452153452153,2291
VAU:TRADES:2Y,2024-10-02,2.1775,2.21,2.08,2.08,2633630.597136,2.117702117702118,2538
VAU:TRADES:2Y,2024-10-03,2.08,2.1125,1.9825,2.0475,4067438.547942,2.037752037752038,4280
VAU:TRADES:2Y,2024-10-04,2.0475,2.0995,1.95,2.08,3270222.88362,2.030602030602031,1523
VAU:TRADES:2Y,2024-10-07,2.0475,2.08,1.9955,2.015,1693228.768308,2.032552032552033,1881
VAU:TRADES:2Y,2024-10-08,2.015,2.1125,2.015,2.08,2280019.873824,2.079352079352079,1430
VAU:TRADES:2Y,2024-10-09,2.015,2.08,1.9825,2.0475,2406462.20892,2.037752037752038,1861
VAU:TRADES:2Y,2024-10-10,2.0475,2.08,2.015,2.08,2228923.92492,2.068302068302068,1547
VAU:TRADES:2Y,2024-10-11,2.1125,2.275,2.1125,2.2425,5456410.235892,2.198302198302198,2157
VAU:TRADES:2Y,2024-10-14,2.275,2.275,2.21,2.2425,2169463.676688,2.244452244452244,1164
VAU:TRADES:2Y,2024-10-15,2.2425,2.3075,2.21,2.2425,1994554.313136,2.259402259402259,1107
VAU:TRADES:2Y,2024-10-16,2.21,2.275,2.21,2.2425,2264094.505134,2.244452244452244,1492
VAU:TRADES:2Y,2024-10-17,2.3075,2.4375,2.275,2.4375,4221325.624824,2.386152386152386,2471
VAU:TRADES:2Y,2024-10-18,2.405,2.4375,2.34,2.405,3619763.30331,2.388102388102388,1717
VAU:TRADES:2Y,2024-10-21,2.5025,2.5545,2.457,2.535,4797644.740812,2.508352508352508,3643
VAU:TRADES:2Y,2024-10-22,2.5025,2.5545,2.405,2.5025,3841931.234988,2.495352495352495,1832
VAU:TRADES:2Y,2024-10-23,2.5675,2.5675,2.5025,2.535,4595584.789026,2.538252538252538,2348
VAU:TRADES:2Y,2024-10-24,2.47,2.5675,2.4375,2.5675,3506924.95461,2.531102531102531,1661
VAU:TRADES:2Y,2024-10-25,2.535,2.587,2.47,2.535,3134099.635128,2.54020254020254,2147
VAU:TRADES:2Y,2024-10-28,2.535,2.5545,2.47,2.47,3632536.059768,2.500552500552501,1680
VAU:TRADES:2Y,2024-10-29,2.5025,2.6455,2.47,2.535,5637787.43913,2.574002574002574,2466
VAU:TRADES:2Y,2024-10-30,2.6,2.6,2.47,2.535,3503283.881328,2.537602537602538,1564
VAU:TRADES:2Y,2024-10-31,2.535,2.5675,2.5025,2.5675,2955355.50618,2.543452543452543,960
VAU:TRADES:2Y,2024-11-01,2.5025,2.535,2.457,2.5025,1885421.499192,2.490802490802491,1604
VAU:TRADES:2Y,2024-11-04,2.5025,2.535,2.418,2.5025,1728969.963336,2.477152477152477,1934
VAU:TRADES:2Y,2024-11-05,2.5025,2.5025,2.4375,2.4375,1604541.318534,2.467402467402467,1673
VAU:TRADES:2Y,2024-11-06,2.47,2.47,2.405,2.4375,2282160.179376,2.447252447252447,1522
VAU:TRADES:2Y,2024-11-07,2.34,2.34,2.2425,2.275,4190073.656076,2.27955227955228,2803
VAU:TRADES:2Y,2024-11-08,2.34,2.3725,2.2425,2.3075,3050323.10352,2.295152295152295,2029
VAU:TRADES:2Y,2024-11-11,2.275,2.353,2.2425,2.3075,2330978.745942,2.304252304252304,1299
VAU:TRADES:2Y,2024-11-12,2.21,2.21,2.1125,2.1775,3170607.59862,2.161252161252161,1459
VAU:TRADES:2Y,2024-11-13,2.145,2.1775,2.1125,2.145,2538730.230498,2.14045214045214,2399
VAU:TRADES:2Y,2024-11-14,2.1125,2.145,2.015,2.0475,2044955.801196,2.074802074802075,2070
VAU:TRADES:2Y,2024-11-15,2.08,2.145,2.0475,2.145,2849173.612362,2.115752115752116,1875
VAU:TRADES:2Y,2024-11-18,2.145,2.1775,2.0995,2.1125,1646617.737996,2.136552136552137,1691
VAU:TRADES:2Y,2024-11-19,2.21,2.2425,2.145,2.21,2333769.512382,2.206752206752207,2461
VAU:TRADES:2Y,2024-11-20,2.21,2.2425,2.1775,2.21,1448074.398078,2.206102206102206,1921
VAU:TRADES:2Y,2024-11-21,2.2425,2.2425,2.145,2.1775,3085277.991642,2.174902174902175,2876
VAU:TRADES:2Y,2024-11-22,2.21,2.2425,2.145,2.2425,2003495.842656,2.201552201552202,1895
VAU:TRADES:2Y,2024-11-25,2.3075,2.3205,2.21,2.21,4595343.250806,2.241202241202241,2780
VAU:TRADES:2Y,2024-11-26,2.1775,2.21,2.08,2.1125,2646087.35391,2.127452127452127,1862
VAU:TRADES:2Y,2024-11-27,2.1125,2.21,2.08,2.145,1912620.241224,2.152802152802153,1589
VAU:TRADES:2Y,2024-11-28,2.1775,2.275,2.1775,2.21,2394436.83633,2.208702208702209,2207
VAU:TRADES:2Y,2024-11-29,2.21,2.288,2.1775,2.275,1823645.714814,2.254852254852255,1252
VAU:TRADES:2Y,2024-12-02,2.275,2.288,2.1775,2.1775,1902788.558748,2.206752206752207,2448
VAU:TRADES:2Y,2024-12-03,2.21,2.2295,2.145,2.21,2052142.56324,2.192452192452192,2027
VAU:TRADES:2Y,2024-12-04,2.1775,2.2425,2.145,2.21,2311800.611274,2.191802191802192,1437
VAU:TRADES:2Y,2024-12-05,2.21,2.3075,2.21,2.3075,1343591.117946,2.273702273702274,1153
VAU:TRADES:2Y,2024-12-06,2.275,2.3075,2.2425,2.275,1316607.452622,2.275002275002275,1598
VAU:TRADES:2Y,2024-12-09,2.3075,2.34,2.2555,2.275,1207453.561776,2.292552292552293,2046
VAU:TRADES:2Y,2024-12-10,2.34,2.3725,2.3075,2.3725,1436323.794444,2.356902356902357,1461
VAU:TRADES:2Y,2024-12-11,2.405,2.457,2.34,2.3725,2313749.686248,2.388752388752389,1698
VAU:TRADES:2Y,2024-12-12,2.405,2.5025,2.405,2.47,2078241.306372,2.466102466102466,1600
VAU:TRADES:2Y,2024-12-13,2.405,2.4375,2.34,2.4375,3874477.202442,2.403052403052403,1543
VAU:TRADES:2Y,2024-12-16,2.3725,2.3725,2.2425,2.2425,3650610.96477,2.28020228020228,2277
VAU:TRADES:2Y,2024-12-17,2.275,2.275,2.21,2.2425,1940119.444494,2.243802243802244,2161
VAU:TRADES:2Y,2024-12-18,2.21,2.3075,2.21,2.2425,1451736.548262,2.251602251602252,1717
VAU:TRADES:2Y,2024-12-19,2.08,2.1775,2.0475,2.1125,5165043.29649,2.106002106002106,2862
VAU:TRADES:2Y,2024-12-20,2.08,2.1645,2.0475,2.08,6847097.76828,2.085202085202085,1775
VAU:TRADES:2Y,2024-12-23,2.145,2.1645,2.0995,2.145,1505422.802268,2.137202137202137,1796
VAU:TRADES:2Y,2024-12-24,2.145,2.145,2.08,2.08,1074688.463772,2.091702091702092,1677
VAU:TRADES:2Y,2024-12-27,2.1125,2.145,2.08,2.145,1378337.0832,2.12030212030212,1035
VAU:TRADES:2Y,2024-12-30,2.145,2.1775,2.1125,2.145,1179430.666722,2.148902148902149,1855
VAU:TRADES:2Y,2024-12-31,2.1125,2.1775,2.1125,2.145,783909.831474,2.138502138502139,694
VAU:TRADES:2Y,2025-01-02,2.145,2.1645,2.0995,2.145,1670409.560358,2.131352131352131,1294
VAU:TRADES:2Y,2025-01-03,2.1775,2.2425,2.1775,2.1775,1690484.001822,2.207402207402207,1197
VAU:TRADES:2Y,2025-01-06,2.21,2.2555,2.132,2.145,2000672.768556,2.189202189202189,1788
VAU:TRADES:2Y,2025-01-07,2.145,2.1775,2.1125,2.1775,1391468.300838,2.152152152152152,863
VAU:TRADES:2Y,2025-01-08,2.145,2.2295,2.145,2.21,2173443.365016,2.202852202852203,1087
VAU:TRADES:2Y,2025-01-09,2.2425,2.275,2.197,2.21,3205113.871806,2.225602225602226,2313
VAU:TRADES:2Y,2025-01-10,2.21,2.275,2.21,2.2425,1261516.738482,2.240552240552241,1548
VAU:TRADES:2Y,2025-01-13,2.2425,2.275,2.21,2.21,1527352.011108,2.226252226252226,1251
VAU:TRADES:2Y,2025-01-14,2.21,2.3075,2.197,2.3075,2632648.290426,2.265252265252265,1326
VAU:TRADES:2Y,2025-01-15,2.3075,2.405,2.275,2.3075,2730869.115282,2.334802334802335,1486
VAU:TRADES:2Y,2025-01-16,2.405,2.405,2.3725,2.405,1577134.730556,2.393952393952394,1343
VAU:TRADES:2Y,2025-01-17,2.405,2.457,2.34,2.405,2722364.20071,2.415402415402415,1561
VAU:TRADES:2Y,2025-01-20,2.3725,2.4375,2.2425,2.3075,2710049.59764,2.332202332202332,1020
VAU:TRADES:2Y,2025-01-21,2.3075,2.405,2.288,2.405,3313294.994394,2.358852358852359,1553
VAU:TRADES:2Y,2025-01-22,2.4375,2.5025,2.3725,2.5025,2990440.08648,2.453752453752454,1727
VAU:TRADES:2Y,2025-01-23,2.4375,2.5025,2.405,2.47,3382421.079114,2.466102466102466,3851
VAU:TRADES:2Y,2025-01-24,2.4375,2.4375,2.34,2.3725,3167062.832934,2.373802373802374,1405
VAU:TRADES:2Y,2025-01-28,2.34,2.353,2.275,2.34,2085763.452696,2.321152321152321,2050
VAU:TRADES:2Y,2025-01-29,2.405,2.418,2.353,2.3725,2511956.71881,2.381602381602382,1310
VAU:TRADES:2Y,2025-01-30,2.3725,2.4375,2.3075,2.3725,3827917.249002,2.375102375102375,2481
VAU:TRADES:2Y,2025-01-31,2.4375,2.5675,2.4375,2.535,6925326.766974,2.52005252005252,2097
VAU:TRADES:2Y,2025-02-03,2.47,2.522,2.4375,2.5025,2870644.206276,2.493402493402493,2185
VAU:TRADES:2Y,2025-02-04,2.5675,2.665,2.522,2.6325,6016603.521852,2.614952614952615,2379
VAU:TRADES:2Y,2025-02-05,2.6325,2.6975,2.587,2.6325,7618951.919502,2.645502645502646,2842
VAU:TRADES:2Y,2025-02-06,2.665,2.743,2.665,2.73,5655130.652556,2.70985270985271,2589
VAU:TRADES:2Y,2025-02-07,2.6975,2.7105,2.6325,2.665,2554711.752978,2.678002678002678,1921
VAU:TRADES:2Y,2025-02-10,2.6325,2.678,2.6195,2.665,1992513.238254,2.655252655252655,1508
VAU:TRADES:2Y,2025-02-11,2.73,2.7625,2.665,2.73,5270499.037188,2.712452712452712,2128
VAU:TRADES:2Y,2025-02-12,2.665,2.6975,2.6195,2.665,3452705.316522,2.664352664352664,2267
VAU:TRADES:2Y,2025-02-13,2.6975,2.73,2.6325,2.6975,2877720.814584,2.693602693602694,1821
VAU:TRADES:2Y,2025-02-14,2.73,2.7625,2.665,2.6975,3803501.58111,2.718302718302718,2505
VAU:TRADES:2Y,2025-02-17,2.665,2.665,2.5675,2.6325,2503862.726904,2.616252616252616,1810
VAU:TRADES:2Y,2025-02-18,2.6325,2.6325,2.535,2.5675,1702915.374006,2.580502580502581,1620
VAU:TRADES:2Y,2025-02-19,2.6325,2.665,2.587,2.6,2503683.034776,2.611702611702612,2233
VAU:TRADES:2Y,2025-02-20,2.5675,2.665,2.5675,2.665,3425741.18964,2.634452634452634,1508
VAU:TRADES:2Y,2025-02-21,2.665,2.7105,2.6325,2.665,2208862.868058,2.66955266955267,1574
VAU:TRADES:2Y,2025-02-24,2.6325,2.6325,2.522,2.5675,2832750.551862,2.562302562302562,2036
VAU:TRADES:2Y,2025-02-25,2.5675,2.6325,2.535,2.6,2006565.531894,2.592202592202592,1514
VAU:TRADES:2Y,2025-02-26,2.535,2.5675,2.4375,2.535,2972207.950866,2.518752518752519,1307
VAU:TRADES:2Y,2025-02-27,2.6,2.6975,2.5675,2.6,3308035.307346,2.636402636402636,1524
VAU:TRADES:2Y,2025-02-28,2.535,2.6325,2.535,2.6325,5330417.438808,2.609102609102609,1518
VAU:TRADES:2Y,2025-03-03,2.6,2.6,2.535,2.5675,2335532.27985,2.559052559052559,1247
VAU:TRADES:2Y,2025-03-04,2.535,2.6195,2.535,2.6,1692953.999352,2.594152594152594,1895
VAU:TRADES:2Y,2025-03-05,2.6325,2.678,2.6,2.6,3187761.42762,2.633152633152633,2145
VAU:TRADES:2Y,2025-03-06,2.6325,2.7105,2.6325,2.6975,3019227.134616,2.691002691002691,1768
VAU:TRADES:2Y,2025-03-07,2.665,2.7105,2.6325,2.665,2906734.939416,2.67020267020267,1967
VAU:TRADES:2Y,2025-03-10,2.665,2.795,2.665,2.7625,4158891.841104,2.748852748852749,1628
VAU:TRADES:2Y,2025-03-11,2.665,2.7105,2.6,2.665,5445089.477982,2.652002652002652,2389
VAU:TRADES:2Y,2025-03-12,2.665,2.7625,2.665,2.6975,6841336.389426,2.711802711802712,2663
VAU:TRADES:2Y,2025-03-13,2.7625,2.8275,2.743,2.8275,7207595.407782,2.796952796952797,3161
VAU:TRADES:2Y,2025-03-14,2.8925,2.99,2.86,2.9575,8688438.080784,2.945802945802946,2935
VAU:TRADES:2Y,2025-03-17,2.9575,2.9575,2.8275,2.86,7715551.361364,2.876902876902877,2740
VAU:TRADES:2Y,2025-03-18,2.8925,2.9575,2.847,2.925,4818515.489172,2.918502918502919,2447
VAU:TRADES:2Y,2025-03-19,2.9575,2.99,2.8925,2.925,7231787.229744,2.938652938652939,3015
VAU:TRADES:2Y,2025-03-20,2.9575,3.0225,2.925,3.0225,6519202.865406,2.978952978952979,2970
VAU:TRADES:2Y,2025-03-21,2.99,3.055,2.9575,3.0225,11585943.183276,3.020553020553021,3164
VAU:TRADES:2Y,2025-03-24,2.99,3.0225,2.8925,2.925,5121784.10898,2.951002951002951,3739
VAU:TRADES:2Y,2025-03-25,2.9575,2.977,2.8925,2.925,3116575.34496,2.932802932802933,2143
VAU:TRADES:2Y,2025-03-26,2.9575,2.9575,2.8275,2.8925,3412996.894692,2.895102895102895,2082
VAU:TRADES:2Y,2025-03-27,2.86,2.925,2.847,2.8925,3294343.782576,2.893152893152893,2475
VAU:TRADES:2Y,2025-03-28,2.9575,3.0095,2.9445,2.99,4132104.32943,2.976352976352976,1454
VAU:TRADES:2Y,2025-03-31,2.9575,2.99,2.8795,2.8925,3680454.627234,2.919152919152919,2042
VAU:TRADES:2Y,2025-04-01,2.9575,2.9575,2.86,2.925,4680241.781292,2.912652912652913,2625
VAU:TRADES:2Y,2025-04-02,2.925,2.9575,2.7755,2.8275,3712937.671674,2.84960284960285,2615
VAU:TRADES:2Y,2025-04-03,2.8275,2.8925,2.795,2.86,8022830.131008,2.84960284960285,2453
VAU:TRADES:2Y,2025-04-04,2.795,2.8925,2.7625,2.795,7219058.627088,2.815152815152815,2226
VAU:TRADES:2Y,2025-04-07,2.6,2.665,2.535,2.6325,12419388.965214,2.602602602602603,4899
VAU:TRADES:2Y,2025-04-08,2.6,2.73,2.5675,2.73,7194384.651762,2.670852670852671,3240
VAU:TRADES:2Y,2025-04-09,2.6,2.678,2.5675,2.6,4409910.513162,2.613652613652614,2531
VAU:TRADES:2Y,2025-04-10,2.7625,2.847,2.73,2.795,5154670.845324,2.781352781352781,2592
VAU:TRADES:2Y,2025-04-11,2.86,2.9575,2.847,2.925,4790387.209608,2.909402909402909,2113
VAU:TRADES:2Y,2025-04-14,2.99,3.0095,2.912,2.99,6608910.468006,2.965302965302965,3982
VAU:TRADES:2Y,2025-04-15,2.9575,2.99,2.912,2.925,2944524.593934,2.945802945802946,2795
VAU:TRADES:2Y,2025-04-16,2.9575,3.055,2.9575,3.055,5907572.246268,3.031603031603032,2739
VAU:TRADES:2Y,2025-04-17,3.12,3.1655,3.068,3.1525,5629407.601356,3.131053131053131,2719
VAU:TRADES:2Y,2025-04-22,3.1525,3.2175,3.12,3.2175,4148081.544222,3.185653185653186,3082
VAU:TRADES:2Y,2025-04-23,3.055,3.0875,2.8275,2.86,9975657.562794,2.932802932802933,7269
VAU:TRADES:2Y,2025-04-24,2.86,2.925,2.8275,2.8925,5715208.90017,2.886652886652887,4084
VAU:TRADES:2Y,2025-04-28,2.86,2.86,2.743,2.8275,4772410.766046,2.7995527995528,4832
VAU:TRADES:2Y,2025-04-29,2.795,2.8925,2.795,2.86,5614397.308674,2.840502840502841,3414
VAU:TRADES:2Y,2025-04-30,2.8925,2.8925,2.73,2.795,4943405.210436,2.793702793702794,3332
VAU:TRADES:2Y,2025-05-01,2.7625,2.8275,2.743,2.795,4099478.054364,2.778752778752779,2246
VAU:TRADES:2Y,2025-05-02,2.73,2.795,2.6975,2.7625,1812264.033888,2.751452751452751,1979
VAU:TRADES:2Y,2025-05-05,2.795,2.8795,2.795,2.86,3938584.52295,2.841802841802842,1909
VAU:TRADES:2Y,2025-05-06,2.99,3.0225,2.9445,2.99,6916640.77566,2.984152984152984,3440
VAU:TRADES:2Y,2025-05-07,3.25,3.25,3.0875,3.0875,7619851.918602,3.162903162903163,5094
VAU:TRADES:2Y,2025-05-08,3.12,3.2175,3.0875,3.1525,7482795.747966,3.153153153153153,4049
VAU:TRADES:2Y,2025-05-09,3.0875,3.0875,2.9445,3.055,7345004.808834,3.028353028353028,3057
VAU:TRADES:2Y,2025-05-12,2.99,2.99,2.86,2.8925,4862792.983356,2.912652912652913,3385
VAU:TRADES:2Y,2025-05-13,2.7625,2.795,2.6325,2.795,7580015.804592,2.724802724802725,3493
VAU:TRADES:2Y,2025-05-14,2.7625,2.795,2.73,2.795,4157046.150642,2.76965276965277,2608
VAU:TRADES:2Y,2025-05-15,2.73,2.743,2.665,2.6975,5934111.912036,2.699452699452699,2566
VAU:TRADES:2Y,2025-05-16,2.8275,2.8275,2.7105,2.73,3659869.41705,2.746252746252746,2154
VAU:TRADES:2Y,2025-05-19,2.7625,2.847,2.743,2.795,4317235.528914,2.793052793052793,2073
VAU:TRADES:2Y,2025-05-20,2.795,2.808,2.7105,2.7625,2783948.292972,2.758602758602759,1341
VAU:TRADES:2Y,2025-05-21,2.86,2.8925,2.7755,2.8275,4744150.64046,2.826202826202826,3349
VAU:TRADES:2Y,2025-05-22,2.86,2.9575,2.86,2.925,4285456.637616,2.907452907452907,2146
VAU:TRADES:2Y,2025-05-23,2.86,2.9575,2.86,2.925,3713472.901908,2.923052923052923,2264
VAU:TRADES:2Y,2025-05-26,2.99,3.068,2.925,3.0225,5268438.885402,3.00950300950301,2198
VAU:TRADES:2Y,2025-05-27,3.0225,3.0875,2.925,2.9575,5226008.773986,2.99000299000299,2168
VAU:TRADES:2Y,2025-05-28,2.9575,2.9575,2.8275,2.86,4690006.540758,2.881452881452881,3484
VAU:TRADES:2Y,2025-05-29,2.795,2.86,2.7625,2.8275,5117702.113062,2.808652808652809,2551
VAU:TRADES:2Y,2025-05-30,2.8275,2.9445,2.808,2.925,4725930.197142,2.904852904852905,2810
VAU:TRADES:2Y,2025-06-02,2.9575,3.0225,2.925,2.9575,4638593.515248,2.975052975052975,3699
VAU:TRADES:2Y,2025-06-03,3.0875,3.12,2.8925,2.925,10069354.54602,2.971802971802972,4105
VAU:TRADES:2Y,2025-06-04,2.925,3.055,2.86,3.0225,6465719.68812,2.995202995202995,4714
VAU:TRADES:2Y,2025-06-05,3.0225,3.055,2.8925,2.925,6696817.91856,2.963352963352963,5010
VAU:TRADES:2Y,2025-06-06,2.9575,2.9575,2.8275,2.86,5820054.17994,2.87950287950288,3980
VAU:TRADES:2Y,2025-06-10,2.86,2.8925,2.665,2.73,9684055.546704,2.737802737802738,4607
VAU:TRADES:2Y,2025-06-11,2.665,2.73,2.6325,2.6975,5005130.071788,2.676702676702677,2924
VAU:TRADES:2Y,2025-06-12,2.7625,2.8275,2.7105,2.795,7169966.983872,2.782652782652783,3918
VAU:TRADES:2Y,2025-06-13,2.86,2.925,2.8275,2.86,11174802.517494,2.869102869102869,3258
VAU:TRADES:2Y,2025-06-16,2.925,2.925,2.73,2.7625,6839053.776324,2.802152802152802,3751
VAU:TRADES:2Y,2025-06-17,2.7625,2.7755,2.73,2.7625,2365943.941746,2.757952757952758,2830
VAU:TRADES:2Y,2025-06-18,2.7625,2.7625,2.6325,2.6975,4548255.144048,2.683852683852684,2843
VAU:TRADES:2Y,2025-06-19,2.6325,2.665,2.6,2.665,4623146.299926,2.641602641602642,2724
VAU:TRADES:2Y,2025-06-20,2.665,2.73,2.6455,2.665,8958562.887582,2.667602667602668,1436
VAU:TRADES:2Y,2025-06-23,2.665,2.73,2.6195,2.665,5147621.313912,2.659152659152659,2152
VAU:TRADES:2Y,2025-06-24,2.665,2.678,2.5675,2.6,6756700.320216,2.612352612352612,2494
VAU:TRADES:2Y,2025-06-25,2.6,2.6,2.5025,2.5675,4776601.223394,2.546702546702547,4340
VAU:TRADES:2Y,2025-06-26,2.535,2.6455,2.535,2.6325,5450345.011188,2.62015262015262,2340
VAU:TRADES:2Y,2025-06-27,2.665,2.73,2.6,2.6325,6371189.936496,2.659152659152659,4041
VAU:TRADES:2Y,2025-06-30,2.6325,2.73,2.6,2.73,6060741.785406,2.699452699452699,2523
VAU:TRADES:2Y,2025-07-01,2.7625,2.795,2.73,2.73,3913115.471496,2.755352755352755,5101
VAU:TRADES:2Y,2025-07-02,2.7625,2.795,2.6975,2.73,4414223.27808,2.732602732602733,3580
VAU:TRADES:2Y,2025-07-03,2.6975,2.73,2.5675,2.6325,7953742.200096,2.621452621452621,2696
VAU:TRADES:2Y,2025-07-04,2.665,2.665,2.6,2.6325,2707086.369834,2.626652626652627,2645
VAU:TRADES:2Y,2025-07-07,2.6325,2.6325,2.5025,2.5025,3966271.110648,2.548652548652549,2651
VAU:TRADES:2Y,2025-07-08,2.6,2.7625,2.5675,2.6975,6224879.467422,2.687752687752688,3385
VAU:TRADES:2Y,2025-07-09,2.6325,2.6975,2.535,2.535,4771664.4591,2.572052572052572,3233
VAU:TRADES:2Y,2025-07-10,2.5675,2.6325,2.5675,2.5675,3142639.780434,2.588302588302588,2963
VAU:TRADES:2Y,2025-07-11,2.6325,2.6325,2.535,2.535,2379715.31259,2.556452556452556,2373
VAU:TRADES:2Y,2025-07-14,2.6,2.6325,2.5675,2.6,3409035.975576,2.606502606502607,2220
VAU:TRADES:2Y,2025-07-15,2.5675,2.6325,2.5545,2.6325,2542461.919074,2.596102596102596,1877
VAU:TRADES:2Y,2025-07-16,2.535,2.665,2.535,2.5675,2800985.968242,2.595452595452595,2039
VAU:TRADES:2Y,2025-07-17,2.6325,2.6325,2.535,2.5675,3599211.01617,2.571402571402571,2825
VAU:TRADES:2Y,2025-07-18,2.5675,2.6195,2.5545,2.5675,3618325.150902,2.577902577902578,2781
VAU:TRADES:2Y,2025-07-21,2.6,2.6,2.535,2.5675,2276396.031294,2.563602563602564,2182
VAU:TRADES:2Y,2025-07-22,2.6,2.7625,2.6,2.665,4652490.578274,2.682552682552683,2418
VAU:TRADES:2Y,2025-07-23,2.73,2.73,2.6195,2.6325,4493773.044684,2.65980265980266,2755
VAU:TRADES:2Y,2025-07-24,2.6,2.665,2.5545,2.6325,4006360.301328,2.621452621452621,2423
VAU:TRADES:2Y,2025-07-25,2.6,2.6325,2.5675,2.5675,4330007.823834,2.590902590902591,2175
VAU:TRADES:2Y,2025-07-28,2.535,2.587,2.47,2.47,3662931.413988,2.509002509002509,2118
VAU:TRADES:2Y,2025-07-29,2.4375,2.47,2.353,2.47,4858777.756602,2.417352417352417,2023
VAU:TRADES:2Y,2025-07-30,2.4375,2.47,2.3855,2.4375,6144073.85592,2.440752440752441,3329
VAU:TRADES:2Y,2025-07-31,2.3725,2.4375,2.34,2.3725,5066927.24076,2.377702377702378,2527
VAU:TRADES:2Y,2025-08-01,2.405,2.4375,2.3855,2.405,4299575.70042,2.412152412152412,3116
VAU:TRADES:2Y,2025-08-04,2.5025,2.6,2.4375,2.5675,5242398.757596,2.548652548652549,3467
VAU:TRADES:2Y,2025-08-05,2.6,2.6325,2.5675,2.6,4499636.884974,2.601302601302601,3221
VAU:TRADES:2Y,2025-08-06,2.6325,2.6975,2.6325,2.6325,4085873.452584,2.655252655252655,3931
VAU:TRADES:2Y,2025-08-07,2.665,2.7625,2.6455,2.73,4784525.677008,2.718952718952719,3718
VAU:TRADES:2Y,2025-08-08,2.8275,2.86,2.73,2.795,5994070.775154,2.795002795002795,3052
VAU:TRADES:2Y,2025-08-11,2.6975,2.73,2.665,2.73,3310496.227962,2.712452712452712,3522
VAU:TRADES:2Y,2025-08-12,2.6975,2.73,2.665,2.73,2339175.660822,2.70985270985271,1956
VAU:TRADES:2Y,2025-08-13,2.73,2.795,2.7105,2.7625,2342024.888742,2.758602758602759,2546
VAU:TRADES:2Y,2025-08-14,2.795,2.86,2.73,2.7625,5901301.944846,2.789152789152789,4044
VAU:TRADES:2Y,2025-08-15,2.7625,2.86,2.73,2.795,3748614.866766,2.801502801502802,3129
VAU:TRADES:2Y,2025-08-18,2.8275,2.8795,2.743,2.7625,3774143.764314,2.8002028002028,2398
VAU:TRADES:2Y,2025-08-19,2.7625,2.795,2.73,2.73,1849299.996852,2.747552747552748,2680
VAU:TRADES:2Y,2025-08-20,2.665,2.73,2.6,2.73,4331966.129568,2.676702676702677,3112
VAU:TRADES:2Y,2025-08-21,2.925,3.12,2.912,3.055,13212952.94088,3.039403039403039,4607
VAU:TRADES:2Y,2025-08-22,3.12,3.25,3.0875,3.2175,10014178.44735,3.190853190853191,5098
VAU:TRADES:2Y,2025-08-25,3.25,3.3475,3.185,3.2175,7418014.428132,3.237003237003237,6127
VAU:TRADES:2Y,2025-08-26,3.25,3.38,3.185,3.38,7789901.748552,3.339053339053339,4117
VAU:TRADES:2Y,2025-08-27,3.445,3.458,3.38,3.445,6234039.9198,3.43005343005343,4434
VAU:TRADES:2Y,2025-08-28,3.445,3.445,3.38,3.445,5290078.709916,3.422903422903423,4162
VAU:TRADES:2Y,2025-08-29,3.4775,3.4905,3.393,3.4775,4784809.522878,3.452153452153452,3354
VAU:TRADES:2Y,2025-09-01,3.5425,3.7375,3.523,3.705,6861149.138844,3.644553644553645,3995
VAU:TRADES:2Y,2025-09-02,3.6725,3.7375,3.64,3.6725,6001482.306204,3.675753675753676,3538
VAU:TRADES:2Y,2025-09-03,3.8025,3.8025,3.6725,3.705,8485810.898796,3.734253734253734,4440
VAU:TRADES:2Y,2025-09-04,3.77,3.822,3.64,3.705,7768231.154838,3.729053729053729,4551
VAU:TRADES:2Y,2025-09-05,3.7375,3.9325,3.6725,3.9,7344806.962878,3.851253851253851,4603
VAU:TRADES:2Y,2025-09-08,3.965,4.03,3.887,3.9,8876850.969294,3.933153933153933,10292
VAU:TRADES:2Y,2025-09-09,3.9325,4.095,3.9195,4.0625,8033306.120532,4.043654043654044,4373
VAU:TRADES:2Y,2025-09-10,3.965,4.16,3.9325,4.1275,8226942.234588,4.072254072254072,5405
VAU:TRADES:2Y,2025-09-11,4.225,4.29,4.16,4.1925,8739342.491418,4.222404222404222,6505
VAU:TRADES:2Y,2025-09-12,4.225,4.29,4.1925,4.29,7631309.907144,4.263354263354263,7432
VAU:TRADES:2Y,2025-09-15,4.16,4.2575,4.108,4.1925,8085559.452894,4.18015418015418,5455
VAU:TRADES:2Y,2025-09-16,4.2575,4.3225,4.1925,4.2575,8463636.305586,4.247104247104247,6645
VAU:TRADES:2Y,2025-09-17,4.29,4.29,4.16,4.225,8375149.624842,4.215904215904216,7040
VAU:TRADES:2Y,2025-09-18,4.225,4.3225,4.16,4.29,6241057.60509,4.272454272454272,4269
VAU:TRADES:2Y,2025-09-19,4.355,4.42,4.29,4.29,47147916.69819,4.299104299104299,6180
VAU:TRADES:2Y,2025-09-22,4.355,4.615,4.355,4.485,10719219.588462,4.486954486954487,6421
VAU:TRADES:2Y,2025-09-23,4.42,4.485,4.16,4.29,19172710.05804,4.278954278954279,7846
VAU:TRADES:2Y,2025-09-24,4.16,4.29,4.1275,4.29,7302938.235516,4.231504231504232,5476
VAU:TRADES:2Y,2025-09-25,4.16,4.2575,4.1275,4.1275,7577526.884004,4.16975416975417,4373
VAU:TRADES:2Y,2025-09-26,4.095,4.2575,4.0625,4.2575,5356463.258916,4.172354172354172,5038
VAU:TRADES:2Y,2025-09-29,4.3225,4.355,4.225,4.355,5753317.631292,4.316654316654317,4687
VAU:TRADES:2Y,2025-09-30,4.355,4.368,4.238,4.29,6872895.43479,4.306904306904307,3420
VAU:TRADES:2Y,2025-10-01,4.29,4.355,4.1925,4.3225,5129167.17852,4.295204295204295,3881
VAU:TRADES:2Y,2025-10-02,4.3225,4.5175,4.3225,4.4525,6907034.939112,4.440804440804441,5439
VAU:TRADES:2Y,2025-10-03,4.355,4.4525,4.3225,4.4525,3771149.767308,4.416754416754417,3099
VAU:TRADES:2Y,2025-10-06,4.4525,4.7125,4.4525,4.6475,6688831.157316,4.607204607204607,3096
VAU:TRADES:2Y,2025-10-07,4.68,4.8295,4.68,4.81,6874953.432732,4.787254787254787,3693
VAU:TRADES:2Y,2025-10-08,4.745,4.7645,4.5825,4.745,8715814.514946,4.666354666354666,5231
VAU:TRADES:2Y,2025-10-09,4.745,4.7645,4.615,4.68,5367771.862992,4.681304681304681,3825
VAU:TRADES:2Y,2025-10-10,4.5175,4.55,4.42,4.4525,5390271.071262,4.475904475904476,3644
VAU:TRADES:2Y,2025-10-13,4.5175,4.6475,4.4525,4.4525,7252623.055062,4.518804518804519,4332
VAU:TRADES:2Y,2025-10-14,4.55,4.7125,4.485,4.615,8300834.314542,4.607854607854608,5305
VAU:TRADES:2Y,2025-10-15,4.68,4.81,4.615,4.745,5822386.639146,4.746304746304746,4809
VAU:TRADES:2Y,2025-10-16,4.81,5.005,4.7775,4.9725,6407417.43873,4.927654927654928,4748
VAU:TRADES:2Y,2025-10-17,5.135,5.1675,4.9725,5.1025,10036718.117118,5.071305071305071,6789
VAU:TRADES:2Y,2025-10-20,4.875,4.9075,4.7775,4.875,6853616.99253,4.838604838604839,4201
VAU:TRADES:2Y,2025-10-21,5.0375,5.0375,4.9075,4.9725,4160148.609078,4.964704964704965,3525
VAU:TRADES:2Y,2025-10-22,4.55,4.55,4.3225,4.5175,7061897.707326,4.447304447304447,5837
VAU:TRADES:2Y,2025-10-23,4.42,4.7125,4.3875,4.615,5674198.633488,4.596154596154596,3980
VAU:TRADES:2Y,2025-10-24,4.68,4.7125,4.5825,4.6475,5298164.240292,4.648154648154648,4123
VAU:TRADES:2Y,2025-10-27,4.7125,4.745,4.5825,4.7125,4841061.774318,4.710554710554711,4196
VAU:TRADES:2Y,2025-10-28,4.3875,4.485,4.3225,4.485,5902803.32796,4.403754403754404,4556
VAU:TRADES:2Y,2025-10-29,4.5175,4.615,4.4525,4.615,3658388.956992,4.56950456950457,3337
VAU:TRADES:2Y,2025-10-30,4.5175,4.5825,4.485,4.485,5069581.391952,4.512304512304512,4224
VAU:TRADES:2Y,2025-10-31,4.615,4.7775,4.615,4.745,5128140.564162,4.724204724204724,4168
VAU:TRADES:2Y,2025-11-03,4.68,4.745,4.5825,4.7125,4043492.571888,4.678704678704679,3851
VAU:TRADES:2Y,2025-11-04,4.68,4.68,4.55,4.615,3051427.410108,4.61045461045461,2588
VAU:TRADES:2Y,2025-11-05,4.5175,4.55,4.3875,4.5175,3901101.021972,4.48045448045448,3978
VAU:TRADES:2Y,2025-11-06,4.615,4.7125,4.55,4.6475,3308088.076524,4.655304655304655,2473
VAU:TRADES:2Y,2025-11-07,4.6475,4.7775,4.615,4.6475,3088795.988124,4.674804674804675,3161
VAU:TRADES:2Y,2025-11-10,4.68,4.875,4.68,4.875,3123718.41474,4.816504816504817,2011
VAU:TRADES:2Y,2025-11-11,4.9725,5.005,4.9075,5.005,5728284.733248,4.985504985504986,2721
VAU:TRADES:2Y,2025-11-12,5.0375,5.1025,4.9725,5.1025,3906163.78614,5.058955058955059,2432
VAU:TRADES:2Y,2025-11-13,5.2,5.2975,5.135,5.1675,5079588.920406,5.184405184405184,3219
VAU:TRADES:2Y,2025-11-14,5.005,5.07,4.9075,5.0375,2778726.913578,5.000455000455,3729
VAU:TRADES:2Y,2025-11-17,4.9725,5.005,4.875,4.9075,4389268.226112,4.924404924404924,2904
VAU:TRADES:2Y,2025-11-18,4.79,5.03,4.6,4.6,3941866.0,4.767,11441
VAU:TRADES:2Y,2025-11-19,4.65,4.78,4.6,4.7,3557168.0,4.693,6738
VAU:TRADES:2Y,2025-11-20,4.72,4.76,4.49,4.58,2059717.0,4.631,3732
VAU:TRADES:2Y,2025-11-21,4.48,4.49,4.33,4.4,4047923.0,4.417,7453
VAU:TRADES:2Y,2025-11-24,4.44,4.64,4.35,4.64,8484240.0,4.566,6256
VAU:TRADES:2Y,2025-11-25,4.7,4.79,4.63,4.74,3243411.0,4.725,5413
VAU:TRADES:2Y,2025-11-26,4.83,5.1,4.79,5.05,4687852.0,4.992,6779
VAU:TRADES:2Y,2025-11-27,5.09,5.1,4.82,4.87,2747614.0,4.9355,4900
VAU:TRADES:2Y,2025-11-28,4.87,5.05,4.87,5.0,5973901.0,4.9895,4846
VAU:TRADES:2Y,2025-12-01,5.1,5.14,5.0,5.04,4257113.0,5.0575,5806
VAU:TRADES:2Y,2025-12-02,5.01,5.18,5.01,5.07,2891153.0,5.0835,4556
VAU:TRADES:2Y,2025-12-03,5.07,5.15,5.02,5.08,3197490.0,5.0905,4607
VAU:TRADES:2Y,2025-12-04,5.1,5.11,4.83,4.9,3642191.0,4.935,5663
VAU:TRADES:2Y,2025-12-05,5.11,5.12,4.895,4.92,2994828.0,4.9725,4520
VAU:TRADES:2Y,2025-12-08,4.85,4.86,4.745,4.81,4050840.0,4.8065,4736
VAU:TRADES:2Y,2025-12-09,4.76,4.835,4.705,4.78,2338416.0,4.7735,3277
VAU:TRADES:2Y,2025-12-10,4.9,4.97,4.825,4.94,3571231.0,4.926,5975
VAU:TRADES:2Y,2025-12-11,5.07,5.165,5.0,5.03,2566738.0,5.0685,4710
VAU:TRADES:2Y,2025-12-12,5.2,5.35,5.17,5.35,4159639.0,5.2905,5523
VAU:TRADES:2Y,2025-12-15,5.34,5.4,5.24,5.3,3968593.0,5.314,7071
VAU:TRADES:2Y,2025-12-16,5.24,5.36,5.2,5.25,4633775.0,5.271,7005
VAU:TRADES:2Y,2025-12-17,5.24,5.46,5.23,5.39,5235891.0,5.3785,7740
VAU:TRADES:2Y,2025-12-18,5.3,5.39,5.225,5.32,5029153.0,5.2925,6269
VAU:TRADES:2Y,2025-12-19,5.5,5.51,5.24,5.39,8609164.0,5.3885,5841
VAU:TRADES:2Y,2025-12-22,5.46,5.58,5.37,5.57,3844934.0,5.5195,6324
VAU:TRADES:2Y,2025-12-23,5.56,5.63,5.475,5.53,4155343.0,5.56,6027
VAU:TRADES:2Y,2025-12-24,5.57,5.57,5.41,5.44,1524647.0,5.4675,3983
VAU:TRADES:2Y,2025-12-29,5.56,5.57,5.36,5.43,2296809.0,5.45,5383
VAU:TRADES:2Y,2025-12-30,5.24,5.46,5.16,5.41,3055480.0,5.346,5248
VAU:TRADES:2Y,2025-12-31,5.36,5.485,5.36,5.46,1301855.0,5.4555,2571
VAU:TRADES:2Y,2026-01-02,5.44,5.49,5.37,5.48,1299510.0,5.459,4034
VAU:TRADES:2Y,2026-01-05,5.48,5.61,5.43,5.61,3038247.0,5.554,5021
VAU:TRADES:2Y,2026-01-06,5.69,5.76,5.66,5.73,4422406.0,5.718,6769
VAU:TRADES:2Y,2026-01-07,5.76,5.795,5.64,5.71,3345459.0,5.7235,5960
VAU:TRADES:2Y,2026-01-08,5.62,5.695,5.58,5.61,3871930.0,5.6135,7298
VAU:TRADES:2Y,2026-01-09,5.65,5.735,5.575,5.62,2145964.0,5.6365,5945
VAU:TRADES:2Y,2026-01-12,5.6,5.73,5.54,5.65,3686807.0,5.635,6078
VAU:TRADES:2Y,2026-01-13,5.71,5.83,5.7,5.8,3760148.0,5.7815,7346
VAU:TRADES:2Y,2026-01-14,5.84,5.91,5.71,5.86,3921738.0,5.824,5781
VAU:TRADES:2Y,2026-01-15,5.86,6.04,5.8,5.9,5347772.0,5.933,6959
VAU:TRADES:2Y,2026-01-16,5.89,5.99,5.8,5.91,3303380.0,5.9135,5470
VAU:TRADES:2Y,2026-01-19,5.93,6.07,5.91,6.06,5089439.0,6.0195,5215
VAU:TRADES:2Y,2026-01-20,5.95,6.06,5.925,6.06,2506895.0,6.0045,4645
VAU:TRADES:2Y,2026-01-21,6.18,6.3,6.01,6.29,6660686.0,6.202,9001
VAU:TRADES:2Y,2026-01-22,6.11,6.15,5.64,5.67,9587807.0,5.7705,11973
VAU:TRADES:2Y,2026-01-23,5.95,6.01,5.84,5.85,5979378.0,5.895,9862
VAU:TRADES:2Y,2026-01-27,6.0,6.04,5.885,6.0,4940566.0,5.979,7581
VAU:TRADES:2Y,2026-01-28,6.03,6.2,5.98,6.18,4468656.0,6.1145,9553
VAU:TRADES:2Y,2026-01-29,6.19,6.27,6.05,6.25,5007558.0,6.1915,8596
VAU:TRADES:2Y,2026-01-30,6.07,6.08,5.7,5.88,8285401.0,5.8825,12326
VAU:TRADES:2Y,2026-02-02,5.34,5.47,5.18,5.4,8277503.0,5.383,12497
VAU:TRADES:2Y,2026-02-03,5.4,5.555,5.33,5.45,5932103.0,5.4615,8954
VAU:TRADES:2Y,2026-02-04,5.56,5.66,5.5,5.62,5734563.0,5.5785,8523
VAU:TRADES:2Y,2026-02-05,5.41,5.6,5.215,5.34,6500804.0,5.366,14840
VAU:TRADES:2Y,2026-02-06,5.26,5.29,5.04,5.08,5593104.0,5.111,7769
VAU:TRADES:2Y,2026-02-09,5.3,5.39,5.22,5.36,4780137.0,5.3195,11076
VAU:TRADES:2Y,2026-02-10,5.44,5.54,5.37,5.5,3157964.0,5.46,6412
VAU:TRADES:2Y,2026-02-11,5.46,5.78,5.44,5.76,3218814.0,5.6705,6068
VAU:TRADES:2Y,2026-02-12,5.76,5.83,5.64,5.82,2955930.0,5.768,6051
VAU:TRADES:2Y,2026-02-13,5.41,5.625,5.33,5.61,4677614.0,5.5135,7734
VAU:TRADES:2Y,2026-02-16,5.72,5.75,5.5,5.53,4349170.0,5.5695,6421
VAU:TRADES:2Y,2026-02-17,5.6,5.6,5.39,5.44,3037014.0,5.4535,5100
VAU:TRADES:2Y,2026-02-18,5.39,5.41,5.29,5.38,3703140.0,5.363,6333
VAU:TRADES:2Y,2026-02-19,5.61,5.61,5.385,5.44,2992547.0,5.4595,5719
VAU:TRADES:2Y,2026-02-20,5.47,5.54,5.38,5.47,2371910.0,5.458,4453
VAU:TRADES:2Y,2026-02-23,5.56,5.74,5.52,5.7,2991524.0,5.651,5342
VAU:TRADES:2Y,2026-02-24,5.79,5.93,5.61,5.74,3696299.0,5.7565,8658
VAU:TRADES:2Y,2026-02-25,5.74,5.835,5.71,5.75,3140654.0,5.7715,6365
VAU:TRADES:2Y,2026-02-26,5.94,5.95,5.67,5.8,3986413.0,5.793,8399
VAU:TRADES:2Y,2026-02-27,5.97,6.12,5.87,5.88,7919594.0,5.9605,9652
VAU:TRADES:2Y,2026-03-02,6.08,6.18,5.91,5.96,4636155.0,5.9985,7454
VAU:TRADES:2Y,2026-03-03,5.87,5.93,5.75,5.75,3887154.0,5.802,6941
VAU:TRADES:2Y,2026-03-04,5.34,5.66,5.27,5.59,5416770.0,5.5625,8782
VAU:TRADES:2Y,2026-03-05,5.6,5.6,5.415,5.48,4121892.0,5.481,7231
VAU:TRADES:2Y,2026-03-06,5.3,5.36,5.21,5.23,3800063.0,5.253,9124
VAU:TRADES:2Y,2026-03-09,5.19,5.23,5.06,5.09,8154678.0,5.1335,10416
VAU:TRADES:2Y,2026-03-10,5.28,5.36,5.02,5.11,3112475.0,5.1115,8800
VAU:TRADES:2Y,2026-03-11,5.28,5.31,5.1,5.17,3728396.0,5.162,7769
VAU:TRADES:2Y,2026-03-12,5.06,5.14,5.02,5.07,2688879.0,5.0695,6509
VAU:TRADES:2Y,2026-03-13,5.05,5.05,4.91,4.94,4785477.0,4.961,7726
VAU:TRADES:2Y,2026-03-16,4.74,4.79,4.54,4.67,8169062.0,4.6365,12327
VAU:TRADES:2Y,2026-03-17,4.65,4.66,4.505,4.66,5849728.0,4.6235,9400
VAU:TRADES:2Y,2026-03-18,4.61,4.64,4.545,4.62,5176422.0,4.602,9100
VAU:TRADES:2Y,2026-03-19,4.43,4.43,4.1,4.13,7559312.0,4.225,9719
VAU:TRADES:2Y,2026-03-20,3.98,4.07,3.88,3.88,22977595.0,3.906,12111
VAU:TRADES:2Y,2026-03-23,3.7,3.74,3.585,3.61,9099456.0,3.6365,10404
VAU:TRADES:2Y,2026-03-24,3.86,3.91,3.625,3.64,7993720.0,3.696,8752
VAU:TRADES:2Y,2026-03-25,3.77,4.03,3.75,4.02,8799901.0,3.973,7663
VAU:TRADES:2Y,2026-03-26,4.0,4.03,3.92,3.99,6829400.0,3.9855,8214
VAU:TRADES:2Y,2026-03-27,3.86,4.0,3.8,3.96,6428006.0,3.936,6863
VAU:TRADES:2Y,2026-03-30,3.97,4.03,3.85,3.99,5036967.0,3.9475,6457
VAU:TRADES:2Y,2026-03-31,4.01,4.18,3.89,4.17,6727792.0,4.1185,9242
VAU:TRADES:2Y,2026-04-01,4.37,4.41,4.29,4.38,5120007.0,4.368,9866
VAU:TRADES:2Y,2026-04-02,4.51,4.54,4.09,4.12,5922406.0,4.2195,13005
VAU:TRADES:2Y,2026-04-07,4.3,4.3,4.14,4.21,4509975.0,4.199,8549
VAU:TRADES:2Y,2026-04-08,4.5,4.6,4.415,4.54,5934572.0,4.515,8481
VAU:TRADES:2Y,2026-04-09,4.4,4.65,4.33,4.6,4667855.0,4.537,8755
VAU:TRADES:2Y,2026-04-10,4.55,4.65,4.46,4.62,3327492.0,4.601,5967
VAU:TRADES:2Y,2026-04-13,4.42,4.53,4.38,4.52,3440628.0,4.486,7907
VAU:TRADES:2Y,2026-04-14,4.53,4.54,4.41,4.52,4139816.0,4.4995,7878
VAU:TRADES:2Y,2026-04-15,4.66,4.7,4.59,4.67,3704447.0,4.6545,6525
VAU:TRADES:2Y,2026-04-16,4.64,4.74,4.56,4.67,6106262.0,4.6675,12213
VAU:TRADES:2Y,2026-04-17,4.6,4.64,4.52,4.63,2602172.0,4.5955,5735
VAU:TRADES:2Y,2026-04-20,4.57,4.8,4.54,4.71,3826835.0,4.7085,8616
VAU:TRADES:2Y,2026-04-21,4.71,4.76,4.66,4.74,2596840.0,4.7225,5955
VAU:TRADES:2Y,2026-04-22,4.65,4.9,4.65,4.88,3950971.0,4.81,9254
VAU:TRADES:2Y,2026-04-23,4.98,5.095,4.83,4.99,6899629.0,4.9875,11787
VAU:TRADES:2Y,2026-04-24,4.94,4.95,4.72,4.74,3961200.0,4.7855,9824
VAU:TRADES:2Y,2026-04-27,4.7,4.81,4.69,4.79,2047988.0,4.7655,5411
VAU:TRADES:2Y,2026-04-28,4.7,4.72,4.62,4.65,2911575.0,4.6495,7806
VAU:TRADES:2Y,2026-04-29,4.61,4.74,4.59,4.72,3868957.0,4.703,6449
VAU:TRADES:2Y,2026-04-30,4.57,4.61,4.47,4.49,4426145.0,4.5065,8344
VAU:TRADES:2Y,2026-05-01,4.67,4.68,4.47,4.52,2694342.0,4.5405,6207
VAU:TRADES:2Y,2026-05-04,4.5,4.56,4.47,4.5,2804607.0,4.4945,5615
VAU:TRADES:2Y,2026-05-05,4.66,4.79,4.58,4.64,15634619.0,4.6845,14661
VAU:TRADES:2Y,2026-05-06,4.55,4.62,4.19,4.45,14596475.0,4.3655,24838
VAU:TRADES:2Y,2026-05-07,4.69,4.86,4.59,4.86,9398645.0,4.7455,13773
VAU:TRADES:2Y,2026-05-08,4.79,4.89,4.7,4.7,5525745.0,4.7705,6895
VAU:TRADES:2Y,2026-05-11,4.7,4.71,4.6,4.61,4590937.0,4.6295,8086
VAU:TRADES:2Y,2026-05-12,4.75,4.77,4.66,4.75,4532823.0,4.728,17426
VAU:TRADES:2Y,2026-05-13,4.8,4.9,4.77,4.82,3694466.0,4.8435,9280
VAU:TRADES:2Y,2026-05-14,4.79,4.81,4.665,4.71,3129313.0,4.713,6734
VAU:TRADES:2Y,2026-05-15,4.69,4.73,4.59,4.64,4523597.0,4.647,7478
VAU:TRADES:2Y,2026-05-18,4.55,4.57,4.38,4.38,5590074.0,4.445,9857
VAU:TRADES:2Y,2026-05-19,4.49,4.51,4.41,4.49,4686324.0,4.453,7230
VAU:TRADES:2Y,2026-05-20,4.36,4.37,4.22,4.27,4659559.0,4.274,9271
VAU:TRADES:2Y,2026-05-21,4.45,4.47,4.35,4.35,2985223.0,4.3905,5857
VAU:TRADES:2Y,2026-05-22,4.37,4.495,4.36,4.4,3241639.0,4.4275,6463
VAU:TRADES:2Y,2026-05-25,4.5,4.57,4.48,4.51,3753941.0,4.513,6480
VAU:TRADES:2Y,2026-05-26,4.52,4.57,4.42,4.43,2820099.0,4.448,7681
VAU:TRADES:2Y,2026-05-27,4.45,4.53,4.36,4.36,3011711.0,4.4035,6290
VAU:TRADES:2Y,2026-05-28,4.26,4.285,4.0,4.05,4052358.0,4.1125,7907
VAU:TRADES:2Y,2026-05-29,4.21,4.26,4.18,4.2,5655583.0,4.206,5985
VAU:TRADES:2Y,2026-06-01,4.23,4.325,4.18,4.25,4366859.0,4.2355,6071
VAU:TRADES:2Y,2026-06-02,4.15,4.42,4.15,4.38,3004058.0,4.3265,4438
VAU:TRADES:2Y,2026-06-03,4.32,4.44,4.32,4.41,3217246.0,4.403,4827
VAU:TRADES:2Y,2026-06-04,4.38,4.39,4.24,4.24,1999851.0,4.279,3891
VAU:TRADES:2Y,2026-06-05,4.24,4.26,4.1,4.14,1802675.0,4.138,3642
VAU:TRADES:2Y,2026-06-09,3.96,4.02,3.84,4.01,5332996.0,3.9595,8103
VAU:TRADES:2Y,2026-06-10,3.9,3.94,3.77,3.8,4595413.0,3.8385,5732
VAU:TRADES:2Y,2026-06-11,3.7,3.88,3.67,3.87,5294451.0,3.7825,8421
VAU:TRADES:2Y,2026-06-12,4.08,4.14,4.01,4.02,3422469.0,4.0545,4896
VAU:TRADES:2Y,2026-06-15,4.3,4.66,4.3,4.61,6427997.0,4.583,8915
VAU:TRADES:2Y,2026-06-16,4.61,4.77,4.55,4.72,7941631.0,4.71,127805
VAU:TRADES:2Y,2026-06-17,4.78,4.98,4.75,4.97,8055540.0,4.9045,6710
VAU:TRADES:2Y,2026-06-18,4.98,5.11,4.9,5.06,8224312.0,5.0345,8353
VAU:TRADES:2Y,2026-06-19,4.9,4.985,4.77,4.8,4493764.0,4.8735,6341
VAU:TRADES:2Y,2026-06-22,4.75,4.94,4.74,4.88,3104541.0,4.8605,4317
VAU:TRADES:2Y,2026-06-23,4.92,4.92,4.705,4.75,2295706.0,4.792,3149
VAU:TRADES:2Y,2026-06-24,4.65,4.7,4.61,4.62,4624787.0,4.6505,5604
VAU:TRADES:2Y,2026-06-25,4.49,4.52,4.35,4.42,2786798.0,4.419,4424
VAU:TRADES:2Y,2026-06-26,4.51,4.62,4.46,4.555,4713010.0,4.5305,5767
VAU:TRADES:2Y,2026-06-29,4.65,4.7,4.45,4.49,3011792.0,4.522,3971
VAU:TRADES:2Y,2026-06-30,4.32,4.39,4.09,4.18,4707875.0,4.193,7238
VAU:TRADES:2Y,2026-07-01,4.25,4.28,4.08,4.11,2977582.0,4.1245,6715
VAU:TRADES:2Y,2026-07-02,4.16,4.245,4.13,4.21,2981738.0,4.1945,4368
VAU:TRADES:2Y,2026-07-03,4.42,4.595,4.38,4.55,3125383.0,4.5275,5368
VAU:TRADES:2Y,2026-07-06,5.06,5.19,4.9,5.1,9757821.0,5.079,15665
VAU:TRADES:2Y,2026-07-07,5.09,5.16,4.96,5.0,5044814.0,5.043,7483
VAU:TRADES:2Y,2026-07-08,4.86,4.88,4.71,4.81,3613726.0,4.7975,6344
VAU:TRADES:2Y,2026-07-09,4.74,4.78,4.665,4.74,3639125.0,4.7345,4825
VAU:TRADES:2Y,2026-07-10,4.8,4.92,4.73,4.9,1947563.0,4.8265,3843
VAU:TRADES:2Y,2026-07-13,4.77,4.95,4.75,4.93,4762409.0,4.882,6577
VAU:TRADES:2Y,2026-07-14,4.86,4.99,4.8,4.99,4608391.0,4.922,6808
VAU:TRADES:2Y,2026-07-15,5.0,5.05,4.88,4.9,5725828.0,4.9505,8608
VAU:TRADES:2Y,2026-07-16,4.86,5.0,4.86,4.97,5287801.0,4.965,7441
VAU:TRADES:2Y,2026-07-17,4.82,4.85,4.66,4.68,3923502.0,4.7195,6308
VAU:TRADES:2Y,2026-07-20,4.6,4.78,4.53,4.65,3948200.0,4.6905,5590
VAU:TRADES:2Y,2026-07-21,4.68,4.84,4.59,4.84,2608544.0,4.7345,4671
VAU:TRADES:2Y,2026-07-22,4.9,5.1,4.87,5.07,5916492.0,5.0235,5834
VAU:TRADES:2Y,2026-07-23,5.1,5.23,5.1,5.12,2927468.0,5.164,5097
VAU:TRADES:2Y,2026-07-24,4.98,5.03,4.8,4.87,2865388.0,4.9045,6459
VAU:TRADES:2Y,2026-07-27,5.05,5.23,5.04,5.135,2832672.0,5.1595,6465
VAU:TRADES:2Y,2026-07-28,4.99,5.07,4.945,5.02,4263611.0,5.0075,7695
VAU:TRADES:2Y,2026-07-29,5.05,5.06,4.93,5.01,4796106.0,5.001,8217
VAU:TRADES:2Y,2026-07-30,5.05,5.05,4.63,4.7,3426041.0,4.8145,6461
VAU:TRADES:2Y,2026-07-31,4.95,4.99,4.795,4.81,2382699.0,4.8895,4863
VAU:TRADES:2Y,2026-08-03,4.75,4.92,4.74,4.895,1892005.0,4.8515,4155
VAU:TRADES:2Y,2026-08-04,4.94,5.0,4.83,4.965,3609732.0,4.9525,5320
VAU:TRADES:2Y,2026-08-05,5.0,5.33,4.95,5.31,4648407.0,5.1605,7492
VAU:TRADES:2Y,2026-08-06,5.53,5.7,5.53,5.57,5214010.0,5.628,8409
VAU:TRADES:2Y,2026-08-07,5.56,5.86,5.56,5.85,4255932.0,5.7545,7354
VAU:TRADES:2Y,2026-08-10,5.98,6.03,5.78,6.015,4360223.0,5.9305,7367
VAU:TRADES:2Y,2026-08-11,6.06,6.22,6.05,6.09,4122105.0,6.1585,6641
VAU:TRADES:2Y,2026-08-12,6.04,6.15,5.95,6.13,3011199.0,6.0805,5770
VAU:TRADES:2Y,2026-08-13,6.12,6.22,6.02,6.03,4132639.0,6.091,6455
VAU:TRADES:2Y,2026-08-14,5.92,5.96,5.81,5.89,3369085.0,5.899,6778
VAU:TRADES:2Y,2026-08-17,6.03,6.12,5.97,6.12,2784416.0,6.0585,5089
VAU:TRADES:2Y,2026-08-18,6.1,6.16,6.01,6.03,3873045.0,6.0725,5688
VAU:TRADES:2Y,2026-08-19,5.87,6.06,5.83,5.94,3590315.0,5.979,6315
VAU:TRADES:2Y,2026-08-20,6.3,6.6,6.3,6.49,9605945.0,6.486,8934
VAU:TRADES:2Y,2026-08-21,6.56,6.72,6.56,6.72,6831476.0,6.643,8398
VAU:TRADES:2Y,2026-08-24,6.85,6.99,6.7,6.95,5844689.0,6.8395,6790
VAU:BID_ASK:3M,2026-05-27,4.4185,4.53,4.36,4.404,-1.0,-1.0,-1
VAU:BID_ASK:3M,2026-05-28,4.1425,4.29,3.99,4.1325,-1.0,-1.0,-1
VAU:BID_ASK:3M,2026-05-29,4.2175,4.26,4.18,4.205,-1.0,-1.0,-1
VAU:BID_ASK:3M,2026-06-01,4.2355,4.33,4.18,4.226,-1.0,-1.0,-1
VAU:BID_ASK:3M,2026-06-02,4.3035,4.42,4.15,4.294,-1.0,-1.0,-1
VAU:BID_ASK:3M,2026-06-03,4.408,4.45,4.32,4.397,-1.0,-1.0,-1
VAU:BID_ASK:3M,2026-06-04,4.287,4.39,4.23,4.2735,-1.0,-1.0,-1
VAU:BID_ASK:3M,2026-06-05,4.138,4.3,4.1,4.1305,-1.0,-1.0,-1
VAU:BID_ASK:3M,2026-06-09,3.946,4.02,3.83,3.9345,-1.0,-1.0,-1
VAU:BID_ASK:3M,2026-06-10,3.875,3.95,3.77,3.8685,-1.0,-1.0,-1
VAU:BID_ASK:3M,2026-06-11,3.796,3.89,3.66,3.806,-1.0,-1.0,-1
VAU:BID_ASK:3M,2026-06-12,4.0385,4.14,4.01,4.049,-1.0,-1.0,-1
VAU:BID_ASK:3M,2026-06-15,4.6095,4.66,4.28,4.6205,-1.0,-1.0,-1
VAU:BID_ASK:3M,2026-06-16,4.711,4.77,4.55,4.7215,-1.0,-1.0,-1
VAU:BID_ASK:3M,2026-06-17,4.896,4.98,4.73,4.907,-1.0,-1.0,-1
VAU:BID_ASK:3M,2026-06-18,5.033,5.12,4.9,5.0435,-1.0,-1.0,-1
VAU:BID_ASK:3M,2026-06-19,4.8745,4.99,4.76,4.8845,-1.0,-1.0,-1
VAU:BID_ASK:3M,2026-06-22,4.853,4.94,4.73,4.863,-1.0,-1.0,-1
VAU:BID_ASK:3M,2026-06-23,4.7925,4.93,4.7,4.804,-1.0,-1.0,-1
VAU:BID_ASK:3M,2026-06-24,4.65,4.7,4.61,4.661,-1.0,-1.0,-1
VAU:BID_ASK:3M,2026-06-25,4.4145,4.53,4.35,4.426,-1.0,-1.0,-1
VAU:BID_ASK:3M,2026-06-26,4.5355,4.62,4.45,4.5305,-1.0,-1.0,-1
VAU:BID_ASK:3M,2026-06-29,4.506,4.7,4.44,4.5165,-1.0,-1.0,-1
VAU:BID_ASK:3M,2026-06-30,4.201,4.46,4.08,4.212,-1.0,-1.0,-1
VAU:BID_ASK:3M,2026-07-01,4.1175,4.28,4.08,4.128,-1.0,-1.0,-1
VAU:BID_ASK:3M,2026-07-02,4.1955,4.25,4.12,4.206,-1.0,-1.0,-1
VAU:BID_ASK:3M,2026-07-03,4.5305,4.6,4.34,4.541,-1.0,-1.0,-1
VAU:BID_ASK:3M,2026-07-06,5.088,5.19,4.87,5.0925,-1.0,-1.0,-1
VAU:BID_ASK:3M,2026-07-07,5.0255,5.16,4.96,5.036,-1.0,-1.0,-1
VAU:BID_ASK:3M,2026-07-08,4.7925,4.89,4.7,4.8035,-1.0,-1.0,-1
VAU:BID_ASK:3M,2026-07-09,4.728,4.79,4.66,4.7385,-1.0,-1.0,-1
VAU:BID_ASK:3M,2026-07-10,4.8415,4.92,4.72,4.852,-1.0,-1.0,-1
VAU:BID_ASK:3M,2026-07-13,4.879,4.95,4.74,4.8885,-1.0,-1.0,-1
VAU:BID_ASK:3M,2026-07-14,4.8995,5.0,4.79,4.91,-1.0,-1.0,-1
VAU:BID_ASK:3M,2026-07-15,4.9325,5.05,4.88,4.9425,-1.0,-1.0,-1
VAU:BID_ASK:3M,2026-07-16,4.963,5.01,4.86,4.9735,-1.0,-1.0,-1
VAU:BID_ASK:3M,2026-07-17,4.712,4.85,4.66,4.722,-1.0,-1.0,-1
VAU:BID_ASK:3M,2026-07-20,4.696,4.79,4.53,4.707,-1.0,-1.0,-1
VAU:BID_ASK:3M,2026-07-21,4.7345,4.84,4.58,4.744,-1.0,-1.0,-1
VAU:BID_ASK:3M,2026-07-22,5.009,5.1,4.83,5.019,-1.0,-1.0,-1
VAU:BID_ASK:3M,2026-07-23,5.152,5.24,5.07,5.1625,-1.0,-1.0,-1
VAU:BID_ASK:3M,2026-07-24,4.8935,5.03,4.79,4.904,-1.0,-1.0,-1
VAU:BID_ASK:3M,2026-07-27,5.1575,5.23,5.01,5.1675,-1.0,-1.0,-1
VAU:BID_ASK:3M,2026-07-28,4.999,5.07,4.94,5.0095,-1.0,-1.0,-1
VAU:BID_ASK:3M,2026-07-29,4.997,5.08,4.93,5.007,-1.0,-1.0,-1
VAU:BID_ASK:3M,2026-07-30,4.8165,5.05,4.63,4.827,-1.0,-1.0,-1
VAU:BID_ASK:3M,2026-07-31,4.878,5.0,4.79,4.889,-1.0,-1.0,-1
VAU:BID_ASK:3M,2026-08-03,4.854,4.92,4.7,4.864,-1.0,-1.0,-1
VAU:BID_ASK:3M,2026-08-04,4.941,5.0,4.83,4.952,-1.0,-1.0,-1
VAU:BID_ASK:3M,2026-08-05,5.1645,5.33,4.95,5.1755,-1.0,-1.0,-1
VAU:BID_ASK:3M,2026-08-06,5.6215,5.71,5.53,5.6325,-1.0,-1.0,-1
VAU:BID_ASK:3M,2026-08-07,5.738,5.86,5.56,5.7485,-1.0,-1.0,-1
VAU:BID_ASK:3M,2026-08-10,5.921,6.04,5.77,5.9315,-1.0,-1.0,-1
VAU:BID_ASK:3M,2026-08-11,6.161,6.23,6.04,6.1705,-1.0,-1.0,-1
VAU:BID_ASK:3M,2026-08-12,6.0795,6.15,5.95,6.09,-1.0,-1.0,-1
VAU:BID_ASK:3M,2026-08-13,6.087,6.22,6.02,6.0975,-1.0,-1.0,-1
VAU:BID_ASK:3M,2026-08-14,5.904,5.96,5.81,5.915,-1.0,-1.0,-1
VAU:BID_ASK:3M,2026-08-17,6.0565,6.12,5.96,6.067,-1.0,-1.0,-1
VAU:BID_ASK:3M,2026-08-18,6.07,6.17,6.01,6.08,-1.0,-1.0,-1
VAU:BID_ASK:3M,2026-08-19,5.9705,6.06,5.83,5.9815,-1.0,-1.0,-1
VAU:BID_ASK:3M,2026-08-20,6.5005,6.6,6.3,6.4415,-1.0,-1.0,-1
VAU:BID_ASK:3M,2026-08-21,6.6465,6.72,6.56,6.657,-1.0,-1.0,-1
VAU:BID_ASK:3M,2026-08-24,6.8485,6.99,6.69,6.8595,-1.0,-1.0,-1
BGL:TRADES:2Y,2024-08-26,1.375,1.385,1.335,1.35,4788412.0,1.3526,3218
BGL:TRADES:2Y,2024-08-27,1.345,1.365,1.335,1.35,5685288.0,1.3518,3628
BGL:TRADES:2Y,2024-08-28,1.35,1.37,1.33,1.335,7035152.0,1.3447,2725
BGL:TRADES:2Y,2024-08-29,1.325,1.325,1.275,1.275,8975779.0,1.2859,3285
BGL:TRADES:2Y,2024-08-30,1.285,1.295,1.255,1.265,7391750.0,1.2697,2522
BGL:TRADES:2Y,2024-09-02,1.245,1.25,1.15,1.15,18296354.0,1.1835,5614
BGL:TRADES:2Y,2024-09-03,1.175,1.198,1.16,1.18,14304323.0,1.1824,5328
BGL:TRADES:2Y,2024-09-04,1.16,1.175,1.135,1.145,13848557.0,1.1562,6328
BGL:TRADES:2Y,2024-09-05,1.15,1.183,1.147,1.16,18621584.0,1.1632,4672
BGL:TRADES:2Y,2024-09-06,1.165,1.165,1.127,1.135,12626268.0,1.1426,3569
BGL:TRADES:2Y,2024-09-09,1.115,1.145,1.105,1.14,8921597.0,1.1289,4310
BGL:TRADES:2Y,2024-09-10,1.155,1.165,1.095,1.12,10437936.0,1.1143,3367
BGL:TRADES:2Y,2024-09-11,1.13,1.177,1.13,1.145,7000596.0,1.1497,3466
BGL:TRADES:2Y,2024-09-12,1.155,1.18,1.147,1.175,4417373.0,1.166,3014
BGL:TRADES:2Y,2024-09-13,1.23,1.25,1.215,1.24,6456615.0,1.2326,3465
BGL:TRADES:2Y,2024-09-16,1.26,1.275,1.232,1.235,6071299.0,1.2474,3362
BGL:TRADES:2Y,2024-09-17,1.25,1.255,1.205,1.21,6007502.0,1.2262,2250
BGL:TRADES:2Y,2024-09-18,1.23,1.23,1.195,1.225,6141293.0,1.2161,2232
BGL:TRADES:2Y,2024-09-19,1.245,1.26,1.22,1.255,7557638.0,1.2405,2782
BGL:TRADES:2Y,2024-09-20,1.28,1.3,1.25,1.28,24943753.0,1.2809,4604
BGL:TRADES:2Y,2024-09-23,1.285,1.285,1.235,1.24,6279622.0,1.2555,2533
BGL:TRADES:2Y,2024-09-24,1.22,1.225,1.18,1.21,11901982.0,1.1947,5381
BGL:TRADES:2Y,2024-09-25,1.26,1.265,1.225,1.225,6832148.0,1.2412,2901
BGL:TRADES:2Y,2024-09-26,1.235,1.29,1.235,1.29,7982215.0,1.2762,2959
BGL:TRADES:2Y,2024-09-27,1.29,1.315,1.275,1.31,6903583.0,1.3007,3608
BGL:TRADES:2Y,2024-09-30,1.3,1.32,1.29,1.32,6659429.0,1.3087,3581
BGL:TRADES:2Y,2024-10-01,1.275,1.325,1.275,1.325,7333221.0,1.3028,3639
BGL:TRADES:2Y,2024-10-02,1.33,1.345,1.31,1.31,9339259.0,1.3249,3751
BGL:TRADES:2Y,2024-10-03,1.325,1.33,1.275,1.29,6231787.0,1.2942,3816
BGL:TRADES:2Y,2024-10-04,1.27,1.295,1.245,1.295,7496131.0,1.2795,4175
BGL:TRADES:2Y,2024-10-07,1.3,1.3,1.26,1.285,2689027.0,1.2807,1954
BGL:TRADES:2Y,2024-10-08,1.275,1.337,1.27,1.32,7047457.0,1.3134,2846
BGL:TRADES:2Y,2024-10-09,1.3,1.31,1.255,1.265,11517731.0,1.2826,5170
BGL:TRADES:2Y,2024-10-10,1.275,1.347,1.27,1.345,9233680.0,1.3251,3588
BGL:TRADES:2Y,2024-10-11,1.34,1.385,1.335,1.36,6404694.0,1.3691,4051
BGL:TRADES:2Y,2024-10-14,1.39,1.435,1.385,1.42,8673187.0,1.4098,3182
BGL:TRADES:2Y,2024-10-15,1.43,1.46,1.42,1.44,8466211.0,1.4436,4910
BGL:TRADES:2Y,2024-10-16,1.455,1.505,1.45,1.46,7828652.0,1.4714,4277
BGL:TRADES:2Y,2024-10-17,1.485,1.485,1.433,1.465,6531747.0,1.4607,3397
BGL:TRADES:2Y,2024-10-18,1.475,1.5,1.465,1.475,5860204.0,1.4801,2736
BGL:TRADES:2Y,2024-10-21,1.52,1.575,1.51,1.56,10655743.0,1.5519,4343
BGL:TRADES:2Y,2024-10-22,1.56,1.583,1.545,1.57,7304169.0,1.5677,3711
BGL:TRADES:2Y,2024-10-23,1.595,1.62,1.563,1.62,10717642.0,1.5996,4059
BGL:TRADES:2Y,2024-10-24,1.605,1.647,1.595,1.64,8673285.0,1.6269,4345
BGL:TRADES:2Y,2024-10-25,1.645,1.655,1.625,1.63,5233000.0,1.6404,3227
BGL:TRADES:2Y,2024-10-28,1.62,1.63,1.575,1.625,7087161.0,1.6063,4960
BGL:TRADES:2Y,2024-10-29,1.61,1.645,1.603,1.63,5344273.0,1.6236,4219
BGL:TRADES:2Y,2024-10-30,1.645,1.66,1.61,1.62,3758060.0,1.6325,2910
BGL:TRADES:2Y,2024-10-31,1.6,1.635,1.59,1.625,4920045.0,1.6218,2779
BGL:TRADES:2Y,2024-11-01,1.575,1.6,1.57,1.59,3724051.0,1.5859,3270
BGL:TRADES:2Y,2024-11-04,1.58,1.585,1.53,1.545,5661953.0,1.5475,4833
BGL:TRADES:2Y,2024-11-05,1.545,1.55,1.52,1.535,4435804.0,1.536,2858
BGL:TRADES:2Y,2024-11-06,1.545,1.55,1.495,1.5,5208752.0,1.5092,3243
BGL:TRADES:2Y,2024-11-07,1.445,1.445,1.375,1.385,8783571.0,1.3968,3979
BGL:TRADES:2Y,2024-11-08,1.43,1.455,1.415,1.43,4796442.0,1.4337,3548
BGL:TRADES:2Y,2024-11-11,1.405,1.433,1.39,1.415,4069172.0,1.4126,2337
BGL:TRADES:2Y,2024-11-12,1.36,1.37,1.3,1.32,7975808.0,1.3262,4790
BGL:TRADES:2Y,2024-11-13,1.3,1.315,1.275,1.295,8280902.0,1.2952,4801
BGL:TRADES:2Y,2024-11-14,1.285,1.3,1.245,1.245,5347735.0,1.2617,3819
BGL:TRADES:2Y,2024-11-15,1.26,1.27,1.225,1.235,7313980.0,1.2414,5332
BGL:TRADES:2Y,2024-11-18,1.24,1.295,1.225,1.265,6276634.0,1.2678,3455
BGL:TRADES:2Y,2024-11-19,1.305,1.32,1.285,1.3,5413098.0,1.3014,4667
BGL:TRADES:2Y,2024-11-20,1.31,1.32,1.295,1.305,4201444.0,1.3049,2129
BGL:TRADES:2Y,2024-11-21,1.305,1.335,1.3,1.31,7363025.0,1.3173,2654
BGL:TRADES:2Y,2024-11-22,1.33,1.357,1.31,1.35,6371717.0,1.3375,2983
BGL:TRADES:2Y,2024-11-25,1.37,1.385,1.282,1.295,11397475.0,1.3099,3934
BGL:TRADES:2Y,2024-11-26,1.26,1.275,1.24,1.26,8443420.0,1.2575,3821
BGL:TRADES:2Y,2024-11-27,1.27,1.29,1.252,1.26,8100828.0,1.2646,3531
BGL:TRADES:2Y,2024-11-28,1.255,1.29,1.245,1.27,6558866.0,1.2657,3132
BGL:TRADES:2Y,2024-11-29,1.265,1.29,1.26,1.28,3463680.0,1.2761,2025
BGL:TRADES:2Y,2024-12-02,1.29,1.335,1.27,1.27,7062005.0,1.2941,3322
BGL:TRADES:2Y,2024-12-03,1.27,1.295,1.245,1.26,7044481.0,1.2658,4120
BGL:TRADES:2Y,2024-12-04,1.26,1.28,1.235,1.26,6414687.0,1.2561,4418
BGL:TRADES:2Y,2024-12-05,1.285,1.325,1.275,1.325,5890272.0,1.2989,2754
BGL:TRADES:2Y,2024-12-06,1.34,1.375,1.33,1.36,6161943.0,1.3552,2860
BGL:TRADES:2Y,2024-12-09,1.34,1.38,1.325,1.34,5687377.0,1.3437,3268
BGL:TRADES:2Y,2024-12-10,1.38,1.405,1.37,1.38,6050492.0,1.3864,3358
BGL:TRADES:2Y,2024-12-11,1.395,1.405,1.365,1.375,4204972.0,1.3765,2337
BGL:TRADES:2Y,2024-12-12,1.395,1.4,1.353,1.37,5309175.0,1.3711,2622
BGL:TRADES:2Y,2024-12-13,1.345,1.35,1.295,1.305,4933548.0,1.3129,2572
BGL:TRADES:2Y,2024-12-16,1.28,1.295,1.24,1.245,8135437.0,1.2627,3465
BGL:TRADES:2Y,2024-12-17,1.225,1.245,1.21,1.245,7463051.0,1.2293,4634
BGL:TRADES:2Y,2024-12-18,1.215,1.235,1.205,1.215,5375211.0,1.2214,2985
BGL:TRADES:2Y,2024-12-19,1.155,1.183,1.14,1.17,10846202.0,1.1653,3447
BGL:TRADES:2Y,2024-12-20,1.15,1.155,1.09,1.105,21037582.0,1.111,3663
BGL:TRADES:2Y,2024-12-23,1.125,1.135,1.103,1.12,10702995.0,1.1195,2989
BGL:TRADES:2Y,2024-12-24,1.125,1.13,1.11,1.125,2119650.0,1.1195,1471
BGL:TRADES:2Y,2024-12-27,1.125,1.153,1.12,1.125,2894920.0,1.1323,2290
BGL:TRADES:2Y,2024-12-30,1.12,1.127,1.1,1.12,3854110.0,1.1152,2131
BGL:TRADES:2Y,2024-12-31,1.11,1.125,1.085,1.125,4859319.0,1.1075,1468
BGL:TRADES:2Y,2025-01-02,1.13,1.135,1.107,1.135,3007210.0,1.1281,1559
BGL:TRADES:2Y,2025-01-03,1.155,1.17,1.125,1.145,6800973.0,1.1479,3096
BGL:TRADES:2Y,2025-01-06,1.06,1.075,0.98,0.985,42778834.0,1.0085,7837
BGL:TRADES:2Y,2025-01-07,0.98,0.998,0.95,0.99,21847419.0,0.9788,5360
BGL:TRADES:2Y,2025-01-08,1.01,1.067,1.01,1.06,14119080.0,1.0382,4999
BGL:TRADES:2Y,2025-01-09,1.05,1.11,1.05,1.08,8912376.0,1.0815,3335
BGL:TRADES:2Y,2025-01-10,1.085,1.09,1.058,1.07,4105149.0,1.0712,2774
BGL:TRADES:2Y,2025-01-13,1.07,1.087,1.065,1.065,5335406.0,1.0731,1866
BGL:TRADES:2Y,2025-01-14,1.055,1.075,1.048,1.075,11038527.0,1.0669,3058
BGL:TRADES:2Y,2025-01-15,1.08,1.11,1.063,1.08,7640172.0,1.0845,3115
BGL:TRADES:2Y,2025-01-16,1.1,1.105,1.083,1.1,6891381.0,1.0965,2822
BGL:TRADES:2Y,2025-01-17,1.095,1.135,1.095,1.12,5945944.0,1.1165,2921
BGL:TRADES:2Y,2025-01-20,1.11,1.11,1.083,1.095,7119106.0,1.0943,2670
BGL:TRADES:2Y,2025-01-21,1.11,1.153,1.105,1.14,5835787.0,1.1361,2245
BGL:TRADES:2Y,2025-01-22,1.155,1.188,1.145,1.18,6723401.0,1.1682,3403
BGL:TRADES:2Y,2025-01-23,1.19,1.19,1.15,1.15,5159126.0,1.1642,2302
BGL:TRADES:2Y,2025-01-24,1.17,1.17,1.117,1.12,5666322.0,1.1355,2245
BGL:TRADES:2Y,2025-01-28,1.1,1.107,1.065,1.105,8828971.0,1.0854,3358
BGL:TRADES:2Y,2025-01-29,1.135,1.21,1.13,1.2,9749233.0,1.1844,3440
BGL:TRADES:2Y,2025-01-30,1.19,1.24,1.19,1.205,4554761.0,1.213,2893
BGL:TRADES:2Y,2025-01-31,1.255,1.265,1.235,1.25,6742584.0,1.2505,2504
BGL:TRADES:2Y,2025-02-03,1.25,1.27,1.23,1.245,5765424.0,1.2484,2487
BGL:TRADES:2Y,2025-02-04,1.265,1.265,1.25,1.25,3552021.0,1.2553,2577
BGL:TRADES:2Y,2025-02-05,1.255,1.275,1.24,1.255,5688906.0,1.2528,2783
BGL:TRADES:2Y,2025-02-06,1.26,1.285,1.22,1.22,6937492.0,1.2512,3086
BGL:TRADES:2Y,2025-02-07,1.205,1.21,1.175,1.195,6366437.0,1.1901,3221
BGL:TRADES:2Y,2025-02-10,1.19,1.195,1.16,1.18,6353284.0,1.1778,2809
BGL:TRADES:2Y,2025-02-11,1.205,1.23,1.175,1.21,9889143.0,1.2052,2944
BGL:TRADES:2Y,2025-02-12,1.195,1.205,1.165,1.165,6625242.0,1.1813,3322
BGL:TRADES:2Y,2025-02-13,1.2,1.205,1.175,1.2,5194597.0,1.1925,2339
BGL:TRADES:2Y,2025-02-14,1.215,1.29,1.215,1.265,8783375.0,1.2629,3139
BGL:TRADES:2Y,2025-02-17,1.225,1.245,1.212,1.225,4513847.0,1.2306,3259
BGL:TRADES:2Y,2025-02-18,1.25,1.25,1.198,1.205,4855936.0,1.2173,2410
BGL:TRADES:2Y,2025-02-19,1.23,1.27,1.195,1.21,7127606.0,1.223,3503
BGL:TRADES:2Y,2025-02-20,1.2,1.202,1.175,1.195,6586575.0,1.19,2821
BGL:TRADES:2Y,2025-02-21,1.2,1.215,1.18,1.185,5180193.0,1.1922,2531
BGL:TRADES:2Y,2025-02-24,1.165,1.18,1.14,1.18,7265605.0,1.1619,4325
BGL:TRADES:2Y,2025-02-25,1.19,1.195,1.165,1.175,3647466.0,1.1804,2072
BGL:TRADES:2Y,2025-02-26,1.16,1.167,1.135,1.15,5279828.0,1.1486,2447
BGL:TRADES:2Y,2025-02-27,1.16,1.21,1.155,1.195,6177309.0,1.1901,3001
BGL:TRADES:2Y,2025-02-28,1.17,1.18,1.155,1.175,5683703.0,1.1706,2980
BGL:TRADES:2Y,2025-03-03,1.195,1.21,1.16,1.185,7145102.0,1.185,3995
BGL:TRADES:2Y,2025-03-04,1.18,1.202,1.15,1.165,6832970.0,1.1695,3254
BGL:TRADES:2Y,2025-03-05,1.185,1.225,1.17,1.225,12722801.0,1.1927,4278
BGL:TRADES:2Y,2025-03-06,1.25,1.315,1.24,1.315,10483849.0,1.2872,4384
BGL:TRADES:2Y,2025-03-07,1.315,1.325,1.278,1.28,6828532.0,1.2973,2291
BGL:TRADES:2Y,2025-03-10,1.29,1.325,1.29,1.32,4741999.0,1.3118,2972
BGL:TRADES:2Y,2025-03-11,1.28,1.28,1.23,1.25,10398034.0,1.2548,3684
BGL:TRADES:2Y,2025-03-12,1.25,1.26,1.2,1.2,7535641.0,1.2206,4308
BGL:TRADES:2Y,2025-03-13,1.22,1.288,1.205,1.27,8081419.0,1.2581,3995
BGL:TRADES:2Y,2025-03-14,1.315,1.35,1.305,1.34,7003823.0,1.3309,4176
BGL:TRADES:2Y,2025-03-17,1.345,1.36,1.32,1.335,6021332.0,1.3384,3250
BGL:TRADES:2Y,2025-03-18,1.33,1.347,1.31,1.325,10548799.0,1.3274,5342
BGL:TRADES:2Y,2025-03-19,1.32,1.32,1.285,1.3,9701631.0,1.3023,4416
BGL:TRADES:2Y,2025-03-20,1.305,1.353,1.3,1.345,9740373.0,1.3275,3031
BGL:TRADES:2Y,2025-03-21,1.35,1.35,1.308,1.325,15027042.0,1.3262,3311
BGL:TRADES:2Y,2025-03-24,1.3,1.3,1.155,1.155,19584598.0,1.2014,5437
BGL:TRADES:2Y,2025-03-25,1.15,1.16,1.113,1.115,17137561.0,1.1292,5626
BGL:TRADES:2Y,2025-03-26,1.135,1.155,1.13,1.145,7335271.0,1.1436,3549
BGL:TRADES:2Y,2025-04-15,0.845,0.935,0.84,0.895,47323851.0,0.8919,16243
BGL:TRADES:2Y,2025-04-16,0.9,1.02,0.89,0.97,26664041.0,0.9516,12048
BGL:TRADES:2Y,2025-04-17,1.0,1.04,0.975,0.985,18274205.0,1.0037,8244
BGL:TRADES:2Y,2025-04-22,1.005,1.01,0.915,0.915,26245889.0,0.9475,8688
BGL:TRADES:2Y,2025-04-23,0.875,0.88,0.85,0.855,30512697.0,0.8635,8511
BGL:TRADES:2Y,2025-04-24,0.855,0.91,0.85,0.9,14233485.0,0.8864,4528
BGL:TRADES:2Y,2025-04-28,0.895,0.91,0.865,0.875,10166165.0,0.8836,4980
BGL:TRADES:2Y,2025-04-29,0.895,0.92,0.86,0.91,12038655.0,0.8943,6216
BGL:TRADES:2Y,2025-04-30,0.91,0.93,0.89,0.91,10831312.0,0.9113,3277
BGL:TRADES:2Y,2025-05-01,0.91,0.91,0.868,0.875,8089149.0,0.8848,3138
BGL:TRADES:2Y,2025-05-02,0.88,0.9,0.855,0.9,8550325.0,0.8804,3084
BGL:TRADES:2Y,2025-05-05,0.905,0.93,0.88,0.92,7625193.0,0.9082,2174
BGL:TRADES:2Y,2025-05-06,0.94,0.97,0.93,0.965,10486472.0,0.9537,3549
BGL:TRADES:2Y,2025-05-07,0.985,1.0,0.96,0.965,12051480.0,0.974,5248
BGL:TRADES:2Y,2025-05-08,0.955,0.98,0.925,0.97,7555652.0,0.9618,3158
BGL:TRADES:2Y,2025-05-09,0.95,0.975,0.95,0.975,7579294.0,0.9674,2462
BGL:TRADES:2Y,2025-05-12,0.975,0.975,0.925,0.955,8813158.0,0.947,3199
BGL:TRADES:2Y,2025-05-13,0.91,0.925,0.86,0.885,24322474.0,0.8805,6426
BGL:TRADES:2Y,2025-05-14,0.88,0.905,0.87,0.875,9264679.0,0.8862,2910
BGL:TRADES:2Y,2025-05-15,0.86,0.865,0.825,0.83,14793923.0,0.8425,2944
BGL:TRADES:2Y,2025-05-16,0.865,0.875,0.855,0.86,13847389.0,0.8635,2623
BGL:TRADES:2Y,2025-05-19,0.87,0.91,0.865,0.88,13103067.0,0.8834,2981
BGL:TRADES:2Y,2025-05-20,0.89,0.89,0.85,0.85,9052136.0,0.8616,2549
BGL:TRADES:2Y,2025-05-21,0.88,0.905,0.865,0.885,15135384.0,0.8835,3000
BGL:TRADES:2Y,2025-05-22,0.885,0.92,0.885,0.91,11168347.0,0.9071,3526
BGL:TRADES:2Y,2025-05-23,0.905,0.925,0.89,0.91,9300928.0,0.9093,2599
BGL:TRADES:2Y,2025-05-26,0.92,0.955,0.92,0.94,16396481.0,0.9385,3805
BGL:TRADES:2Y,2025-05-27,0.94,0.96,0.935,0.945,10424565.0,0.9461,3268
BGL:TRADES:2Y,2025-05-28,0.945,0.965,0.94,0.95,9752958.0,0.953,4088
BGL:TRADES:2Y,2025-05-29,0.92,0.95,0.91,0.95,12231514.0,0.9351,2787
BGL:TRADES:2Y,2025-05-30,0.94,0.99,0.935,0.99,13240466.0,0.9757,2776
BGL:TRADES:2Y,2025-06-02,0.99,0.99,0.94,0.94,14743512.0,0.9618,3350
BGL:TRADES:2Y,2025-06-03,0.99,1.02,0.945,0.955,13244232.0,0.9723,4293
BGL:TRADES:2Y,2025-06-04,0.95,0.955,0.93,0.95,12173211.0,0.9463,3428
BGL:TRADES:2Y,2025-06-05,0.96,0.98,0.927,0.935,17281466.0,0.949,4877
BGL:TRADES:2Y,2025-06-06,0.935,0.945,0.91,0.91,9778453.0,0.9226,3599
BGL:TRADES:2Y,2025-06-10,0.93,0.943,0.907,0.935,13653039.0,0.9253,4033
BGL:TRADES:2Y,2025-06-11,0.925,0.93,0.892,0.92,16256449.0,0.9073,4392
BGL:TRADES:2Y,2025-06-12,0.94,0.96,0.92,0.925,12020556.0,0.9381,3250
BGL:TRADES:2Y,2025-06-13,0.95,0.985,0.94,0.965,21819247.0,0.9681,5574
BGL:TRADES:2Y,2025-06-16,0.985,1.005,0.93,0.93,26096572.0,0.9644,3957
BGL:TRADES:2Y,2025-06-17,0.94,1.015,0.94,0.995,25267031.0,0.9897,5951
BGL:TRADES:2Y,2025-06-18,1.0,1.025,0.985,1.0,21225956.0,1.0045,3894
BGL:TRADES:2Y,2025-06-19,0.99,1.0,0.94,0.945,18516979.0,0.9571,4177
BGL:TRADES:2Y,2025-06-20,0.94,0.94,0.925,0.94,27903774.0,0.9386,1942
BGL:TRADES:2Y,2025-06-23,0.95,0.955,0.88,0.88,14012086.0,0.9021,3175
BGL:TRADES:2Y,2025-06-24,0.89,0.9,0.865,0.885,16790767.0,0.8847,3716
BGL:TRADES:2Y,2025-06-25,0.885,0.885,0.86,0.875,10438796.0,0.8758,3596
BGL:TRADES:2Y,2025-06-26,0.88,0.9,0.86,0.87,13553408.0,0.8726,3526
BGL:TRADES:2Y,2025-06-27,0.88,0.92,0.875,0.9,15661582.0,0.9004,4432
BGL:TRADES:2Y,2025-06-30,0.885,0.905,0.873,0.9,11028777.0,0.891,4275
BGL:TRADES:2Y,2025-07-01,0.92,0.94,0.91,0.935,10422987.0,0.9241,3065
BGL:TRADES:2Y,2025-07-02,0.94,0.945,0.905,0.92,7398407.0,0.9184,3466
BGL:TRADES:2Y,2025-07-03,0.915,0.94,0.912,0.93,8012443.0,0.9269,3473
BGL:TRADES:2Y,2025-07-04,0.94,0.94,0.915,0.925,4273091.0,0.9247,1841
BGL:TRADES:2Y,2025-07-07,0.96,0.995,0.93,0.94,28430424.0,0.9608,5677
BGL:TRADES:2Y,2025-07-08,0.96,0.995,0.955,0.965,11933402.0,0.9712,3879
BGL:TRADES:2Y,2025-07-09,0.935,0.945,0.89,0.915,17491745.0,0.9117,3497
BGL:TRADES:2Y,2025-07-10,0.925,0.95,0.92,0.945,15086101.0,0.935,2720
BGL:TRADES:2Y,2025-07-11,0.95,0.95,0.915,0.915,8180501.0,0.9249,3479
BGL:TRADES:2Y,2025-07-14,0.905,0.93,0.895,0.905,14908408.0,0.9078,3369
BGL:TRADES:2Y,2025-07-15,0.905,0.927,0.885,0.925,8829663.0,0.9104,3008
BGL:TRADES:2Y,2025-07-16,0.905,0.925,0.895,0.905,6766993.0,0.9085,2371
BGL:TRADES:2Y,2025-07-17,0.915,0.92,0.89,0.915,9467376.0,0.9093,3178
BGL:TRADES:2Y,2025-07-18,0.915,0.93,0.91,0.92,9367733.0,0.9207,2773
BGL:TRADES:2Y,2025-07-21,0.92,0.92,0.895,0.905,7975645.0,0.9048,3012
BGL:TRADES:2Y,2025-07-22,0.92,0.943,0.92,0.93,15943500.0,0.9307,4467
BGL:TRADES:2Y,2025-07-23,0.95,0.95,0.917,0.925,11020896.0,0.9271,3579
BGL:TRADES:2Y,2025-07-24,0.91,0.915,0.885,0.895,11038618.0,0.8966,3192
BGL:TRADES:2Y,2025-07-25,0.895,0.895,0.855,0.855,20778295.0,0.8693,3860
BGL:TRADES:2Y,2025-07-28,0.895,0.905,0.85,0.85,19246480.0,0.8736,3818
BGL:TRADES:2Y,2025-07-29,0.84,0.85,0.82,0.845,12815254.0,0.839,3554
BGL:TRADES:2Y,2025-07-30,0.845,0.86,0.835,0.85,7887118.0,0.8516,2691
BGL:TRADES:2Y,2025-07-31,0.83,0.83,0.807,0.81,16881716.0,0.8166,4506
BGL:TRADES:2Y,2025-08-01,0.81,0.825,0.775,0.775,26874367.0,0.7951,6768
BGL:TRADES:2Y,2025-08-04,0.8,0.838,0.8,0.825,21923057.0,0.8225,8362
BGL:TRADES:2Y,2025-08-05,0.83,0.855,0.82,0.855,10331766.0,0.8418,3194
BGL:TRADES:2Y,2025-08-06,0.865,0.885,0.86,0.865,17300039.0,0.8716,8243
BGL:TRADES:2Y,2025-08-07,0.875,0.897,0.875,0.89,15090423.0,0.8855,4831
BGL:TRADES:2Y,2025-08-08,0.9,0.912,0.89,0.895,10335032.0,0.8995,3234
BGL:TRADES:2Y,2025-08-11,0.905,0.905,0.865,0.875,8247046.0,0.8768,3496
BGL:TRADES:2Y,2025-08-12,0.86,0.877,0.855,0.87,8250918.0,0.87,4677
BGL:TRADES:2Y,2025-08-13,0.86,0.87,0.853,0.865,6917114.0,0.8614,3494
BGL:TRADES:2Y,2025-08-14,0.865,0.895,0.865,0.89,7450940.0,0.886,3813
BGL:TRADES:2Y,2025-08-15,0.88,0.885,0.868,0.875,9114143.0,0.8757,3394
BGL:TRADES:2Y,2025-08-18,0.88,0.89,0.87,0.875,8319806.0,0.8792,2935
BGL:TRADES:2Y,2025-08-19,0.875,0.882,0.87,0.87,5628063.0,0.8739,2989
BGL:TRADES:2Y,2025-08-20,0.85,0.865,0.835,0.86,11020524.0,0.852,2678
BGL:TRADES:2Y,2025-08-21,0.885,0.895,0.875,0.88,5767993.0,0.8819,3015
BGL:TRADES:2Y,2025-08-22,0.89,0.905,0.88,0.88,12894291.0,0.8911,3909
BGL:TRADES:2Y,2025-08-25,0.905,0.915,0.88,0.9,11785382.0,0.8956,4237
BGL:TRADES:2Y,2025-08-26,0.9,0.9,0.88,0.895,7730334.0,0.8901,2329
BGL:TRADES:2Y,2025-08-27,0.905,0.93,0.895,0.92,15843179.0,0.9121,3544
BGL:TRADES:2Y,2025-08-28,0.905,0.91,0.865,0.87,12356913.0,0.8771,5096
BGL:TRADES:2Y,2025-08-29,0.87,0.88,0.855,0.86,12107076.0,0.8654,3859
BGL:TRADES:2Y,2025-09-01,0.885,0.905,0.885,0.89,17371566.0,0.8949,2678
BGL:TRADES:2Y,2025-09-02,0.9,0.905,0.875,0.885,14505641.0,0.8886,3931
BGL:TRADES:2Y,2025-09-03,0.91,0.927,0.897,0.91,30823854.0,0.9122,5246
BGL:TRADES:2Y,2025-09-04,0.92,0.935,0.875,0.875,25421595.0,0.8992,5181
BGL:TRADES:2Y,2025-09-05,0.88,0.915,0.875,0.915,17155545.0,0.8977,3624
BGL:TRADES:2Y,2025-09-08,0.93,0.93,0.905,0.915,7078983.0,0.9173,3618
BGL:TRADES:2Y,2025-09-09,0.92,0.935,0.907,0.92,15786023.0,0.9231,3507
BGL:TRADES:2Y,2025-09-10,0.915,0.915,0.87,0.885,17918692.0,0.8876,4944
BGL:TRADES:2Y,2025-09-11,0.89,0.915,0.885,0.905,17812371.0,0.9043,5140
BGL:TRADES:2Y,2025-09-12,0.925,0.975,0.915,0.97,37473518.0,0.9432,5322
BGL:TRADES:2Y,2025-09-15,0.975,0.975,0.91,0.95,15486702.0,0.9418,5609
BGL:TRADES:2Y,2025-09-16,0.97,1.018,0.965,1.01,17955258.0,0.9963,4094
BGL:TRADES:2Y,2025-09-17,1.005,1.012,0.98,0.99,16214926.0,0.9975,4413
BGL:TRADES:2Y,2025-09-18,0.995,1.015,0.983,1.015,14333409.0,1.004,4786
BGL:TRADES:2Y,2025-09-19,1.005,1.01,0.985,1.0,71218154.0,0.9996,5126
BGL:TRADES:2Y,2025-09-22,1.035,1.095,1.035,1.075,18966201.0,1.0686,5737
BGL:TRADES:2Y,2025-09-23,1.095,1.115,1.07,1.09,17688929.0,1.0903,5596
BGL:TRADES:2Y,2025-09-24,1.08,1.1,1.05,1.075,12996667.0,1.0663,5988
BGL:TRADES:2Y,2025-09-25,1.055,1.075,1.038,1.05,12060956.0,1.0538,5326
BGL:TRADES:2Y,2025-09-26,1.055,1.075,1.03,1.075,14860475.0,1.0563,3934
BGL:TRADES:2Y,2025-09-29,1.09,1.113,1.065,1.11,13511236.0,1.0947,3584
BGL:TRADES:2Y,2025-09-30,1.14,1.157,1.115,1.145,14833453.0,1.1405,4250
BGL:TRADES:2Y,2025-10-01,1.16,1.18,1.13,1.175,13252445.0,1.1622,4044
BGL:TRADES:2Y,2025-10-02,1.195,1.235,1.19,1.21,18729447.0,1.2109,4324
BGL:TRADES:2Y,2025-10-03,1.205,1.21,1.17,1.205,13522047.0,1.1915,5429
BGL:TRADES:2Y,2025-10-06,1.22,1.24,1.2,1.23,11722271.0,1.2236,5275
BGL:TRADES:2Y,2025-10-07,1.24,1.255,1.22,1.235,11634780.0,1.2365,3363
BGL:TRADES:2Y,2025-10-08,1.235,1.24,1.19,1.22,19718183.0,1.2084,4959
BGL:TRADES:2Y,2025-10-09,1.215,1.23,1.18,1.225,13951025.0,1.2123,4559
BGL:TRADES:2Y,2025-10-10,1.16,1.2,1.13,1.175,15125807.0,1.1753,5413
BGL:TRADES:2Y,2025-10-13,1.205,1.24,1.2,1.235,18515354.0,1.2291,4707
BGL:TRADES:2Y,2025-10-14,1.25,1.31,1.25,1.27,16127713.0,1.2769,5459
BGL:TRADES:2Y,2025-10-15,1.275,1.3,1.255,1.275,15211888.0,1.2813,5227
BGL:TRADES:2Y,2025-10-16,1.29,1.357,1.28,1.35,15843282.0,1.3322,5352
BGL:TRADES:2Y,2025-10-17,1.4,1.405,1.35,1.38,19601780.0,1.3756,5593
BGL:TRADES:2Y,2025-10-20,1.3,1.305,1.27,1.3,18699005.0,1.2926,6000
BGL:TRADES:2Y,2025-10-21,1.365,1.365,1.305,1.325,10467954.0,1.3264,3006
BGL:TRADES:2Y,2025-10-22,1.195,1.205,1.155,1.195,22885002.0,1.1837,7549
BGL:TRADES:2Y,2025-10-23,1.19,1.202,1.155,1.165,15607926.0,1.1745,6182
BGL:TRADES:2Y,2025-10-24,1.175,1.175,1.13,1.165,15854984.0,1.1569,5307
BGL:TRADES:2Y,2025-10-27,1.15,1.175,1.14,1.16,17214229.0,1.1607,6897
BGL:TRADES:2Y,2025-10-28,1.105,1.125,1.077,1.12,14972570.0,1.1047,3807
BGL:TRADES:2Y,2025-10-29,1.125,1.163,1.113,1.15,11615322.0,1.1419,3997
BGL:TRADES:2Y,2025-10-30,1.14,1.157,1.127,1.145,7821796.0,1.1452,3777
BGL:TRADES:2Y,2025-10-31,1.165,1.2,1.165,1.17,9460536.0,1.1804,2785
BGL:TRADES:2Y,2025-11-03,1.175,1.177,1.153,1.16,4831216.0,1.1628,3501
BGL:TRADES:2Y,2025-11-04,1.16,1.165,1.14,1.145,4529700.0,1.1486,2641
BGL:TRADES:2Y,2025-11-05,1.115,1.117,1.055,1.11,10919382.0,1.0857,4284
BGL:TRADES:2Y,2025-11-06,1.145,1.165,1.13,1.16,5724563.0,1.151,2339
BGL:TRADES:2Y,2025-11-07,1.175,1.185,1.16,1.17,7684006.0,1.1721,3001
BGL:TRADES:2Y,2025-11-10,1.185,1.23,1.18,1.215,8535111.0,1.2086,3534
BGL:TRADES:2Y,2025-11-11,1.27,1.275,1.235,1.25,11897764.0,1.2551,5255
BGL:TRADES:2Y,2025-11-12,1.265,1.275,1.238,1.25,5983934.0,1.2544,2675
BGL:TRADES:2Y,2025-11-13,1.295,1.3,1.26,1.28,6498345.0,1.278,2938
BGL:TRADES:2Y,2025-11-14,1.22,1.272,1.212,1.265,8091737.0,1.2572,5385
BGL:TRADES:2Y,2025-11-17,1.24,1.265,1.205,1.25,8241583.0,1.245,4416
BGL:TRADES:2Y,2025-11-18,1.25,1.255,1.183,1.195,9995400.0,1.2098,3455
BGL:TRADES:2Y,2025-11-19,1.23,1.245,1.215,1.23,5576299.0,1.2313,3046
BGL:TRADES:2Y,2025-11-20,1.255,1.28,1.245,1.265,7854495.0,1.2654,3761
BGL:TRADES:2Y,2025-11-21,1.185,1.225,1.18,1.205,11639315.0,1.1984,3829
BGL:TRADES:2Y,2025-11-24,1.21,1.225,1.19,1.195,7405964.0,1.2035,3036
BGL:TRADES:2Y,2025-11-25,1.255,1.272,1.23,1.245,9613853.0,1.2497,2831
BGL:TRADES:2Y,2025-11-26,1.245,1.262,1.22,1.25,8246648.0,1.2426,2881
BGL:TRADES:2Y,2025-11-27,1.295,1.305,1.275,1.29,7587915.0,1.2896,3087
BGL:TRADES:2Y,2025-11-28,1.29,1.33,1.285,1.325,6743088.0,1.3128,2319
BGL:TRADES:2Y,2025-12-01,1.36,1.375,1.31,1.315,6718766.0,1.3318,2700
BGL:TRADES:2Y,2025-12-02,1.3,1.355,1.295,1.34,6153766.0,1.3352,2962
BGL:TRADES:2Y,2025-12-03,1.38,1.43,1.357,1.425,9067586.0,1.403,2945
BGL:TRADES:2Y,2025-12-04,1.42,1.427,1.37,1.39,7913778.0,1.3954,4118
BGL:TRADES:2Y,2025-12-05,1.445,1.452,1.385,1.425,7419707.0,1.4225,3320
BGL:TRADES:2Y,2025-12-08,1.41,1.413,1.373,1.395,6790232.0,1.3912,3292
BGL:TRADES:2Y,2025-12-09,1.385,1.395,1.35,1.36,7853564.0,1.3657,3349
BGL:TRADES:2Y,2025-12-10,1.41,1.425,1.39,1.41,8852065.0,1.4079,3736
BGL:TRADES:2Y,2025-12-11,1.45,1.465,1.425,1.435,5608981.0,1.4451,2784
BGL:TRADES:2Y,2025-12-12,1.49,1.52,1.48,1.51,12958640.0,1.5058,4231
BGL:TRADES:2Y,2025-12-15,1.515,1.555,1.495,1.545,12322970.0,1.5286,4191
BGL:TRADES:2Y,2025-12-16,1.54,1.57,1.512,1.555,9390889.0,1.5527,4258
BGL:TRADES:2Y,2025-12-17,1.57,1.645,1.535,1.635,16095346.0,1.6099,5725
BGL:TRADES:2Y,2025-12-18,1.59,1.68,1.59,1.67,18362255.0,1.6449,7957
BGL:TRADES:2Y,2025-12-19,1.725,1.76,1.685,1.72,20876037.0,1.7268,7473
BGL:TRADES:2Y,2025-12-22,1.71,1.71,1.67,1.69,11669249.0,1.6891,5936
BGL:TRADES:2Y,2025-12-23,1.73,1.735,1.695,1.71,6880275.0,1.7136,4733
BGL:TRADES:2Y,2025-12-24,1.7,1.74,1.69,1.715,3591575.0,1.7183,3188
BGL:TRADES:2Y,2025-12-29,1.75,1.76,1.67,1.7,7437169.0,1.7082,4967
BGL:TRADES:2Y,2025-12-30,1.615,1.69,1.58,1.68,8130271.0,1.6522,4412
BGL:TRADES:2Y,2025-12-31,1.68,1.705,1.66,1.705,5272420.0,1.6907,2830
BGL:TRADES:2Y,2026-01-02,1.69,1.7,1.665,1.7,3714504.0,1.6908,1886
BGL:TRADES:2Y,2026-01-05,1.685,1.73,1.675,1.73,4606126.0,1.7163,3530
BGL:TRADES:2Y,2026-01-06,1.75,1.795,1.74,1.79,9585489.0,1.7694,6261
BGL:TRADES:2Y,2026-01-07,1.82,1.825,1.655,1.675,16462682.0,1.7103,8044
BGL:TRADES:2Y,2026-01-08,1.71,1.72,1.667,1.67,6980951.0,1.6864,4413
BGL:TRADES:2Y,2026-01-09,1.665,1.705,1.653,1.66,5244288.0,1.6706,3986
BGL:TRADES:2Y,2026-01-12,1.7,1.705,1.67,1.7,7412490.0,1.6929,4347
BGL:TRADES:2Y,2026-01-13,1.72,1.735,1.685,1.69,8007956.0,1.7055,4641
BGL:TRADES:2Y,2026-01-14,1.71,1.725,1.665,1.68,7521521.0,1.6937,5313
BGL:TRADES:2Y,2026-01-15,1.685,1.685,1.61,1.62,10316309.0,1.6418,6984
BGL:TRADES:2Y,2026-01-16,1.64,1.655,1.603,1.62,7945363.0,1.6176,5830
BGL:TRADES:2Y,2026-01-19,1.65,1.715,1.645,1.695,9093403.0,1.6916,3905
BGL:TRADES:2Y,2026-01-20,1.7,1.79,1.695,1.78,11119216.0,1.755,5172
BGL:TRADES:2Y,2026-01-21,1.84,1.945,1.835,1.93,15926989.0,1.8838,9079
BGL:TRADES:2Y,2026-01-22,1.87,1.915,1.79,1.805,14292281.0,1.8359,7041
BGL:TRADES:2Y,2026-01-23,1.935,1.935,1.845,1.845,9784287.0,1.8771,6235
BGL:TRADES:2Y,2026-01-27,1.89,1.92,1.82,1.855,7314947.0,1.8576,6129
BGL:TRADES:2Y,2026-01-28,1.89,1.895,1.843,1.88,7459222.0,1.8665,5284
BGL:TRADES:2Y,2026-01-29,1.945,2.0,1.895,1.99,17038684.0,1.953,7372
BGL:TRADES:2Y,2026-01-30,1.92,1.982,1.86,1.885,22256848.0,1.9182,11104
BGL:TRADES:2Y,2026-02-02,1.74,1.765,1.685,1.73,19869000.0,1.7319,13339
BGL:TRADES:2Y,2026-02-03,1.705,1.788,1.7,1.74,8441238.0,1.757,6280
BGL:TRADES:2Y,2026-02-04,1.8,1.835,1.78,1.805,6791511.0,1.8071,4106
BGL:TRADES:2Y,2026-02-05,1.755,1.78,1.685,1.74,9886820.0,1.7352,6287
BGL:TRADES:2Y,2026-02-06,1.655,1.68,1.625,1.655,9117107.0,1.6513,5792
BGL:TRADES:2Y,2026-02-09,1.735,1.745,1.705,1.735,4776131.0,1.7283,4017
BGL:TRADES:2Y,2026-02-10,1.79,1.79,1.72,1.745,4983724.0,1.7464,3732
BGL:TRADES:2Y,2026-02-11,1.76,1.86,1.74,1.855,5488429.0,1.8171,3908
BGL:TRADES:2Y,2026-02-12,1.85,1.865,1.813,1.855,3215696.0,1.8468,3553
BGL:TRADES:2Y,2026-02-13,1.72,1.795,1.7,1.775,6804524.0,1.7549,4828
BGL:TRADES:2Y,2026-02-16,1.8,1.81,1.765,1.775,5358560.0,1.782,4038
BGL:TRADES:2Y,2026-02-17,1.78,1.792,1.742,1.755,2550998.0,1.7594,3698
BGL:TRADES:2Y,2026-02-18,1.745,1.76,1.71,1.76,2669640.0,1.7403,3571
BGL:TRADES:2Y,2026-02-19,1.785,1.795,1.745,1.77,4603751.0,1.7666,4390
BGL:TRADES:2Y,2026-02-20,1.78,1.825,1.76,1.805,4746340.0,1.7931,5257
BGL:TRADES:2Y,2026-02-23,1.84,1.85,1.72,1.79,8579912.0,1.7652,4977
BGL:TRADES:2Y,2026-02-24,1.86,1.9,1.725,1.78,9904189.0,1.7958,8556
BGL:TRADES:2Y,2026-02-25,1.835,1.85,1.75,1.83,7350310.0,1.8173,6355
BGL:TRADES:2Y,2026-02-26,1.83,1.83,1.765,1.795,3894239.0,1.7914,5299
BGL:TRADES:2Y,2026-02-27,1.825,1.875,1.805,1.825,6262333.0,1.8454,5681
BGL:TRADES:2Y,2026-03-02,1.87,1.895,1.82,1.84,5934484.0,1.848,5051
BGL:TRADES:2Y,2026-03-03,1.825,1.84,1.795,1.815,5558870.0,1.8169,5294
BGL:TRADES:2Y,2026-03-04,1.69,1.77,1.66,1.74,5144923.0,1.7248,5317
BGL:TRADES:2Y,2026-03-05,1.74,1.765,1.675,1.705,4666320.0,1.7059,5674
BGL:TRADES:2Y,2026-03-06,1.65,1.7,1.61,1.615,9829815.0,1.6306,9364
BGL:TRADES:2Y,2026-03-09,1.6,1.62,1.55,1.61,12468646.0,1.5916,8547
BGL:TRADES:2Y,2026-03-10,1.655,1.71,1.643,1.7,6302290.0,1.6865,5587
BGL:TRADES:2Y,2026-03-11,1.725,1.77,1.705,1.735,8238704.0,1.7295,6170
BGL:TRADES:2Y,2026-03-12,1.665,1.71,1.665,1.7,7101562.0,1.6949,6709
BGL:TRADES:2Y,2026-03-13,1.7,1.71,1.635,1.64,7985639.0,1.6661,4963
BGL:TRADES:2Y,2026-03-16,1.57,1.57,1.498,1.52,11508675.0,1.5246,8751
BGL:TRADES:2Y,2026-03-17,1.545,1.59,1.515,1.585,5761709.0,1.5618,4278
BGL:TRADES:2Y,2026-03-18,1.56,1.605,1.545,1.605,7746082.0,1.5903,5791
BGL:TRADES:2Y,2026-03-19,1.52,1.52,1.427,1.47,13563772.0,1.4786,6760
BGL:TRADES:2Y,2026-03-20,1.375,1.438,1.367,1.38,30431098.0,1.3835,7851
BGL:TRADES:2Y,2026-03-23,1.3,1.335,1.235,1.255,19476937.0,1.2676,9257
BGL:TRADES:2Y,2026-03-24,1.31,1.315,1.245,1.265,19999906.0,1.2713,8049
BGL:TRADES:2Y,2026-03-25,1.32,1.41,1.31,1.405,8957234.0,1.3868,5848
BGL:TRADES:2Y,2026-03-26,1.365,1.407,1.36,1.405,5762274.0,1.3937,3728
BGL:TRADES:2Y,2026-03-27,1.375,1.44,1.36,1.43,8018204.0,1.4166,4311
BGL:TRADES:2Y,2026-03-30,1.425,1.448,1.41,1.435,6734387.0,1.4293,3959
BGL:TRADES:2Y,2026-03-31,1.42,1.5,1.38,1.49,9209117.0,1.4627,4783
BGL:TRADES:2Y,2026-04-01,1.56,1.635,1.53,1.61,11195251.0,1.6062,6101
BGL:TRADES:2Y,2026-04-02,1.655,1.67,1.51,1.53,11892910.0,1.5702,5809
BGL:TRADES:2Y,2026-04-07,1.56,1.57,1.53,1.565,5328774.0,1.5555,4161
BGL:TRADES:2Y,2026-04-08,1.9,1.9,1.775,1.86,13066321.0,1.8403,6994
BGL:TRADES:2Y,2026-04-09,1.84,1.89,1.785,1.87,11817843.0,1.8521,8001
BGL:TRADES:2Y,2026-04-10,1.855,1.855,1.77,1.81,6173184.0,1.8018,5981
BGL:TRADES:2Y,2026-04-13,1.75,1.75,1.7,1.735,9969377.0,1.7264,8462
BGL:TRADES:2Y,2026-04-14,1.745,1.76,1.715,1.725,4406812.0,1.7334,4482
BGL:TRADES:2Y,2026-04-15,1.755,1.81,1.75,1.77,4917452.0,1.7759,4307
BGL:TRADES:2Y,2026-04-16,1.73,1.755,1.715,1.74,4738203.0,1.7308,5231
BGL:TRADES:2Y,2026-04-17,1.72,1.725,1.675,1.705,4042172.0,1.6986,4424
BGL:TRADES:2Y,2026-04-20,1.71,1.775,1.688,1.74,3770237.0,1.7385,3845
BGL:TRADES:2Y,2026-04-21,1.74,1.755,1.715,1.735,3450396.0,1.7337,4249
BGL:TRADES:2Y,2026-04-22,1.685,1.732,1.68,1.725,3492768.0,1.7159,4616
BGL:TRADES:2Y,2026-04-23,1.705,1.73,1.655,1.67,4595626.0,1.6829,3922
BGL:TRADES:2Y,2026-04-24,1.67,1.68,1.63,1.64,3746382.0,1.646,4527
BGL:TRADES:2Y,2026-04-27,1.625,1.675,1.615,1.66,2813389.0,1.6562,3878
BGL:TRADES:2Y,2026-04-28,1.645,1.65,1.6,1.61,3208627.0,1.6145,4347
BGL:TRADES:2Y,2026-04-29,1.58,1.62,1.57,1.595,4790823.0,1.598,3485
BGL:TRADES:2Y,2026-04-30,1.55,1.55,1.46,1.485,8142422.0,1.4873,6846
BGL:TRADES:2Y,2026-05-01,1.53,1.54,1.48,1.5,4548369.0,1.5051,4725
BGL:TRADES:2Y,2026-05-04,1.515,1.55,1.505,1.55,3160907.0,1.5357,2543
BGL:TRADES:2Y,2026-05-05,1.51,1.555,1.5,1.545,2511468.0,1.5391,2841
BGL:TRADES:2Y,2026-05-06,1.54,1.555,1.505,1.555,5782252.0,1.5366,5623
BGL:TRADES:2Y,2026-05-07,1.62,1.63,1.57,1.585,8660849.0,1.5917,6606
BGL:TRADES:2Y,2026-05-08,1.565,1.585,1.545,1.58,4749544.0,1.5655,4828
BGL:TRADES:2Y,2026-05-11,1.57,1.625,1.555,1.605,5142229.0,1.6081,5590
BGL:TRADES:2Y,2026-05-12,1.66,1.71,1.66,1.685,4864038.0,1.6826,3868
BGL:TRADES:2Y,2026-05-13,1.69,1.73,1.657,1.675,5859200.0,1.6837,6861
BGL:TRADES:2Y,2026-05-14,1.675,1.675,1.61,1.635,3766583.0,1.6345,2771
BGL:TRADES:2Y,2026-05-15,1.63,1.663,1.59,1.6,6242289.0,1.6106,6597
BGL:TRADES:2Y,2026-05-18,1.55,1.56,1.49,1.51,4448139.0,1.5137,5106
BGL:TRADES:2Y,2026-05-19,1.54,1.575,1.525,1.54,2759324.0,1.5442,4959
BGL:TRADES:2Y,2026-05-20,1.515,1.53,1.44,1.44,5067032.0,1.4573,7375
BGL:TRADES:2Y,2026-05-21,1.51,1.515,1.48,1.485,5520047.0,1.4905,8588
BGL:TRADES:2Y,2026-05-22,1.5,1.535,1.495,1.53,5450382.0,1.5222,5273
BGL:TRADES:2Y,2026-05-25,1.545,1.61,1.545,1.6,3993316.0,1.5908,5265
BGL:TRADES:2Y,2026-05-26,1.605,1.615,1.58,1.59,3842406.0,1.5956,4883
BGL:TRADES:2Y,2026-05-27,1.62,1.625,1.57,1.58,4269608.0,1.5918,4957
BGL:TRADES:2Y,2026-05-28,1.545,1.56,1.45,1.465,6265331.0,1.4984,7132
BGL:TRADES:2Y,2026-05-29,1.53,1.565,1.502,1.52,7571877.0,1.5249,3610
BGL:TRADES:2Y,2026-06-01,1.53,1.57,1.515,1.53,4262293.0,1.541,4806
BGL:TRADES:2Y,2026-06-02,1.51,1.545,1.49,1.535,2343530.0,1.52,4142
BGL:TRADES:2Y,2026-06-03,1.515,1.54,1.5,1.51,3314204.0,1.5184,4968
BGL:TRADES:2Y,2026-06-04,1.49,1.495,1.46,1.465,2901679.0,1.4709,4041
BGL:TRADES:2Y,2026-06-05,1.47,1.47,1.385,1.385,5844944.0,1.4029,6121
BGL:TRADES:2Y,2026-06-09,1.335,1.337,1.298,1.335,5898101.0,1.3245,8575
BGL:TRADES:2Y,2026-06-10,1.3,1.305,1.23,1.25,8678919.0,1.2571,9221
BGL:TRADES:2Y,2026-06-11,1.18,1.235,1.16,1.225,7845469.0,1.2045,6667
BGL:TRADES:2Y,2026-06-12,1.32,1.365,1.308,1.34,5370657.0,1.335,5950
BGL:TRADES:2Y,2026-06-15,1.41,1.53,1.395,1.525,7754458.0,1.4821,6583
BGL:TRADES:2Y,2026-06-16,1.505,1.59,1.5,1.56,5853481.0,1.5583,7892
BGL:TRADES:2Y,2026-06-17,1.56,1.64,1.56,1.625,5250891.0,1.6142,8356
BGL:TRADES:2Y,2026-06-18,1.605,1.61,1.535,1.56,6580224.0,1.5649,5803
BGL:TRADES:2Y,2026-06-19,1.47,1.515,1.455,1.47,7764344.0,1.4797,6226
BGL:TRADES:2Y,2026-06-22,1.46,1.505,1.45,1.475,2977495.0,1.4742,3795
BGL:TRADES:2Y,2026-06-23,1.46,1.46,1.405,1.405,2572890.0,1.4279,3285
BGL:TRADES:2Y,2026-06-24,1.38,1.395,1.315,1.33,4755965.0,1.3466,3742
BGL:TRADES:2Y,2026-06-25,1.315,1.32,1.278,1.305,3660384.0,1.298,4456
BGL:TRADES:2Y,2026-06-26,1.32,1.33,1.245,1.285,5259854.0,1.2864,4637
BGL:TRADES:2Y,2026-06-29,1.335,1.335,1.25,1.258,5223689.0,1.2709,4428
BGL:TRADES:2Y,2026-06-30,1.25,1.25,1.202,1.218,5238905.0,1.2268,4691
BGL:TRADES:2Y,2026-07-01,1.22,1.23,1.19,1.205,3991223.0,1.2058,4591
BGL:TRADES:2Y,2026-07-02,1.235,1.29,1.21,1.265,6218533.0,1.2452,4312
BGL:TRADES:2Y,2026-07-03,1.33,1.365,1.31,1.34,6619870.0,1.3378,4450
BGL:TRADES:2Y,2026-07-06,1.35,1.39,1.33,1.37,6231835.0,1.3675,4960
BGL:TRADES:2Y,2026-07-07,1.42,1.42,1.325,1.327,7368558.0,1.3695,5814
BGL:TRADES:2Y,2026-07-08,1.3,1.32,1.255,1.315,10240504.0,1.2998,5680
BGL:TRADES:2Y,2026-07-09,1.27,1.295,1.255,1.29,2761859.0,1.2791,4160
BGL:TRADES:2Y,2026-07-10,1.305,1.327,1.3,1.313,2872032.0,1.3073,2985
BGL:TRADES:2Y,2026-07-13,1.285,1.305,1.265,1.28,2686516.0,1.2861,2685
BGL:TRADES:2Y,2026-07-14,1.265,1.33,1.245,1.325,3754271.0,1.3021,3576
BGL:TRADES:2Y,2026-07-15,1.33,1.345,1.28,1.28,3965871.0,1.3083,3267
BGL:TRADES:2Y,2026-07-16,1.28,1.28,1.255,1.265,2361913.0,1.2625,3043
BGL:TRADES:2Y,2026-07-17,1.215,1.215,1.183,1.19,5105429.0,1.1957,4659
BGL:TRADES:2Y,2026-07-20,1.185,1.208,1.16,1.195,2466390.0,1.1905,3048
BGL:TRADES:2Y,2026-07-21,1.205,1.265,1.19,1.255,3500455.0,1.2321,3642
BGL:TRADES:2Y,2026-07-22,1.3,1.34,1.3,1.33,4943614.0,1.3235,4093
BGL:TRADES:2Y,2026-07-23,1.34,1.36,1.325,1.33,2640937.0,1.3374,3718
BGL:TRADES:2Y,2026-07-24,1.3,1.31,1.26,1.275,2665264.0,1.2849,3430
BGL:TRADES:2Y,2026-07-27,1.315,1.39,1.31,1.385,5291728.0,1.3652,4409
BGL:TRADES:2Y,2026-07-28,1.36,1.37,1.33,1.35,3674478.0,1.3485,3468
BGL:TRADES:2Y,2026-07-29,1.35,1.35,1.26,1.275,5882226.0,1.2888,5503
BGL:TRADES:2Y,2026-07-30,1.27,1.27,1.21,1.215,5288398.0,1.2378,4550
BGL:TRADES:2Y,2026-07-31,1.255,1.278,1.25,1.255,4264536.0,1.2654,3006
BGL:TRADES:2Y,2026-08-03,1.25,1.285,1.25,1.265,3073010.0,1.2684,3500
BGL:TRADES:2Y,2026-08-04,1.275,1.305,1.25,1.295,2955463.0,1.2791,2534
BGL:TRADES:2Y,2026-08-05,1.315,1.41,1.305,1.405,5679903.0,1.3633,5990
BGL:TRADES:2Y,2026-08-06,1.465,1.495,1.445,1.46,6696367.0,1.4712,6304
BGL:TRADES:2Y,2026-08-07,1.45,1.53,1.445,1.515,6109907.0,1.5021,4973
BGL:TRADES:2Y,2026-08-10,1.555,1.565,1.512,1.555,6249570.0,1.5385,5061
BGL:TRADES:2Y,2026-08-11,1.54,1.605,1.54,1.545,6040218.0,1.577,4627
BGL:TRADES:2Y,2026-08-12,1.565,1.575,1.535,1.55,3816187.0,1.5508,5635
BGL:TRADES:2Y,2026-08-13,1.53,1.565,1.515,1.52,4087778.0,1.535,5425
BGL:TRADES:2Y,2026-08-14,1.47,1.508,1.46,1.485,4059127.0,1.4878,5864
BGL:TRADES:2Y,2026-08-17,1.53,1.57,1.52,1.55,3327481.0,1.5528,4495
BGL:TRADES:2Y,2026-08-18,1.555,1.57,1.525,1.528,2501071.0,1.5417,4295
BGL:TRADES:2Y,2026-08-19,1.475,1.54,1.465,1.52,2732188.0,1.5214,4998
BGL:TRADES:2Y,2026-08-20,1.605,1.643,1.605,1.625,4916198.0,1.6256,5160
BGL:TRADES:2Y,2026-08-21,1.65,1.677,1.615,1.67,4744903.0,1.6561,4587
BGL:TRADES:2Y,2026-08-24,1.705,1.72,1.665,1.7,6351049.0,1.6945,7134
BGL:BID_ASK:3M,2026-05-27,1.5974,1.63,1.57,1.5939,-1.0,-1.0,-1
BGL:BID_ASK:3M,2026-05-28,1.509,1.565,1.45,1.5059,-1.0,-1.0,-1
BGL:BID_ASK:3M,2026-05-29,1.5343,1.57,1.5,1.5306,-1.0,-1.0,-1
BGL:BID_ASK:3M,2026-06-01,1.5465,1.575,1.51,1.5436,-1.0,-1.0,-1
BGL:BID_ASK:3M,2026-06-02,1.5146,1.545,1.49,1.5119,-1.0,-1.0,-1
BGL:BID_ASK:3M,2026-06-03,1.5281,1.54,1.5,1.5264,-1.0,-1.0,-1
BGL:BID_ASK:3M,2026-06-04,1.4768,1.5,1.455,1.4746,-1.0,-1.0,-1
BGL:BID_ASK:3M,2026-06-05,1.4129,1.48,1.385,1.4092,-1.0,-1.0,-1
BGL:BID_ASK:3M,2026-06-09,1.323,1.34,1.295,1.3203,-1.0,-1.0,-1
BGL:BID_ASK:3M,2026-06-10,1.2558,1.305,1.23,1.2546,-1.0,-1.0,-1
BGL:BID_ASK:3M,2026-06-11,1.2099,1.235,1.155,1.2148,-1.0,-1.0,-1
BGL:BID_ASK:3M,2026-06-12,1.3281,1.365,1.3,1.333,-1.0,-1.0,-1
BGL:BID_ASK:3M,2026-06-15,1.4874,1.53,1.395,1.4924,-1.0,-1.0,-1
BGL:BID_ASK:3M,2026-06-16,1.5579,1.59,1.495,1.5629,-1.0,-1.0,-1
BGL:BID_ASK:3M,2026-06-17,1.6161,1.64,1.55,1.6211,-1.0,-1.0,-1
BGL:BID_ASK:3M,2026-06-18,1.5572,1.61,1.535,1.562,-1.0,-1.0,-1
BGL:BID_ASK:3M,2026-06-19,1.4826,1.515,1.45,1.4877,-1.0,-1.0,-1
BGL:BID_ASK:3M,2026-06-22,1.4701,1.505,1.45,1.4751,-1.0,-1.0,-1
BGL:BID_ASK:3M,2026-06-23,1.4258,1.48,1.4,1.4311,-1.0,-1.0,-1
BGL:BID_ASK:3M,2026-06-24,1.355,1.4,1.315,1.3602,-1.0,-1.0,-1
BGL:BID_ASK:3M,2026-06-25,1.2925,1.32,1.275,1.2975,-1.0,-1.0,-1
BGL:BID_ASK:3M,2026-06-26,1.281,1.335,1.245,1.2861,-1.0,-1.0,-1
BGL:BID_ASK:3M,2026-06-29,1.2718,1.34,1.25,1.2767,-1.0,-1.0,-1
BGL:BID_ASK:3M,2026-06-30,1.2196,1.255,1.2,1.2247,-1.0,-1.0,-1
BGL:BID_ASK:3M,2026-07-01,1.2,1.23,1.19,1.205,-1.0,-1.0,-1
BGL:BID_ASK:3M,2026-07-02,1.2343,1.29,1.21,1.2393,-1.0,-1.0,-1
BGL:BID_ASK:3M,2026-07-03,1.3377,1.365,1.31,1.3427,-1.0,-1.0,-1
BGL:BID_ASK:3M,2026-07-06,1.3661,1.39,1.325,1.3711,-1.0,-1.0,-1
BGL:BID_ASK:3M,2026-07-07,1.3525,1.42,1.325,1.3575,-1.0,-1.0,-1
BGL:BID_ASK:3M,2026-07-08,1.2972,1.32,1.255,1.3024,-1.0,-1.0,-1
BGL:BID_ASK:3M,2026-07-09,1.2767,1.295,1.255,1.2817,-1.0,-1.0,-1
BGL:BID_ASK:3M,2026-07-10,1.3056,1.33,1.3,1.3106,-1.0,-1.0,-1
BGL:BID_ASK:3M,2026-07-13,1.285,1.305,1.26,1.29,-1.0,-1.0,-1
BGL:BID_ASK:3M,2026-07-14,1.2965,1.33,1.245,1.3014,-1.0,-1.0,-1
BGL:BID_ASK:3M,2026-07-15,1.3095,1.345,1.28,1.3145,-1.0,-1.0,-1
BGL:BID_ASK:3M,2026-07-16,1.2602,1.29,1.25,1.2652,-1.0,-1.0,-1
BGL:BID_ASK:3M,2026-07-17,1.192,1.215,1.18,1.197,-1.0,-1.0,-1
BGL:BID_ASK:3M,2026-07-20,1.1922,1.21,1.16,1.1972,-1.0,-1.0,-1
BGL:BID_ASK:3M,2026-07-21,1.219,1.265,1.18,1.2239,-1.0,-1.0,-1
BGL:BID_ASK:3M,2026-07-22,1.3227,1.34,1.3,1.3277,-1.0,-1.0,-1
BGL:BID_ASK:3M,2026-07-23,1.3328,1.36,1.325,1.3379,-1.0,-1.0,-1
BGL:BID_ASK:3M,2026-07-24,1.277,1.31,1.26,1.2821,-1.0,-1.0,-1
BGL:BID_ASK:3M,2026-07-27,1.3647,1.39,1.305,1.3698,-1.0,-1.0,-1
BGL:BID_ASK:3M,2026-07-28,1.3459,1.375,1.33,1.3511,-1.0,-1.0,-1
BGL:BID_ASK:3M,2026-07-29,1.2811,1.355,1.26,1.2862,-1.0,-1.0,-1
BGL:BID_ASK:3M,2026-07-30,1.2336,1.285,1.21,1.2386,-1.0,-1.0,-1
BGL:BID_ASK:3M,2026-07-31,1.2644,1.28,1.25,1.2695,-1.0,-1.0,-1
BGL:BID_ASK:3M,2026-08-03,1.2659,1.285,1.245,1.2707,-1.0,-1.0,-1
BGL:BID_ASK:3M,2026-08-04,1.2799,1.305,1.25,1.285,-1.0,-1.0,-1
BGL:BID_ASK:3M,2026-08-05,1.3555,1.41,1.305,1.3605,-1.0,-1.0,-1
BGL:BID_ASK:3M,2026-08-06,1.4645,1.495,1.445,1.4696,-1.0,-1.0,-1
BGL:BID_ASK:3M,2026-08-07,1.5059,1.53,1.445,1.511,-1.0,-1.0,-1
BGL:BID_ASK:3M,2026-08-10,1.5344,1.57,1.51,1.5393,-1.0,-1.0,-1
BGL:BID_ASK:3M,2026-08-11,1.5768,1.61,1.535,1.5815,-1.0,-1.0,-1
BGL:BID_ASK:3M,2026-08-12,1.5498,1.575,1.535,1.5548,-1.0,-1.0,-1
BGL:BID_ASK:3M,2026-08-13,1.5334,1.565,1.515,1.5384,-1.0,-1.0,-1
BGL:BID_ASK:3M,2026-08-14,1.4877,1.51,1.46,1.4929,-1.0,-1.0,-1
BGL:BID_ASK:3M,2026-08-17,1.5502,1.575,1.52,1.5552,-1.0,-1.0,-1
BGL:BID_ASK:3M,2026-08-18,1.5381,1.57,1.525,1.543,-1.0,-1.0,-1
BGL:BID_ASK:3M,2026-08-19,1.5202,1.545,1.46,1.5253,-1.0,-1.0,-1
BGL:BID_ASK:3M,2026-08-20,1.6254,1.645,1.6,1.6304,-1.0,-1.0,-1
BGL:BID_ASK:3M,2026-08-21,1.6537,1.68,1.615,1.6586,-1.0,-1.0,-1
BGL:BID_ASK:3M,2026-08-24,1.691,1.72,1.665,1.6962,-1.0,-1.0,-1
OBM:TRADES:2Y,2024-08-26,0.54,0.55,0.527,0.54,6113539.0,0.5386,902
OBM:TRADES:2Y,2024-08-27,0.55,0.56,0.535,0.555,4028925.0,0.5478,663
OBM:TRADES:2Y,2024-08-28,0.555,0.573,0.555,0.565,2494851.0,0.5646,714
OBM:TRADES:2Y,2024-08-29,0.56,0.58,0.55,0.58,4058943.0,0.5649,987
OBM:TRADES:2Y,2024-08-30,0.58,0.585,0.565,0.58,8715856.0,0.5779,879
OBM:TRADES:2Y,2024-09-02,0.58,0.585,0.55,0.56,4691003.0,0.5611,951
OBM:TRADES:2Y,2024-09-03,0.57,0.595,0.56,0.58,6097444.0,0.5832,751
OBM:TRADES:2Y,2024-09-04,0.565,0.575,0.545,0.565,8379443.0,0.5601,1669
OBM:TRADES:2Y,2024-09-05,0.575,0.595,0.522,0.54,6195487.0,0.5575,1623
OBM:TRADES:2Y,2024-09-06,0.54,0.573,0.535,0.57,6273549.0,0.5559,1200
OBM:TRADES:2Y,2024-09-09,0.565,0.588,0.557,0.585,8077996.0,0.5776,1499
OBM:TRADES:2Y,2024-09-10,0.585,0.59,0.57,0.575,6348511.0,0.5812,1072
OBM:TRADES:2Y,2024-09-11,0.58,0.58,0.56,0.565,1277497.0,0.5691,678
OBM:TRADES:2Y,2024-09-12,0.58,0.58,0.56,0.57,2805997.0,0.5739,588
OBM:TRADES:2Y,2024-09-13,0.59,0.595,0.575,0.59,6067706.0,0.5853,991
OBM:TRADES:2Y,2024-09-16,0.6,0.615,0.585,0.6,6377516.0,0.5998,1102
OBM:TRADES:2Y,2024-09-17,0.59,0.595,0.57,0.575,2925721.0,0.5807,1098
OBM:TRADES:2Y,2024-09-18,0.57,0.6,0.57,0.6,2614623.0,0.5853,868
OBM:TRADES:2Y,2024-09-19,0.595,0.635,0.59,0.635,4071510.0,0.6147,1171
OBM:TRADES:2Y,2024-09-20,0.64,0.645,0.62,0.63,5256054.0,0.631,1328
OBM:TRADES:2Y,2024-09-23,0.64,0.69,0.64,0.69,4960985.0,0.6633,1402
OBM:TRADES:2Y,2024-09-24,0.685,0.69,0.655,0.67,5078584.0,0.6678,1207
OBM:TRADES:2Y,2024-09-25,0.685,0.69,0.68,0.685,2480765.0,0.6864,638
OBM:TRADES:2Y,2024-09-26,0.68,0.69,0.662,0.69,4785146.0,0.6779,1707
OBM:TRADES:2Y,2024-09-27,0.695,0.698,0.64,0.645,4813424.0,0.668,2063
OBM:TRADES:2Y,2024-09-30,0.645,0.65,0.618,0.625,7468310.0,0.6322,2059
OBM:TRADES:2Y,2024-10-01,0.62,0.635,0.605,0.605,7181976.0,0.6134,2081
OBM:TRADES:2Y,2024-10-02,0.635,0.635,0.613,0.615,3523412.0,0.6226,1975
OBM:TRADES:2Y,2024-10-03,0.605,0.625,0.593,0.62,3694275.0,0.6063,2305
OBM:TRADES:2Y,2024-10-04,0.615,0.645,0.61,0.63,2238861.0,0.6259,2064
OBM:TRADES:2Y,2024-10-07,0.625,0.635,0.61,0.615,1726892.0,0.6198,1013
OBM:TRADES:2Y,2024-10-08,0.615,0.625,0.6,0.625,2227345.0,0.6109,1348
OBM:TRADES:2Y,2024-10-09,0.605,0.627,0.605,0.605,2629192.0,0.6151,794
OBM:TRADES:2Y,2024-10-10,0.605,0.615,0.595,0.615,1871157.0,0.6073,1122
OBM:TRADES:2Y,2024-10-11,0.62,0.635,0.61,0.63,6011587.0,0.6213,2447
OBM:TRADES:2Y,2024-10-14,0.63,0.67,0.627,0.67,5076743.0,0.6557,1858
OBM:TRADES:2Y,2024-10-15,0.66,0.685,0.66,0.665,3034912.0,0.6704,1304
OBM:TRADES:2Y,2024-10-16,0.665,0.68,0.657,0.67,4467270.0,0.6703,1761
OBM:TRADES:2Y,2024-10-17,0.695,0.77,0.695,0.76,8913572.0,0.7308,2685
OBM:TRADES:2Y,2024-10-18,0.75,0.818,0.735,0.805,9710839.0,0.7774,2388
OBM:TRADES:2Y,2024-10-21,0.825,0.875,0.8,0.855,11352187.0,0.847,3209
OBM:TRADES:2Y,2024-10-22,0.85,0.87,0.82,0.86,10994154.0,0.8526,3938
OBM:TRADES:2Y,2024-10-23,0.87,0.907,0.86,0.89,9719943.0,0.888,4986
OBM:TRADES:2Y,2024-10-24,0.88,0.915,0.875,0.915,7469635.0,0.8973,3831
OBM:TRADES:2Y,2024-10-25,0.915,0.93,0.89,0.925,9171528.0,0.9126,4935
OBM:TRADES:2Y,2024-10-28,0.925,0.93,0.9,0.92,4902738.0,0.9155,3339
OBM:TRADES:2Y,2024-10-29,0.915,0.94,0.91,0.93,3670831.0,0.925,2051
OBM:TRADES:2Y,2024-10-30,0.95,0.963,0.935,0.955,7907838.0,0.9479,2613
OBM:TRADES:2Y,2024-10-31,0.94,0.94,0.89,0.935,6505735.0,0.9206,2235
OBM:TRADES:2Y,2024-11-01,0.92,0.945,0.915,0.925,6539142.0,0.9266,2878
OBM:TRADES:2Y,2024-11-04,0.935,0.935,0.855,0.89,10150214.0,0.8832,3761
OBM:TRADES:2Y,2024-11-05,0.88,0.89,0.86,0.86,7146568.0,0.8761,2611
OBM:TRADES:2Y,2024-11-06,0.88,0.907,0.865,0.865,8407381.0,0.8857,2565
OBM:TRADES:2Y,2024-11-07,0.815,0.83,0.787,0.81,14105165.0,0.809,5089
OBM:TRADES:2Y,2024-11-08,0.85,0.855,0.82,0.845,9023442.0,0.8419,3735
OBM:TRADES:2Y,2024-11-11,0.84,0.845,0.805,0.805,5997044.0,0.8238,2057
OBM:TRADES:2Y,2024-11-12,0.77,0.775,0.715,0.74,9063307.0,0.7408,3211
OBM:TRADES:2Y,2024-11-13,0.75,0.79,0.74,0.785,4213154.0,0.7689,2835
OBM:TRADES:2Y,2024-11-14,0.77,0.775,0.735,0.76,5734137.0,0.7556,2951
OBM:TRADES:2Y,2024-11-15,0.725,0.762,0.695,0.71,8343122.0,0.7178,2277
OBM:TRADES:2Y,2024-11-18,0.7,0.74,0.69,0.725,8993591.0,0.7197,3192
OBM:TRADES:2Y,2024-11-19,0.74,0.775,0.74,0.765,6408109.0,0.7594,2612
OBM:TRADES:2Y,2024-11-20,0.79,0.79,0.745,0.75,6803086.0,0.7592,3315
OBM:TRADES:2Y,2024-11-21,0.77,0.79,0.745,0.75,7270180.0,0.7635,2409
OBM:TRADES:2Y,2024-11-22,0.77,0.782,0.74,0.745,8956811.0,0.7597,2931
OBM:TRADES:2Y,2024-11-25,0.765,0.775,0.695,0.715,54573447.0,0.7179,3692
OBM:TRADES:2Y,2024-11-26,0.685,0.705,0.662,0.665,5890469.0,0.6785,2041
OBM:TRADES:2Y,2024-11-27,0.68,0.715,0.67,0.7,9261118.0,0.6955,2628
OBM:TRADES:2Y,2024-11-28,0.7,0.715,0.69,0.7,3811790.0,0.7002,2150
OBM:TRADES:2Y,2024-11-29,0.68,0.725,0.68,0.725,4278789.0,0.7144,1502
OBM:TRADES:2Y,2024-12-02,0.72,0.735,0.675,0.68,5797233.0,0.697,2140
OBM:TRADES:2Y,2024-12-03,0.69,0.695,0.67,0.67,2486386.0,0.6768,1461
OBM:TRADES:2Y,2024-12-04,0.655,0.68,0.655,0.665,2912068.0,0.6669,1909
OBM:TRADES:2Y,2024-12-05,0.66,0.7,0.66,0.7,3393778.0,0.6905,2318
OBM:TRADES:2Y,2024-12-06,0.68,0.7,0.665,0.675,6790113.0,0.6818,2190
OBM:TRADES:2Y,2024-12-09,0.675,0.68,0.655,0.66,3878688.0,0.665,1954
OBM:TRADES:2Y,2024-12-10,0.655,0.665,0.62,0.64,6557806.0,0.6417,1699
OBM:TRADES:2Y,2024-12-11,0.645,0.71,0.645,0.71,10737383.0,0.6892,2655
OBM:TRADES:2Y,2024-12-12,0.72,0.743,0.7,0.715,12858396.0,0.7196,3224
OBM:TRADES:2Y,2024-12-13,0.695,0.695,0.66,0.675,5077653.0,0.6802,2442
OBM:TRADES:2Y,2024-12-16,0.665,0.67,0.637,0.65,6783179.0,0.6534,1925
OBM:TRADES:2Y,2024-12-17,0.66,0.67,0.645,0.645,3538868.0,0.6525,1788
OBM:TRADES:2Y,2024-12-18,0.635,0.667,0.635,0.645,5123778.0,0.6532,2817
OBM:TRADES:2Y,2024-12-19,0.63,0.665,0.6,0.645,11890862.0,0.6424,3810
OBM:TRADES:2Y,2024-12-20,0.665,0.665,0.645,0.65,10882950.0,0.6509,2174
OBM:TRADES:2Y,2024-12-23,0.65,0.69,0.65,0.68,4645900.0,0.6762,2447
OBM:TRADES:2Y,2024-12-24,0.675,0.675,0.637,0.655,4499322.0,0.6493,1912
OBM:TRADES:2Y,2024-12-27,0.665,0.7,0.665,0.68,3666196.0,0.6797,2100
OBM:TRADES:2Y,2024-12-30,0.67,0.695,0.67,0.68,3638156.0,0.684,2444
OBM:TRADES:2Y,2024-12-31,0.665,0.675,0.65,0.65,4900079.0,0.6625,1414
OBM:TRADES:2Y,2025-01-02,0.65,0.675,0.642,0.66,4232591.0,0.658,1593
OBM:TRADES:2Y,2025-01-03,0.68,0.685,0.657,0.66,4932061.0,0.6724,1582
OBM:TRADES:2Y,2025-01-06,0.655,0.667,0.63,0.63,3957043.0,0.6443,1972
OBM:TRADES:2Y,2025-01-07,0.62,0.645,0.615,0.63,4125855.0,0.6331,1634
OBM:TRADES:2Y,2025-01-08,0.63,0.67,0.63,0.66,3240554.0,0.6543,1679
OBM:TRADES:2Y,2025-01-09,0.68,0.725,0.68,0.715,5219566.0,0.707,2308
OBM:TRADES:2Y,2025-01-10,0.725,0.755,0.725,0.75,3486567.0,0.7412,1809
OBM:TRADES:2Y,2025-01-13,0.745,0.76,0.71,0.745,4006819.0,0.741,1926
OBM:TRADES:2Y,2025-01-14,0.74,0.77,0.73,0.755,3701217.0,0.7563,1788
OBM:TRADES:2Y,2025-01-15,0.77,0.795,0.76,0.77,2882686.0,0.7735,1657
OBM:TRADES:2Y,2025-01-16,0.755,0.77,0.73,0.77,5864162.0,0.7535,2484
OBM:TRADES:2Y,2025-01-17,0.78,0.78,0.725,0.73,4081102.0,0.7428,2670
OBM:TRADES:2Y,2025-01-20,0.725,0.733,0.698,0.71,3850860.0,0.7092,1663
OBM:TRADES:2Y,2025-01-21,0.71,0.73,0.705,0.72,2403207.0,0.7201,1854
OBM:TRADES:2Y,2025-01-22,0.74,0.745,0.72,0.74,5078140.0,0.7309,2283
OBM:TRADES:2Y,2025-01-23,0.75,0.76,0.728,0.75,4576476.0,0.7463,2732
OBM:TRADES:2Y,2025-01-24,0.74,0.76,0.72,0.76,3703856.0,0.7463,2299
OBM:TRADES:2Y,2025-01-28,0.73,0.75,0.708,0.73,4633617.0,0.7248,1872
OBM:TRADES:2Y,2025-01-29,0.75,0.8,0.75,0.795,4569227.0,0.7845,1829
OBM:TRADES:2Y,2025-01-30,0.81,0.81,0.78,0.79,2581335.0,0.7934,1500
OBM:TRADES:2Y,2025-01-31,0.82,0.835,0.82,0.83,3887589.0,0.8268,1681
OBM:TRADES:2Y,2025-02-03,0.82,0.83,0.805,0.82,2917624.0,0.8165,1278
OBM:TRADES:2Y,2025-02-04,0.825,0.868,0.82,0.86,4234123.0,0.8532,1866
OBM:TRADES:2Y,2025-02-05,0.87,0.887,0.865,0.875,3344045.0,0.8754,1740
OBM:TRADES:2Y,2025-02-06,0.875,0.895,0.87,0.895,3802847.0,0.8853,1664
OBM:TRADES:2Y,2025-02-07,0.885,0.895,0.877,0.89,2180385.0,0.8856,824
OBM:TRADES:2Y,2025-02-10,0.885,0.9,0.87,0.87,4545530.0,0.8856,1276
OBM:TRADES:2Y,2025-02-11,0.9,0.92,0.887,0.915,4492848.0,0.905,1273
OBM:TRADES:2Y,2025-02-12,0.9,0.945,0.9,0.925,5739401.0,0.9257,2452
OBM:TRADES:2Y,2025-02-13,0.945,0.98,0.945,0.95,5226482.0,0.9587,2363
OBM:TRADES:2Y,2025-02-14,0.95,1.0,0.94,1.0,6131341.0,0.9858,1949
OBM:TRADES:2Y,2025-02-17,0.99,1.01,0.948,0.965,5570336.0,0.9803,1776
OBM:TRADES:2Y,2025-02-18,0.97,0.97,0.943,0.955,2693852.0,0.955,1495
OBM:TRADES:2Y,2025-02-19,0.96,0.988,0.955,0.96,3309365.0,0.9689,1308
OBM:TRADES:2Y,2025-02-20,0.98,0.98,0.943,0.96,4135358.0,0.9616,1631
OBM:TRADES:2Y,2025-02-21,0.97,0.97,0.935,0.94,3197200.0,0.9511,1057
OBM:TRADES:2Y,2025-02-24,0.915,0.925,0.885,0.92,4422534.0,0.9034,1961
OBM:TRADES:2Y,2025-02-25,0.92,0.935,0.905,0.915,2698095.0,0.9221,1336
OBM:TRADES:2Y,2025-02-26,0.91,0.92,0.875,0.905,2324619.0,0.8998,1218
OBM:TRADES:2Y,2025-02-27,0.9,0.965,0.9,0.925,3499753.0,0.9412,1787
OBM:TRADES:2Y,2025-02-28,0.915,0.945,0.897,0.925,7068731.0,0.9244,1944
OBM:TRADES:2Y,2025-03-03,0.925,0.955,0.9,0.92,4345559.0,0.928,2168
OBM:TRADES:2Y,2025-03-04,0.925,0.94,0.895,0.92,3745971.0,0.9108,2848
OBM:TRADES:2Y,2025-03-05,0.925,0.965,0.922,0.965,2672359.0,0.9468,1998
OBM:TRADES:2Y,2025-03-06,0.975,1.005,0.965,0.98,9451040.0,0.9848,2887
OBM:TRADES:2Y,2025-03-07,0.975,0.995,0.96,0.995,4726732.0,0.9831,2805
OBM:TRADES:2Y,2025-03-10,0.98,1.045,0.978,1.045,8539624.0,1.0069,2922
OBM:TRADES:2Y,2025-03-11,1.015,1.035,0.895,0.93,13599185.0,0.9436,4615
OBM:TRADES:2Y,2025-03-12,0.95,0.98,0.932,0.955,6122283.0,0.952,2561
OBM:TRADES:2Y,2025-03-13,0.98,1.075,0.975,1.05,13520817.0,1.0287,4167
OBM:TRADES:2Y,2025-03-14,1.085,1.12,1.06,1.1,14265715.0,1.0853,4222
OBM:TRADES:2Y,2025-03-17,1.13,1.165,1.095,1.115,14864287.0,1.1336,4845
OBM:TRADES:2Y,2025-03-18,1.11,1.135,1.07,1.13,12025222.0,1.1083,5720
OBM:TRADES:2Y,2025-03-19,1.15,1.15,1.055,1.085,10832615.0,1.0893,6288
OBM:TRADES:2Y,2025-03-20,1.095,1.123,1.06,1.115,8322581.0,1.1033,5175
OBM:TRADES:2Y,2025-03-21,1.12,1.125,1.0,1.04,79146589.0,1.0428,8635
OBM:TRADES:2Y,2025-03-24,1.03,1.035,0.985,0.985,5197240.0,1.0095,3773
OBM:TRADES:2Y,2025-03-25,0.995,1.04,0.995,1.025,4886206.0,1.0237,2494
OBM:TRADES:2Y,2025-03-26,1.025,1.06,1.02,1.055,5800599.0,1.0475,3386
OBM:TRADES:2Y,2025-03-27,1.04,1.07,1.03,1.055,2824999.0,1.0506,1635
OBM:TRADES:2Y,2025-03-28,1.075,1.13,1.07,1.13,5703280.0,1.1133,2970
OBM:TRADES:2Y,2025-03-31,1.13,1.135,1.08,1.09,5662602.0,1.0931,2872
OBM:TRADES:2Y,2025-04-01,1.1,1.115,1.04,1.06,4843564.0,1.0623,3387
OBM:TRADES:2Y,2025-04-02,1.065,1.08,1.035,1.045,5622013.0,1.0496,2758
OBM:TRADES:2Y,2025-04-03,1.055,1.083,1.038,1.07,5085909.0,1.0661,2806
OBM:TRADES:2Y,2025-04-04,1.05,1.083,1.02,1.025,7359091.0,1.0467,2445
OBM:TRADES:2Y,2025-04-07,0.945,0.955,0.875,0.945,12236489.0,0.9164,4943
OBM:TRADES:2Y,2025-04-08,0.94,1.005,0.94,1.005,5366461.0,0.9853,3753
OBM:TRADES:2Y,2025-04-09,1.0,1.01,0.96,0.98,4306632.0,0.9935,3412
OBM:TRADES:2Y,2025-04-10,1.075,1.08,1.04,1.08,6464724.0,1.0641,4090
OBM:TRADES:2Y,2025-04-11,1.1,1.245,1.095,1.24,11326792.0,1.1745,5934
OBM:TRADES:2Y,2025-04-14,1.26,1.278,1.202,1.215,7990160.0,1.2312,3999
OBM:TRADES:2Y,2025-04-15,1.2,1.2,1.115,1.125,6017125.0,1.1399,3449
OBM:TRADES:2Y,2025-04-16,1.155,1.19,1.14,1.155,8977576.0,1.1656,4618
OBM:TRADES:2Y,2025-04-17,1.175,1.205,1.135,1.16,5544995.0,1.1636,4178
OBM:TRADES:2Y,2025-04-22,1.175,1.212,1.15,1.195,5132852.0,1.1874,3706
OBM:TRADES:2Y,2025-04-23,1.075,1.075,0.998,1.01,17331908.0,1.0221,6518
OBM:TRADES:2Y,2025-04-24,1.025,1.065,1.02,1.06,8643054.0,1.0504,4395
OBM:TRADES:2Y,2025-04-28,1.05,1.073,0.99,1.02,7441036.0,1.018,4610
OBM:TRADES:2Y,2025-04-29,1.05,1.075,1.03,1.06,5280960.0,1.0569,3107
OBM:TRADES:2Y,2025-04-30,1.02,1.035,0.975,0.995,11135795.0,0.9969,4899
OBM:TRADES:2Y,2025-05-01,1.015,1.035,1.002,1.025,6996226.0,1.0177,3574
OBM:TRADES:2Y,2025-05-02,1.02,1.035,0.99,1.03,4663694.0,1.0186,3660
OBM:TRADES:2Y,2025-05-05,1.015,1.03,0.998,1.005,3327337.0,1.0083,2434
OBM:TRADES:2Y,2025-05-06,1.055,1.09,1.05,1.07,5392090.0,1.069,2380
OBM:TRADES:2Y,2025-05-07,1.085,1.125,1.08,1.11,11432942.0,1.1034,8022
OBM:TRADES:2Y,2025-05-08,1.11,1.19,1.095,1.17,6220934.0,1.1637,3626
OBM:TRADES:2Y,2025-05-09,1.14,1.14,1.085,1.105,6030991.0,1.1057,4094
OBM:TRADES:2Y,2025-05-12,1.11,1.113,1.04,1.05,4619766.0,1.0647,3218
OBM:TRADES:2Y,2025-05-13,0.99,0.99,0.935,0.965,16396305.0,0.9578,7417
OBM:TRADES:2Y,2025-05-14,0.965,0.995,0.96,0.98,4347174.0,0.9818,2645
OBM:TRADES:2Y,2025-05-15,0.95,0.963,0.93,0.945,3759793.0,0.9455,2564
OBM:TRADES:2Y,2025-05-16,1.015,1.02,0.97,0.98,4198037.0,0.9849,3517
OBM:TRADES:2Y,2025-05-19,0.995,1.01,0.98,1.01,5058137.0,0.9982,3142
OBM:TRADES:2Y,2025-05-20,1.02,1.035,0.98,0.985,3443975.0,0.999,3040
OBM:TRADES:2Y,2025-05-21,1.035,1.065,1.02,1.06,6610578.0,1.0413,4288
OBM:TRADES:2Y,2025-05-22,1.08,1.08,1.04,1.05,4718969.0,1.0536,4594
OBM:TRADES:2Y,2025-05-23,1.055,1.055,1.032,1.04,1987562.0,1.0451,3498
OBM:TRADES:2Y,2025-05-26,1.04,1.077,1.04,1.05,5009635.0,1.056,3565
OBM:TRADES:2Y,2025-05-27,1.04,1.05,1.02,1.025,3960811.0,1.0315,4416
OBM:TRADES:2Y,2025-05-28,1.02,1.045,1.01,1.045,5053410.0,1.0343,5107
OBM:TRADES:2Y,2025-05-29,1.01,1.08,0.995,1.065,7194867.0,1.0547,4822
OBM:TRADES:2Y,2025-05-30,1.08,1.145,1.08,1.145,26140726.0,1.1373,4634
OBM:TRADES:2Y,2025-06-02,1.14,1.21,1.13,1.19,8897828.0,1.1832,7006
OBM:TRADES:2Y,2025-06-03,1.25,1.26,1.22,1.26,10341424.0,1.2473,6882
OBM:TRADES:2Y,2025-06-04,1.25,1.265,1.22,1.265,6120923.0,1.2479,6765
OBM:TRADES:2Y,2025-06-05,1.3,1.325,1.255,1.28,7171824.0,1.2777,3904
OBM:TRADES:2Y,2025-06-06,1.18,1.22,1.1,1.1,13236515.0,1.1462,6628
OBM:TRADES:2Y,2025-06-10,1.095,1.105,1.035,1.05,11032881.0,1.0605,5712
OBM:TRADES:2Y,2025-06-11,1.05,1.06,1.01,1.025,5841953.0,1.0292,2683
OBM:TRADES:2Y,2025-06-12,1.04,1.09,1.01,1.015,9722768.0,1.037,3796
OBM:TRADES:2Y,2025-06-13,1.06,1.09,1.035,1.045,9942082.0,1.0582,3376
OBM:TRADES:2Y,2025-06-16,1.08,1.093,0.97,0.97,9417954.0,1.0044,3316
OBM:TRADES:2Y,2025-06-17,0.97,1.01,0.96,0.985,6605949.0,0.9894,3348
OBM:TRADES:2Y,2025-06-18,0.975,0.995,0.945,0.95,8583642.0,0.9615,5169
OBM:TRADES:2Y,2025-06-19,0.945,0.955,0.912,0.93,6017947.0,0.9282,2617
OBM:TRADES:2Y,2025-06-20,0.93,0.935,0.915,0.92,3798566.0,0.9211,1675
OBM:TRADES:2Y,2025-06-23,0.905,0.915,0.845,0.855,8077873.0,0.8726,2631
OBM:TRADES:2Y,2025-06-24,0.87,0.89,0.855,0.87,8090610.0,0.8733,2767
OBM:TRADES:2Y,2025-06-25,0.87,0.87,0.825,0.83,6934787.0,0.8354,3340
OBM:TRADES:2Y,2025-06-26,0.845,0.845,0.792,0.795,7272374.0,0.8042,3680
OBM:TRADES:2Y,2025-06-27,0.795,0.825,0.77,0.78,14474649.0,0.7922,5231
OBM:TRADES:2Y,2025-06-30,0.76,0.785,0.74,0.765,18003585.0,0.7594,6260
OBM:TRADES:2Y,2025-07-01,0.775,0.795,0.755,0.755,15616538.0,0.7698,3651
OBM:TRADES:2Y,2025-07-02,0.745,0.76,0.72,0.72,15532186.0,0.7333,6430
OBM:TRADES:2Y,2025-07-03,0.725,0.745,0.695,0.73,14983006.0,0.7226,4555
OBM:TRADES:2Y,2025-07-04,0.74,0.77,0.73,0.74,14823093.0,0.7445,4082
OBM:TRADES:2Y,2025-07-07,0.74,0.74,0.675,0.69,9213147.0,0.6993,3146
OBM:TRADES:2Y,2025-07-08,0.715,0.76,0.715,0.745,10703275.0,0.743,3681
OBM:TRADES:2Y,2025-07-09,0.715,0.72,0.68,0.695,7416590.0,0.6962,3932
OBM:TRADES:2Y,2025-07-10,0.72,0.735,0.71,0.725,9530267.0,0.725,3481
OBM:TRADES:2Y,2025-07-11,0.65,0.67,0.62,0.66,25703875.0,0.6462,5793
OBM:TRADES:2Y,2025-07-14,0.68,0.71,0.675,0.705,15360136.0,0.6992,3271
OBM:TRADES:2Y,2025-07-15,0.71,0.715,0.68,0.68,11896509.0,0.6894,4589
OBM:TRADES:2Y,2025-07-16,0.675,0.675,0.64,0.67,14090342.0,0.6606,2741
OBM:TRADES:2Y,2025-07-17,0.67,0.67,0.63,0.64,13731273.0,0.6455,3208
OBM:TRADES:2Y,2025-07-18,0.645,0.67,0.627,0.66,13324507.0,0.6495,1870
OBM:TRADES:2Y,2025-07-21,0.65,0.675,0.642,0.665,9408451.0,0.6599,3477
OBM:TRADES:2Y,2025-07-22,0.685,0.718,0.685,0.7,17872936.0,0.7044,3253
OBM:TRADES:2Y,2025-07-23,0.74,0.745,0.71,0.71,20696390.0,0.727,4844
OBM:TRADES:2Y,2025-07-24,0.7,0.71,0.685,0.7,5360434.0,0.6957,1970
OBM:TRADES:2Y,2025-07-25,0.71,0.71,0.68,0.69,7279696.0,0.6925,2228
OBM:TRADES:2Y,2025-07-28,0.685,0.695,0.67,0.67,4491768.0,0.68,1683
OBM:TRADES:2Y,2025-07-29,0.67,0.69,0.65,0.685,5452668.0,0.6805,2010
OBM:TRADES:2Y,2025-07-30,0.67,0.745,0.67,0.735,9821354.0,0.7281,4124
OBM:TRADES:2Y,2025-07-31,0.705,0.705,0.65,0.65,13872851.0,0.6624,4197
OBM:TRADES:2Y,2025-08-01,0.66,0.672,0.64,0.64,9162434.0,0.6521,3422
OBM:TRADES:2Y,2025-08-04,0.655,0.665,0.642,0.645,7811425.0,0.6498,3814
OBM:TRADES:2Y,2025-08-05,0.66,0.665,0.632,0.645,13486708.0,0.6448,2766
OBM:TRADES:2Y,2025-08-06,0.65,0.685,0.65,0.68,11909109.0,0.6738,4852
OBM:TRADES:2Y,2025-08-07,0.69,0.69,0.67,0.685,4001529.0,0.6831,2242
OBM:TRADES:2Y,2025-08-08,0.69,0.71,0.69,0.7,5516036.0,0.7011,2511
OBM:TRADES:2Y,2025-08-11,0.7,0.705,0.675,0.675,4634224.0,0.6841,2352
OBM:TRADES:2Y,2025-08-12,0.675,0.695,0.665,0.675,4818619.0,0.6748,1996
OBM:TRADES:2Y,2025-08-13,0.675,0.69,0.665,0.69,3815796.0,0.6839,1890
OBM:TRADES:2Y,2025-08-14,0.68,0.69,0.665,0.68,5410821.0,0.6773,2434
OBM:TRADES:2Y,2025-08-15,0.675,0.71,0.665,0.705,6287670.0,0.6967,4078
OBM:TRADES:2Y,2025-08-18,0.7,0.72,0.695,0.71,3985084.0,0.7106,2681
OBM:TRADES:2Y,2025-08-19,0.715,0.76,0.71,0.75,5992930.0,0.746,3632
OBM:TRADES:2Y,2025-08-20,0.74,0.74,0.7,0.72,5756927.0,0.7165,2912
OBM:TRADES:2Y,2025-08-21,0.73,0.755,0.715,0.72,5285643.0,0.731,2727
OBM:TRADES:2Y,2025-08-22,0.72,0.728,0.69,0.695,6357912.0,0.7013,2289
OBM:TRADES:2Y,2025-08-25,0.71,0.73,0.7,0.73,6838466.0,0.7189,3711
OBM:TRADES:2Y,2025-08-26,0.74,0.79,0.735,0.79,17153865.0,0.7758,3656
OBM:TRADES:2Y,2025-08-27,0.82,0.865,0.805,0.86,11984281.0,0.844,4508
OBM:TRADES:2Y,2025-08-28,0.87,0.882,0.85,0.86,7431653.0,0.8647,3912
OBM:TRADES:2Y,2025-08-29,0.875,0.875,0.835,0.845,4087681.0,0.8498,1790
OBM:TRADES:2Y,2025-09-01,0.88,0.915,0.87,0.9,8128484.0,0.8995,3115
OBM:TRADES:2Y,2025-09-02,0.92,0.95,0.91,0.91,7958785.0,0.9286,3234
OBM:TRADES:2Y,2025-09-03,0.925,0.98,0.925,0.94,15397856.0,0.9586,7079
OBM:TRADES:2Y,2025-09-04,0.985,0.99,0.935,0.985,17307594.0,0.9703,3485
OBM:TRADES:2Y,2025-09-05,0.99,1.09,0.99,1.08,12432827.0,1.0603,3301
OBM:TRADES:2Y,2025-09-08,1.095,1.11,1.045,1.05,8863498.0,1.0655,6334
OBM:TRADES:2Y,2025-09-09,1.085,1.18,1.085,1.14,13985812.0,1.142,5961
OBM:TRADES:2Y,2025-09-10,1.1,1.1,1.06,1.07,8470186.0,1.0745,3678
OBM:TRADES:2Y,2025-09-11,1.085,1.113,1.075,1.105,8218216.0,1.104,5569
OBM:TRADES:2Y,2025-09-12,1.11,1.167,1.09,1.155,11374143.0,1.1384,7748
OBM:TRADES:2Y,2025-09-15,1.105,1.13,1.005,1.04,11988025.0,1.0437,4804
OBM:TRADES:2Y,2025-09-16,1.025,1.03,0.97,0.985,14138026.0,0.9932,4670
OBM:TRADES:2Y,2025-09-17,0.975,1.0,0.96,0.96,7825066.0,0.9716,4771
OBM:TRADES:2Y,2025-09-18,0.945,0.99,0.935,0.98,12200202.0,0.9621,5079
OBM:TRADES:2Y,2025-09-19,0.985,1.03,0.98,1.01,77688971.0,1.01,5335
OBM:TRADES:2Y,2025-09-22,1.05,1.065,1.035,1.045,5907367.0,1.0498,4370
OBM:TRADES:2Y,2025-09-23,1.085,1.12,1.067,1.105,9284721.0,1.0957,3735
OBM:TRADES:2Y,2025-09-24,1.1,1.105,1.07,1.105,8211503.0,1.0923,3537
OBM:TRADES:2Y,2025-09-25,1.085,1.105,1.05,1.085,9328067.0,1.0828,5757
OBM:TRADES:2Y,2025-09-26,1.09,1.14,1.075,1.14,7736025.0,1.1212,3613
OBM:TRADES:2Y,2025-09-29,1.155,1.175,1.123,1.15,10143756.0,1.148,5133
OBM:TRADES:2Y,2025-09-30,1.155,1.195,1.145,1.18,10721143.0,1.1733,5644
OBM:TRADES:2Y,2025-10-01,1.18,1.2,1.155,1.18,8993579.0,1.1844,4910
OBM:TRADES:2Y,2025-10-02,1.195,1.295,1.19,1.285,16385407.0,1.2616,7039
OBM:TRADES:2Y,2025-10-03,1.27,1.27,1.225,1.255,6475520.0,1.2486,3888
OBM:TRADES:2Y,2025-10-06,1.255,1.275,1.215,1.26,6409787.0,1.2474,4110
OBM:TRADES:2Y,2025-10-07,1.265,1.295,1.25,1.29,5747457.0,1.2791,4644
OBM:TRADES:2Y,2025-10-08,1.255,1.27,1.22,1.265,6678768.0,1.2521,3590
OBM:TRADES:2Y,2025-10-09,1.26,1.28,1.23,1.28,5214068.0,1.2617,3039
OBM:TRADES:2Y,2025-10-10,1.2,1.27,1.155,1.25,8215987.0,1.2298,3954
OBM:TRADES:2Y,2025-10-13,1.26,1.317,1.255,1.26,7482992.0,1.2858,3419
OBM:TRADES:2Y,2025-10-14,1.305,1.36,1.28,1.31,7577000.0,1.322,3868
OBM:TRADES:2Y,2025-10-15,1.31,1.32,1.265,1.28,6107572.0,1.2848,4678
OBM:TRADES:2Y,2025-10-16,1.295,1.34,1.28,1.33,6197653.0,1.3163,4840
OBM:TRADES:2Y,2025-10-17,1.395,1.41,1.323,1.345,17110101.0,1.3527,9400
OBM:TRADES:2Y,2025-10-20,1.3,1.355,1.275,1.345,7193208.0,1.3215,4325
OBM:TRADES:2Y,2025-10-21,1.385,1.46,1.35,1.365,8885379.0,1.3896,5306
OBM:TRADES:2Y,2025-10-22,1.3,1.3,1.195,1.28,7644285.0,1.2528,5624
OBM:TRADES:2Y,2025-10-23,1.335,1.335,1.275,1.28,6826257.0,1.2953,5433
OBM:TRADES:2Y,2025-10-24,1.3,1.3,1.25,1.26,4021945.0,1.2669,3186
OBM:TRADES:2Y,2025-10-27,1.25,1.28,1.235,1.26,5524429.0,1.2617,3792
OBM:TRADES:2Y,2025-10-28,1.2,1.2,1.14,1.165,8988859.0,1.1629,5572
OBM:TRADES:2Y,2025-10-29,1.175,1.185,1.145,1.185,6884931.0,1.1702,3447
OBM:TRADES:2Y,2025-10-30,1.155,1.18,1.125,1.165,6935286.0,1.1553,3411
OBM:TRADES:2Y,2025-10-31,1.185,1.23,1.183,1.21,5133151.0,1.2089,4257
OBM:TRADES:2Y,2025-11-03,1.22,1.22,1.195,1.2,2541381.0,1.201,3847
OBM:TRADES:2Y,2025-11-04,1.16,1.205,1.16,1.185,6162706.0,1.1858,5001
OBM:TRADES:2Y,2025-11-05,1.13,1.16,1.08,1.15,11089347.0,1.118,7159
OBM:TRADES:2Y,2025-11-06,1.175,1.2,1.14,1.195,7635420.0,1.1741,3954
OBM:TRADES:2Y,2025-11-07,1.19,1.19,1.135,1.135,7072871.0,1.153,3499
OBM:TRADES:2Y,2025-11-10,1.165,1.205,1.145,1.205,4933741.0,1.1845,4683
OBM:TRADES:2Y,2025-11-11,1.245,1.26,1.205,1.225,9611305.0,1.2298,6098
OBM:TRADES:2Y,2025-11-12,1.24,1.24,1.175,1.18,8091808.0,1.1977,3877
OBM:TRADES:2Y,2025-11-13,1.215,1.222,1.185,1.19,8037917.0,1.2004,5805
OBM:TRADES:2Y,2025-11-14,1.16,1.195,1.14,1.195,4548974.0,1.1779,3734
OBM:TRADES:2Y,2025-11-17,1.17,1.205,1.145,1.205,5297715.0,1.1856,4556
OBM:TRADES:2Y,2025-11-18,1.195,1.202,1.145,1.15,6267779.0,1.1666,3741
OBM:TRADES:2Y,2025-11-19,1.18,1.195,1.143,1.155,3695789.0,1.1688,2770
OBM:TRADES:2Y,2025-11-20,1.185,1.222,1.17,1.205,4240095.0,1.2041,2796
OBM:TRADES:2Y,2025-11-21,1.165,1.17,1.123,1.17,7986661.0,1.1589,3516
OBM:TRADES:2Y,2025-11-24,1.175,1.2,1.14,1.17,9494159.0,1.1768,3914
OBM:TRADES:2Y,2025-11-25,1.235,1.285,1.22,1.285,5989658.0,1.2555,3616
OBM:TRADES:2Y,2025-11-26,1.285,1.29,1.235,1.28,3960502.0,1.2678,4341
OBM:TRADES:2Y,2025-11-27,1.285,1.31,1.27,1.29,3059248.0,1.2888,3244
OBM:TRADES:2Y,2025-11-28,1.285,1.34,1.275,1.33,2798078.0,1.3218,3219
OBM:TRADES:2Y,2025-12-01,1.33,1.335,1.23,1.27,7215162.0,1.2709,4654
OBM:TRADES:2Y,2025-12-02,1.26,1.29,1.25,1.255,4996922.0,1.2632,3583
OBM:TRADES:2Y,2025-12-03,1.255,1.285,1.215,1.28,4815357.0,1.2617,3396
OBM:TRADES:2Y,2025-12-04,1.28,1.3,1.24,1.255,3903075.0,1.2632,3062
OBM:TRADES:2Y,2025-12-05,1.285,1.29,1.25,1.26,6204775.0,1.2648,3656
OBM:TRADES:2Y,2025-12-08,1.265,1.29,1.21,1.21,8380856.0,1.2337,6838
OBM:TRADES:2Y,2025-12-09,1.195,1.22,1.18,1.205,7050592.0,1.2046,4682
OBM:TRADES:2Y,2025-12-10,1.225,1.275,1.22,1.27,7161836.0,1.2517,5733
OBM:TRADES:2Y,2025-12-11,1.29,1.313,1.245,1.255,7111680.0,1.2801,4695
OBM:TRADES:2Y,2025-12-12,1.315,1.337,1.282,1.315,10409612.0,1.3136,4181
OBM:TRADES:2Y,2025-12-15,1.31,1.375,1.28,1.345,6477154.0,1.3453,3597
OBM:TRADES:2Y,2025-12-16,1.33,1.353,1.275,1.29,6362558.0,1.3072,4358
OBM:TRADES:2Y,2025-12-17,1.29,1.4,1.275,1.4,5382171.0,1.3656,3777
OBM:TRADES:2Y,2025-12-18,1.4,1.49,1.39,1.485,9724565.0,1.4589,5297
OBM:TRADES:2Y,2025-12-19,1.49,1.515,1.455,1.48,45376188.0,1.4813,4531
OBM:TRADES:2Y,2025-12-22,1.495,1.55,1.46,1.545,8498302.0,1.5225,6498
OBM:TRADES:2Y,2025-12-23,1.54,1.565,1.52,1.555,4579579.0,1.5472,3582
OBM:TRADES:2Y,2025-12-24,1.565,1.57,1.535,1.56,3100570.0,1.5495,2798
OBM:TRADES:2Y,2025-12-29,1.56,1.575,1.498,1.545,5689218.0,1.5353,4772
OBM:TRADES:2Y,2025-12-30,1.44,1.5,1.395,1.495,4693380.0,1.4676,4446
OBM:TRADES:2Y,2025-12-31,1.51,1.535,1.48,1.53,2447317.0,1.523,2945
OBM:TRADES:2Y,2026-01-02,1.53,1.565,1.52,1.54,2852567.0,1.5409,3235
OBM:TRADES:2Y,2026-01-05,1.54,1.555,1.51,1.55,3623376.0,1.5376,3148
OBM:TRADES:2Y,2026-01-06,1.58,1.58,1.54,1.565,3877819.0,1.5601,5033
OBM:TRADES:2Y,2026-01-07,1.59,1.59,1.52,1.54,5753309.0,1.545,3449
OBM:TRADES:2Y,2026-01-08,1.535,1.542,1.505,1.51,3812538.0,1.5183,3936
OBM:TRADES:2Y,2026-01-09,1.535,1.58,1.52,1.52,4572769.0,1.5451,3326
OBM:TRADES:2Y,2026-01-12,1.55,1.585,1.52,1.53,4022679.0,1.5492,3887
OBM:TRADES:2Y,2026-01-13,1.575,1.62,1.55,1.61,5530826.0,1.5813,5003
OBM:TRADES:2Y,2026-01-14,1.61,1.62,1.575,1.605,4252351.0,1.6012,4432
OBM:TRADES:2Y,2026-01-15,1.64,1.65,1.585,1.595,3257122.0,1.6141,3792
OBM:TRADES:2Y,2026-01-16,1.625,1.665,1.6,1.62,3751480.0,1.6235,3289
OBM:TRADES:2Y,2026-01-19,1.64,1.7,1.623,1.67,2985199.0,1.673,3777
OBM:TRADES:2Y,2026-01-20,1.68,1.69,1.63,1.665,6501798.0,1.6507,6289
OBM:TRADES:2Y,2026-01-21,1.715,1.72,1.635,1.66,8034988.0,1.6631,4632
OBM:TRADES:2Y,2026-01-22,1.62,1.66,1.515,1.54,7471176.0,1.5511,5599
OBM:TRADES:2Y,2026-01-23,1.62,1.655,1.57,1.58,7605775.0,1.6065,5026
OBM:TRADES:2Y,2026-01-27,1.59,1.62,1.555,1.605,4856809.0,1.5923,4234
OBM:TRADES:2Y,2026-01-28,1.63,1.69,1.615,1.675,6111125.0,1.658,5364
OBM:TRADES:2Y,2026-01-29,1.69,1.7,1.35,1.45,21238978.0,1.4771,10851
OBM:TRADES:2Y,2026-01-30,1.45,1.45,1.27,1.28,13287614.0,1.3215,9547
OBM:TRADES:2Y,2026-02-02,1.225,1.245,1.13,1.165,17528320.0,1.1757,10632
OBM:TRADES:2Y,2026-02-03,1.2,1.24,1.165,1.18,14330873.0,1.1947,7780
OBM:TRADES:2Y,2026-02-04,1.22,1.225,1.165,1.18,10003586.0,1.1879,5644
OBM:TRADES:2Y,2026-02-05,1.155,1.165,1.09,1.11,11609495.0,1.1207,7351
OBM:TRADES:2Y,2026-02-06,1.09,1.105,1.055,1.065,8497517.0,1.0736,6220
OBM:TRADES:2Y,2026-02-09,1.12,1.21,1.105,1.195,10692696.0,1.1735,5726
OBM:TRADES:2Y,2026-02-10,1.23,1.27,1.205,1.255,9924394.0,1.2443,4347
OBM:TRADES:2Y,2026-02-11,1.255,1.28,1.245,1.275,6796714.0,1.2673,4134
OBM:TRADES:2Y,2026-02-12,1.29,1.3,1.265,1.28,8175879.0,1.2833,3755
OBM:TRADES:2Y,2026-02-13,1.19,1.25,1.167,1.245,7721852.0,1.2287,6575
OBM:TRADES:2Y,2026-02-16,1.27,1.325,1.27,1.31,7863069.0,1.3051,7487
OBM:TRADES:2Y,2026-02-17,1.31,1.313,1.265,1.28,3533733.0,1.2835,2702
OBM:TRADES:2Y,2026-02-18,1.265,1.285,1.22,1.27,4898743.0,1.2511,3672
OBM:TRADES:2Y,2026-02-19,1.29,1.29,1.21,1.235,4042194.0,1.2371,3665
OBM:TRADES:2Y,2026-02-20,1.235,1.24,1.195,1.23,4438874.0,1.2161,3214
OBM:TRADES:2Y,2026-02-23,1.245,1.27,1.23,1.265,3859308.0,1.2572,2751
OBM:TRADES:2Y,2026-02-24,1.29,1.3,1.2,1.225,6230854.0,1.2447,5075
OBM:TRADES:2Y,2026-02-25,1.245,1.25,1.215,1.235,3307157.0,1.2371,3920
OBM:TRADES:2Y,2026-02-26,1.23,1.25,1.215,1.235,2729179.0,1.2342,3461
OBM:TRADES:2Y,2026-02-27,1.255,1.308,1.25,1.29,5973143.0,1.2825,5340
OBM:TRADES:2Y,2026-03-02,1.35,1.42,1.335,1.39,6805458.0,1.3757,6558
OBM:TRADES:2Y,2026-03-03,1.35,1.383,1.33,1.375,4529745.0,1.3707,5681
OBM:TRADES:2Y,2026-03-04,1.295,1.36,1.285,1.355,4897453.0,1.3388,4657
OBM:TRADES:2Y,2026-03-05,1.35,1.433,1.345,1.42,5006335.0,1.386,3750
OBM:TRADES:2Y,2026-03-06,1.375,1.377,1.305,1.32,6924802.0,1.3218,5898
OBM:TRADES:2Y,2026-03-09,1.3,1.31,1.185,1.215,10604544.0,1.23,7793
OBM:TRADES:2Y,2026-03-10,1.265,1.268,1.143,1.165,5755472.0,1.1823,4541
OBM:TRADES:2Y,2026-03-11,1.3,1.415,1.28,1.415,11593835.0,1.3693,9175
OBM:TRADES:2Y,2026-03-12,1.475,1.505,1.415,1.435,10644977.0,1.4593,8810
OBM:TRADES:2Y,2026-03-13,1.4,1.403,1.335,1.35,11168969.0,1.3577,7218
OBM:TRADES:2Y,2026-03-16,1.325,1.385,1.295,1.375,7088566.0,1.3463,6489
OBM:TRADES:2Y,2026-03-17,1.4,1.52,1.395,1.5,8174232.0,1.4719,5025
OBM:TRADES:2Y,2026-03-18,1.5,1.518,1.455,1.49,4954970.0,1.4842,5110
OBM:TRADES:2Y,2026-03-19,1.4,1.415,1.28,1.28,12892338.0,1.3308,7250
OBM:TRADES:2Y,2026-03-20,1.23,1.248,1.155,1.18,42393070.0,1.1832,13584
OBM:TRADES:2Y,2026-03-23,1.14,1.15,1.03,1.05,11201067.0,1.0655,6922
OBM:TRADES:2Y,2026-03-24,1.13,1.155,1.015,1.05,18856174.0,1.0713,7792
OBM:TRADES:2Y,2026-03-25,1.09,1.15,1.07,1.14,8424780.0,1.122,5287
OBM:TRADES:2Y,2026-03-26,1.135,1.16,1.11,1.13,5780616.0,1.1334,3454
OBM:TRADES:2Y,2026-03-27,1.11,1.12,1.075,1.115,4644799.0,1.1047,3078
OBM:TRADES:2Y,2026-03-30,1.11,1.135,1.077,1.105,4628870.0,1.1015,3288
OBM:TRADES:2Y,2026-03-31,1.1,1.18,1.075,1.165,4837530.0,1.145,3103
OBM:TRADES:2Y,2026-04-01,1.24,1.285,1.215,1.245,8012591.0,1.2414,5017
OBM:TRADES:2Y,2026-04-02,1.25,1.285,1.12,1.12,9048634.0,1.1765,5138
OBM:TRADES:2Y,2026-04-07,1.145,1.17,1.135,1.155,2861668.0,1.1534,2343
OBM:TRADES:2Y,2026-04-08,1.25,1.33,1.245,1.325,7043422.0,1.2965,4024
OBM:TRADES:2Y,2026-04-09,1.27,1.365,1.242,1.355,5007083.0,1.3191,3922
OBM:TRADES:2Y,2026-04-10,1.32,1.365,1.31,1.34,3950971.0,1.3367,3176
OBM:TRADES:2Y,2026-04-13,1.275,1.292,1.202,1.22,8391860.0,1.2269,6352
OBM:TRADES:2Y,2026-04-14,1.235,1.27,1.225,1.255,4228734.0,1.2506,3565
OBM:TRADES:2Y,2026-04-15,1.305,1.35,1.29,1.315,4926346.0,1.3219,3926
OBM:TRADES:2Y,2026-04-16,1.375,1.48,1.345,1.45,11423683.0,1.4371,8865
OBM:TRADES:2Y,2026-04-17,1.415,1.5,1.395,1.49,8102487.0,1.4517,6584
OBM:TRADES:2Y,2026-04-20,1.49,1.59,1.465,1.56,5856212.0,1.5563,7505
OBM:TRADES:2Y,2026-04-21,1.575,1.595,1.565,1.58,4207699.0,1.5809,4118
OBM:TRADES:2Y,2026-04-22,1.54,1.62,1.52,1.62,9774942.0,1.596,6294
OBM:TRADES:2Y,2026-04-23,1.615,1.635,1.522,1.55,5103966.0,1.572,4803
OBM:TRADES:2Y,2026-04-24,1.55,1.555,1.46,1.475,5836812.0,1.4895,4926
OBM:TRADES:2Y,2026-04-27,1.465,1.56,1.465,1.54,3288130.0,1.5335,3657
OBM:TRADES:2Y,2026-04-28,1.52,1.56,1.465,1.475,4108913.0,1.4938,5903
OBM:TRADES:2Y,2026-04-29,1.42,1.435,1.39,1.415,4474829.0,1.4156,3798
OBM:TRADES:2Y,2026-04-30,1.365,1.38,1.313,1.32,5434982.0,1.3338,6518
OBM:TRADES:2Y,2026-05-01,1.36,1.377,1.33,1.345,2542120.0,1.3491,3750
OBM:TRADES:2Y,2026-05-04,1.355,1.373,1.3,1.305,4753470.0,1.3191,5184
OBM:TRADES:2Y,2026-05-05,1.28,1.285,1.255,1.27,4059189.0,1.2709,3795
OBM:TRADES:2Y,2026-05-06,1.29,1.295,1.22,1.275,6671368.0,1.2599,4599
OBM:TRADES:2Y,2026-05-07,1.35,1.37,1.31,1.345,5840430.0,1.3387,4616
OBM:TRADES:2Y,2026-05-08,1.315,1.37,1.31,1.35,3090956.0,1.348,3560
OBM:TRADES:2Y,2026-05-11,1.355,1.363,1.34,1.345,2557385.0,1.3497,4111
OBM:TRADES:2Y,2026-05-12,1.39,1.417,1.375,1.4,3469250.0,1.4018,4530
OBM:TRADES:2Y,2026-05-13,1.4,1.435,1.375,1.385,2620598.0,1.3955,3048
OBM:TRADES:2Y,2026-05-14,1.39,1.43,1.383,1.415,2958255.0,1.4063,3792
OBM:TRADES:2Y,2026-05-15,1.4,1.42,1.325,1.355,9196871.0,1.3818,5818
OBM:TRADES:2Y,2026-05-18,1.35,1.417,1.305,1.325,7576332.0,1.3541,6628
OBM:TRADES:2Y,2026-05-19,1.41,1.495,1.395,1.405,5791727.0,1.4258,6721
OBM:TRADES:2Y,2026-05-20,1.375,1.43,1.31,1.31,6281894.0,1.3449,7473
OBM:TRADES:2Y,2026-05-21,1.355,1.38,1.282,1.295,3878493.0,1.3157,6122
OBM:TRADES:2Y,2026-05-22,1.315,1.335,1.29,1.33,2693405.0,1.3197,4318
OBM:TRADES:2Y,2026-05-25,1.36,1.405,1.355,1.39,2998838.0,1.3881,3690
OBM:TRADES:2Y,2026-05-26,1.405,1.41,1.363,1.38,2650534.0,1.3825,5646
OBM:TRADES:2Y,2026-05-27,1.39,1.415,1.377,1.385,2436239.0,1.3896,4826
OBM:TRADES:2Y,2026-05-28,1.36,1.405,1.265,1.27,5517350.0,1.3106,5285
OBM:TRADES:2Y,2026-05-29,1.35,1.38,1.34,1.365,6388702.0,1.3638,3663
OBM:TRADES:2Y,2026-06-01,1.37,1.42,1.37,1.405,2423441.0,1.405,3519
OBM:TRADES:2Y,2026-06-02,1.34,1.41,1.3,1.37,6449123.0,1.3523,5234
OBM:TRADES:2Y,2026-06-03,1.35,1.375,1.315,1.355,4908401.0,1.3493,4748
OBM:TRADES:2Y,2026-06-04,1.325,1.34,1.295,1.33,3380809.0,1.3173,2888
OBM:TRADES:2Y,2026-06-05,1.33,1.34,1.26,1.28,2914026.0,1.2875,2482
OBM:TRADES:2Y,2026-06-09,1.21,1.23,1.15,1.21,5784649.0,1.2067,6487
OBM:TRADES:2Y,2026-06-10,1.165,1.175,1.09,1.09,6701443.0,1.1162,5711
OBM:TRADES:2Y,2026-06-11,1.05,1.058,0.995,1.03,14636538.0,1.0262,8770
OBM:TRADES:2Y,2026-06-12,1.08,1.11,1.055,1.11,7371851.0,1.0881,5991
OBM:TRADES:2Y,2026-06-15,1.17,1.3,1.17,1.295,7227743.0,1.2357,3525
OBM:TRADES:2Y,2026-06-16,1.285,1.375,1.275,1.32,5666381.0,1.3327,4911
OBM:TRADES:2Y,2026-06-17,1.32,1.395,1.315,1.395,6308549.0,1.3653,6158
OBM:TRADES:2Y,2026-06-18,1.345,1.36,1.295,1.305,9266736.0,1.3165,5968
OBM:TRADES:2Y,2026-06-19,1.245,1.29,1.2,1.215,6782261.0,1.2408,7362
OBM:TRADES:2Y,2026-06-22,1.215,1.3,1.205,1.3,4370409.0,1.2753,3960
OBM:TRADES:2Y,2026-06-23,1.3,1.305,1.228,1.23,3128913.0,1.261,2676
OBM:TRADES:2Y,2026-06-24,1.23,1.23,1.145,1.155,4952140.0,1.1674,3646
OBM:TRADES:2Y,2026-06-25,1.125,1.14,1.08,1.12,5539301.0,1.104,3762
OBM:TRADES:2Y,2026-06-26,1.13,1.15,1.093,1.125,3894881.0,1.1182,3206
OBM:TRADES:2Y,2026-06-29,1.165,1.175,1.115,1.127,3720032.0,1.1402,3395
OBM:TRADES:2Y,2026-06-30,1.13,1.13,1.045,1.065,5966878.0,1.069,4235
OBM:TRADES:2Y,2026-07-01,1.065,1.075,1.005,1.01,4670098.0,1.0324,4343
OBM:TRADES:2Y,2026-07-02,1.07,1.115,1.065,1.11,6459736.0,1.0947,4954
OBM:TRADES:2Y,2026-07-03,1.15,1.195,1.14,1.18,5135818.0,1.168,3611
OBM:TRADES:2Y,2026-07-06,1.2,1.2,1.15,1.165,3509317.0,1.1771,3551
OBM:TRADES:2Y,2026-07-07,1.17,1.17,1.135,1.14,2769237.0,1.1407,2485
OBM:TRADES:2Y,2026-07-08,1.1,1.1,1.06,1.08,3005212.0,1.0776,3216
OBM:TRADES:2Y,2026-07-09,1.04,1.085,1.025,1.07,4159318.0,1.0663,4397
OBM:TRADES:2Y,2026-07-10,1.1,1.135,1.095,1.125,3900366.0,1.1224,3561
OBM:TRADES:2Y,2026-07-13,1.085,1.12,1.075,1.115,3874066.0,1.0939,3465
OBM:TRADES:2Y,2026-07-14,1.105,1.13,1.055,1.115,3257517.0,1.0958,3359
OBM:TRADES:2Y,2026-07-15,1.13,1.16,1.085,1.09,4763633.0,1.1095,2390
OBM:TRADES:2Y,2026-07-16,1.1,1.1,1.045,1.075,5936758.0,1.067,3695
OBM:TRADES:2Y,2026-07-17,1.03,1.03,0.98,1.005,7650807.0,1.0031,3699
OBM:TRADES:2Y,2026-07-20,1.025,1.032,0.995,1.01,7096332.0,1.0142,4471
OBM:TRADES:2Y,2026-07-21,1.0,1.045,0.98,1.035,6328646.0,1.018,2915
OBM:TRADES:2Y,2026-07-22,1.05,1.11,1.038,1.105,6888085.0,1.0847,5246
OBM:TRADES:2Y,2026-07-23,1.12,1.15,1.07,1.085,6435936.0,1.0999,6027
OBM:TRADES:2Y,2026-07-24,1.045,1.065,1.03,1.052,4398561.0,1.0455,4299
OBM:TRADES:2Y,2026-07-27,1.085,1.135,1.065,1.125,5259403.0,1.1184,2503
OBM:TRADES:2Y,2026-07-28,1.105,1.11,1.065,1.107,2180646.0,1.0927,2980
OBM:TRADES:2Y,2026-07-29,1.125,1.125,1.08,1.115,3357012.0,1.1046,3614
OBM:TRADES:2Y,2026-07-30,1.145,1.145,1.05,1.05,5110367.0,1.0913,4304
OBM:TRADES:2Y,2026-07-31,1.11,1.14,1.11,1.135,3910894.0,1.1246,3012
OBM:TRADES:2Y,2026-08-03,1.14,1.2,1.135,1.165,4777083.0,1.1673,3541
OBM:TRADES:2Y,2026-08-04,1.17,1.175,1.13,1.15,3088286.0,1.1556,2927
OBM:TRADES:2Y,2026-08-05,1.16,1.25,1.155,1.245,6014127.0,1.2088,4505
OBM:TRADES:2Y,2026-08-06,1.325,1.357,1.305,1.32,5117312.0,1.3296,3453
OBM:TRADES:2Y,2026-08-07,1.32,1.35,1.29,1.33,6082056.0,1.3249,6481
OBM:TRADES:2Y,2026-08-10,1.41,1.44,1.343,1.37,8228382.0,1.3759,6535
OBM:TRADES:2Y,2026-08-11,1.41,1.41,1.345,1.355,9405704.0,1.3704,5204
OBM:TRADES:2Y,2026-08-12,1.35,1.385,1.33,1.36,3733864.0,1.3669,4209
OBM:TRADES:2Y,2026-08-13,1.345,1.39,1.34,1.35,2802272.0,1.364,3223
OBM:TRADES:2Y,2026-08-14,1.325,1.355,1.29,1.302,5955405.0,1.3201,5208
OBM:TRADES:2Y,2026-08-17,1.33,1.39,1.325,1.36,6665544.0,1.3685,5341
OBM:TRADES:2Y,2026-08-18,1.37,1.41,1.36,1.38,4844493.0,1.3838,4535
OBM:TRADES:2Y,2026-08-19,1.315,1.42,1.315,1.395,6579660.0,1.3938,4934
OBM:TRADES:2Y,2026-08-20,1.48,1.583,1.48,1.575,18844962.0,1.5447,7990
OBM:TRADES:2Y,2026-08-21,1.61,1.625,1.558,1.61,5795028.0,1.5986,5777
OBM:TRADES:2Y,2026-08-24,1.63,1.688,1.615,1.675,8296720.0,1.6626,6078
OBM:BID_ASK:3M,2026-05-27,1.3921,1.415,1.37,1.3898,-1.0,-1.0,-1
OBM:BID_ASK:3M,2026-05-28,1.3286,1.405,1.26,1.3268,-1.0,-1.0,-1
OBM:BID_ASK:3M,2026-05-29,1.3638,1.38,1.325,1.3578,-1.0,-1.0,-1
OBM:BID_ASK:3M,2026-06-01,1.4063,1.42,1.365,1.4062,-1.0,-1.0,-1
OBM:BID_ASK:3M,2026-06-02,1.3366,1.415,1.3,1.3364,-1.0,-1.0,-1
OBM:BID_ASK:3M,2026-06-03,1.3513,1.375,1.315,1.3502,-1.0,-1.0,-1
OBM:BID_ASK:3M,2026-06-04,1.3259,1.34,1.295,1.3257,-1.0,-1.0,-1
OBM:BID_ASK:3M,2026-06-05,1.2924,1.345,1.26,1.2911,-1.0,-1.0,-1
OBM:BID_ASK:3M,2026-06-09,1.209,1.23,1.15,1.2078,-1.0,-1.0,-1
OBM:BID_ASK:3M,2026-06-10,1.1288,1.18,1.09,1.1284,-1.0,-1.0,-1
OBM:BID_ASK:3M,2026-06-11,1.0238,1.06,0.995,1.0288,-1.0,-1.0,-1
OBM:BID_ASK:3M,2026-06-12,1.0867,1.115,1.055,1.0917,-1.0,-1.0,-1
OBM:BID_ASK:3M,2026-06-15,1.2537,1.3,1.16,1.2589,-1.0,-1.0,-1
OBM:BID_ASK:3M,2026-06-16,1.3327,1.38,1.27,1.338,-1.0,-1.0,-1
OBM:BID_ASK:3M,2026-06-17,1.3611,1.4,1.31,1.3662,-1.0,-1.0,-1
OBM:BID_ASK:3M,2026-06-18,1.3108,1.36,1.295,1.3159,-1.0,-1.0,-1
OBM:BID_ASK:3M,2026-06-19,1.2426,1.29,1.2,1.2484,-1.0,-1.0,-1
OBM:BID_ASK:3M,2026-06-22,1.2741,1.3,1.2,1.2791,-1.0,-1.0,-1
OBM:BID_ASK:3M,2026-06-23,1.2516,1.31,1.225,1.2568,-1.0,-1.0,-1
OBM:BID_ASK:3M,2026-06-24,1.163,1.23,1.14,1.1682,-1.0,-1.0,-1
OBM:BID_ASK:3M,2026-06-25,1.1009,1.145,1.08,1.1061,-1.0,-1.0,-1
OBM:BID_ASK:3M,2026-06-26,1.1142,1.155,1.09,1.1192,-1.0,-1.0,-1
OBM:BID_ASK:3M,2026-06-29,1.135,1.18,1.115,1.1401,-1.0,-1.0,-1
OBM:BID_ASK:3M,2026-06-30,1.0649,1.14,1.04,1.07,-1.0,-1.0,-1
OBM:BID_ASK:3M,2026-07-01,1.032,1.075,1.005,1.0371,-1.0,-1.0,-1
OBM:BID_ASK:3M,2026-07-02,1.095,1.115,1.05,1.1002,-1.0,-1.0,-1
OBM:BID_ASK:3M,2026-07-03,1.1712,1.195,1.14,1.1761,-1.0,-1.0,-1
OBM:BID_ASK:3M,2026-07-06,1.1793,1.2,1.15,1.1844,-1.0,-1.0,-1
OBM:BID_ASK:3M,2026-07-07,1.1371,1.17,1.13,1.1423,-1.0,-1.0,-1
OBM:BID_ASK:3M,2026-07-08,1.0762,1.11,1.06,1.0813,-1.0,-1.0,-1
OBM:BID_ASK:3M,2026-07-09,1.0654,1.085,1.02,1.0704,-1.0,-1.0,-1
OBM:BID_ASK:3M,2026-07-10,1.1223,1.135,1.085,1.1274,-1.0,-1.0,-1
OBM:BID_ASK:3M,2026-07-13,1.0918,1.125,1.075,1.0968,-1.0,-1.0,-1
OBM:BID_ASK:3M,2026-07-14,1.0967,1.13,1.055,1.1017,-1.0,-1.0,-1
OBM:BID_ASK:3M,2026-07-15,1.1005,1.16,1.085,1.1056,-1.0,-1.0,-1
OBM:BID_ASK:3M,2026-07-16,1.065,1.105,1.04,1.0702,-1.0,-1.0,-1
OBM:BID_ASK:3M,2026-07-17,1.0007,1.045,0.975,1.0062,-1.0,-1.0,-1
OBM:BID_ASK:3M,2026-07-20,1.0133,1.035,0.99,1.0185,-1.0,-1.0,-1
OBM:BID_ASK:3M,2026-07-21,1.0119,1.045,0.98,1.0167,-1.0,-1.0,-1
OBM:BID_ASK:3M,2026-07-22,1.0852,1.11,1.035,1.0902,-1.0,-1.0,-1
OBM:BID_ASK:3M,2026-07-23,1.0931,1.15,1.07,1.0982,-1.0,-1.0,-1
OBM:BID_ASK:3M,2026-07-24,1.0428,1.065,1.025,1.0479,-1.0,-1.0,-1
OBM:BID_ASK:3M,2026-07-27,1.1166,1.135,1.065,1.1217,-1.0,-1.0,-1
OBM:BID_ASK:3M,2026-07-28,1.0891,1.12,1.065,1.0941,-1.0,-1.0,-1
OBM:BID_ASK:3M,2026-07-29,1.0973,1.125,1.08,1.1023,-1.0,-1.0,-1
OBM:BID_ASK:3M,2026-07-30,1.0853,1.145,1.05,1.0902,-1.0,-1.0,-1
OBM:BID_ASK:3M,2026-07-31,1.1225,1.14,1.1,1.1275,-1.0,-1.0,-1
OBM:BID_ASK:3M,2026-08-03,1.1637,1.2,1.135,1.1685,-1.0,-1.0,-1
OBM:BID_ASK:3M,2026-08-04,1.1533,1.175,1.13,1.1584,-1.0,-1.0,-1
OBM:BID_ASK:3M,2026-08-05,1.2039,1.25,1.155,1.2091,-1.0,-1.0,-1
OBM:BID_ASK:3M,2026-08-06,1.3285,1.36,1.3,1.3336,-1.0,-1.0,-1
OBM:BID_ASK:3M,2026-08-07,1.3268,1.35,1.285,1.3318,-1.0,-1.0,-1
OBM:BID_ASK:3M,2026-08-10,1.3654,1.445,1.34,1.3705,-1.0,-1.0,-1
OBM:BID_ASK:3M,2026-08-11,1.3677,1.41,1.345,1.3725,-1.0,-1.0,-1
OBM:BID_ASK:3M,2026-08-12,1.3642,1.385,1.33,1.3691,-1.0,-1.0,-1
OBM:BID_ASK:3M,2026-08-13,1.3617,1.395,1.34,1.3665,-1.0,-1.0,-1
OBM:BID_ASK:3M,2026-08-14,1.3247,1.355,1.29,1.3297,-1.0,-1.0,-1
OBM:BID_ASK:3M,2026-08-17,1.3718,1.39,1.325,1.3767,-1.0,-1.0,-1
OBM:BID_ASK:3M,2026-08-18,1.3806,1.41,1.36,1.3855,-1.0,-1.0,-1
OBM:BID_ASK:3M,2026-08-19,1.3869,1.42,1.31,1.392,-1.0,-1.0,-1
OBM:BID_ASK:3M,2026-08-20,1.558,1.585,1.475,1.563,-1.0,-1.0,-1
OBM:BID_ASK:3M,2026-08-21,1.5956,1.635,1.555,1.6006,-1.0,-1.0,-1
OBM:BID_ASK:3M,2026-08-24,1.6616,1.69,1.615,1.6668,-1.0,-1.0,-1
CYL:TRADES:2Y,2024-08-26,2.19,2.205,2.11,2.15,400718.0,2.145,307
CYL:TRADES:2Y,2024-08-27,2.14,2.14,2.02,2.11,643304.0,2.058,388
CYL:TRADES:2Y,2024-08-28,2.09,2.15,2.05,2.1,529279.0,2.1155,304
CYL:TRADES:2Y,2024-08-29,2.09,2.18,2.09,2.18,343560.0,2.144,272
CYL:TRADES:2Y,2024-08-30,2.15,2.29,2.15,2.28,1230081.0,2.2425,672
CYL:TRADES:2Y,2024-09-02,2.29,2.29,2.19,2.23,709032.0,2.2395,632
CYL:TRADES:2Y,2024-09-03,2.24,2.28,2.19,2.25,648202.0,2.23,390
CYL:TRADES:2Y,2024-09-04,2.15,2.2,2.09,2.14,468894.0,2.139,427
CYL:TRADES:2Y,2024-09-05,2.14,2.2,2.04,2.06,639259.0,2.1005,563
CYL:TRADES:2Y,2024-09-06,2.1,2.18,2.07,2.17,391387.0,2.1275,428
CYL:TRADES:2Y,2024-09-09,2.17,2.21,2.1,2.11,239321.0,2.169,216
CYL:TRADES:2Y,2024-09-10,2.15,2.25,2.145,2.2,424721.0,2.1915,348
CYL:TRADES:2Y,2024-09-11,2.25,2.35,2.2,2.28,1021996.0,2.295,642
CYL:TRADES:2Y,2024-09-12,2.3,2.52,2.3,2.49,979511.0,2.4305,776
CYL:TRADES:2Y,2024-09-13,2.56,2.68,2.55,2.67,1001376.0,2.617,957
CYL:TRADES:2Y,2024-09-16,2.7,2.84,2.6,2.81,789977.0,2.7285,608
CYL:TRADES:2Y,2024-09-17,2.8,2.85,2.51,2.67,922193.0,2.674,640
CYL:TRADES:2Y,2024-09-18,2.66,2.74,2.56,2.69,438958.0,2.679,596
CYL:TRADES:2Y,2024-09-19,2.68,2.7,2.58,2.65,553137.0,2.648,542
CYL:TRADES:2Y,2024-09-20,2.63,2.7,2.57,2.58,660100.0,2.6165,616
CYL:TRADES:2Y,2024-09-23,2.51,2.73,2.51,2.69,984632.0,2.624,669
CYL:TRADES:2Y,2024-09-24,2.69,2.86,2.67,2.83,723095.0,2.8035,720
CYL:TRADES:2Y,2024-09-25,2.82,2.9,2.76,2.78,739101.0,2.815,698
CYL:TRADES:2Y,2024-09-26,2.74,2.865,2.73,2.77,501537.0,2.801,485
CYL:TRADES:2Y,2024-09-27,2.73,2.83,2.68,2.78,632029.0,2.755,734
CYL:TRADES:2Y,2024-09-30,2.76,2.84,2.71,2.75,799838.0,2.786,1047
CYL:TRADES:2Y,2024-10-01,2.74,2.77,2.63,2.67,558890.0,2.681,680
CYL:TRADES:2Y,2024-10-02,2.67,2.87,2.67,2.84,1264923.0,2.8175,972
CYL:TRADES:2Y,2024-10-03,2.85,2.94,2.83,2.92,1104863.0,2.882,966
CYL:TRADES:2Y,2024-10-04,2.92,3.09,2.85,2.9,1360334.0,2.962,1170
CYL:TRADES:2Y,2024-10-07,2.93,2.95,2.75,2.82,698477.0,2.811,722
CYL:TRADES:2Y,2024-10-08,2.79,2.84,2.69,2.79,737265.0,2.7685,1012
CYL:TRADES:2Y,2024-10-09,2.75,2.94,2.72,2.9,916063.0,2.8835,1139
CYL:TRADES:2Y,2024-10-10,2.91,3.02,2.89,2.94,947110.0,2.9545,1110
CYL:TRADES:2Y,2024-10-11,2.97,3.0,2.9,2.94,470679.0,2.9555,725
CYL:TRADES:2Y,2024-10-14,2.97,3.11,2.95,3.0,1483439.0,3.035,969
CYL:TRADES:2Y,2024-10-15,3.01,3.11,3.01,3.09,458937.0,3.0685,838
CYL:TRADES:2Y,2024-10-16,3.05,3.16,2.98,3.06,881841.0,3.0875,793
CYL:TRADES:2Y,2024-10-17,3.07,3.29,3.06,3.19,1229612.0,3.1835,1329
CYL:TRADES:2Y,2024-10-18,3.2,3.4,3.2,3.36,1365849.0,3.311,1241
CYL:TRADES:2Y,2024-10-21,3.43,3.56,3.4,3.51,1529688.0,3.4835,1416
CYL:TRADES:2Y,2024-10-22,3.5,3.54,3.37,3.51,1013047.0,3.48,1692
CYL:TRADES:2Y,2024-10-23,3.42,3.54,3.29,3.53,1032322.0,3.4805,1553
CYL:TRADES:2Y,2024-10-24,3.48,3.51,3.41,3.47,552000.0,3.4635,878
CYL:TRADES:2Y,2024-10-25,3.51,3.61,3.45,3.52,662981.0,3.5315,1111
CYL:TRADES:2Y,2024-10-28,3.51,3.54,3.39,3.39,660839.0,3.4485,818
CYL:TRADES:2Y,2024-10-29,3.39,3.4,3.29,3.33,1335646.0,3.332,1609
CYL:TRADES:2Y,2024-10-30,3.39,3.48,3.34,3.39,635996.0,3.414,861
CYL:TRADES:2Y,2024-10-31,3.35,3.545,3.32,3.47,1019320.0,3.475,1685
CYL:TRADES:2Y,2024-11-01,3.32,3.57,3.3,3.54,825129.0,3.4395,983
CYL:TRADES:2Y,2024-11-04,3.57,3.61,3.38,3.39,1129536.0,3.449,1422
CYL:TRADES:2Y,2024-11-05,3.37,3.4,3.29,3.33,854122.0,3.3435,1384
CYL:TRADES:2Y,2024-11-06,3.33,3.43,3.3,3.4,429115.0,3.391,821
CYL:TRADES:2Y,2024-11-07,3.25,3.25,2.77,2.78,2838348.0,2.934,2308
CYL:TRADES:2Y,2024-11-08,2.93,3.08,2.93,3.07,1444210.0,3.007,1469
CYL:TRADES:2Y,2024-11-11,3.03,3.19,3.01,3.09,787584.0,3.111,1214
CYL:TRADES:2Y,2024-11-12,2.93,2.93,2.8,2.83,1791808.0,2.85,1636
CYL:TRADES:2Y,2024-11-13,2.8,2.99,2.8,2.87,810359.0,2.8945,1205
CYL:TRADES:2Y,2024-11-14,2.76,2.79,2.62,2.64,1223293.0,2.6985,1069
CYL:TRADES:2Y,2024-11-15,2.65,2.7,2.63,2.65,823503.0,2.6655,764
CYL:TRADES:2Y,2024-11-18,2.56,2.78,2.56,2.74,878175.0,2.706,1303
CYL:TRADES:2Y,2024-11-19,2.78,2.86,2.77,2.82,830018.0,2.8135,1253
CYL:TRADES:2Y,2024-11-20,2.87,3.04,2.86,2.95,1299081.0,2.961,2464
CYL:TRADES:2Y,2024-11-21,3.03,3.09,2.97,3.06,1034045.0,3.0595,2273
CYL:TRADES:2Y,2024-11-22,3.09,3.27,3.04,3.24,1159023.0,3.1905,2290
CYL:TRADES:2Y,2024-11-25,3.27,3.3,2.59,2.6,3574325.0,2.883,3046
CYL:TRADES:2Y,2024-11-26,2.62,2.74,2.61,2.74,1032459.0,2.698,1129
CYL:TRADES:2Y,2024-11-27,2.74,2.88,2.74,2.77,798855.0,2.8025,1143
CYL:TRADES:2Y,2024-11-28,2.8,2.8,2.61,2.66,1323460.0,2.6735,1149
CYL:TRADES:2Y,2024-11-29,2.66,2.745,2.62,2.69,729476.0,2.6825,1001
CYL:TRADES:2Y,2024-12-02,2.71,2.74,2.5,2.62,1284380.0,2.6035,1333
CYL:TRADES:2Y,2024-12-03,2.64,2.68,2.55,2.56,695272.0,2.6105,945
CYL:TRADES:2Y,2024-12-04,2.55,2.73,2.55,2.72,944452.0,2.668,1217
CYL:TRADES:2Y,2024-12-05,2.7,2.82,2.69,2.77,542954.0,2.766,719
CYL:TRADES:2Y,2024-12-06,2.77,2.77,2.65,2.7,382629.0,2.6915,740
CYL:TRADES:2Y,2024-12-09,2.65,2.71,2.63,2.66,277562.0,2.676,594
CYL:TRADES:2Y,2024-12-10,2.71,2.825,2.71,2.8,529860.0,2.772,1041
CYL:TRADES:2Y,2024-12-11,2.8,2.84,2.75,2.79,418434.0,2.7945,645
CYL:TRADES:2Y,2024-12-12,2.86,2.99,2.85,2.86,610123.0,2.895,966
CYL:TRADES:2Y,2024-12-13,2.84,2.9,2.71,2.9,1123039.0,2.8515,579
CYL:TRADES:2Y,2024-12-16,2.85,2.88,2.66,2.66,980857.0,2.7615,1044
CYL:TRADES:2Y,2024-12-17,2.67,2.73,2.62,2.7,452011.0,2.6825,745
CYL:TRADES:2Y,2024-12-18,2.71,2.83,2.64,2.79,484367.0,2.7755,909
CYL:TRADES:2Y,2024-12-19,2.65,2.65,2.55,2.62,579098.0,2.5925,775
CYL:TRADES:2Y,2024-12-20,2.61,2.61,2.5,2.5,440967.0,2.538,473
CYL:TRADES:2Y,2024-12-23,2.55,2.59,2.51,2.56,301588.0,2.546,473
CYL:TRADES:2Y,2024-12-24,2.57,2.59,2.46,2.56,762616.0,2.5145,483
CYL:TRADES:2Y,2024-12-27,2.56,2.63,2.56,2.6,108567.0,2.602,232
CYL:TRADES:2Y,2024-12-30,2.6,2.66,2.55,2.63,317076.0,2.6175,666
CYL:TRADES:2Y,2024-12-31,2.63,2.64,2.57,2.58,215171.0,2.6055,445
CYL:TRADES:2Y,2025-01-02,2.57,2.7,2.57,2.6,392857.0,2.648,720
CYL:TRADES:2Y,2025-01-03,2.66,2.76,2.66,2.76,331739.0,2.7275,600
CYL:TRADES:2Y,2025-01-06,2.76,2.77,2.65,2.66,406662.0,2.7045,787
CYL:TRADES:2Y,2025-01-07,2.66,2.69,2.62,2.66,314173.0,2.648,539
CYL:TRADES:2Y,2025-01-08,2.67,2.75,2.65,2.67,288294.0,2.687,814
CYL:TRADES:2Y,2025-01-09,2.75,2.92,2.73,2.84,599346.0,2.8555,816
CYL:TRADES:2Y,2025-01-10,2.84,3.03,2.835,3.0,1300393.0,2.977,1178
CYL:TRADES:2Y,2025-01-13,3.0,3.045,2.94,3.02,722569.0,3.0075,914
CYL:TRADES:2Y,2025-01-14,2.89,3.09,2.85,3.09,658508.0,3.019,837
CYL:TRADES:2Y,2025-01-15,3.09,3.25,3.09,3.13,665552.0,3.1765,1008
CYL:TRADES:2Y,2025-01-16,3.24,3.29,3.14,3.28,718880.0,3.2325,952
CYL:TRADES:2Y,2025-01-17,3.3,3.45,3.27,3.44,1463890.0,3.3395,1578
CYL:TRADES:2Y,2025-01-20,3.43,3.44,3.28,3.34,704561.0,3.3605,1118
CYL:TRADES:2Y,2025-01-21,3.36,3.54,3.36,3.54,1502050.0,3.479,1307
CYL:TRADES:2Y,2025-01-22,3.55,3.57,3.4,3.41,1051419.0,3.4715,1320
CYL:TRADES:2Y,2025-01-23,3.54,3.54,3.42,3.52,1158995.0,3.501,1490
CYL:TRADES:2Y,2025-01-24,3.5,3.57,3.47,3.56,799333.0,3.5395,1285
CYL:TRADES:2Y,2025-01-28,3.52,3.55,3.41,3.46,789013.0,3.473,1399
CYL:TRADES:2Y,2025-01-29,3.49,3.7,3.46,3.67,1327576.0,3.6045,1336
CYL:TRADES:2Y,2025-01-30,3.58,3.61,3.34,3.34,1029687.0,3.4405,1528
CYL:TRADES:2Y,2025-01-31,3.51,3.56,3.36,3.51,1066762.0,3.468,1417
CYL:TRADES:2Y,2025-02-03,3.55,3.63,3.51,3.54,1064208.0,3.5595,1510
CYL:TRADES:2Y,2025-02-04,3.57,3.95,3.56,3.86,2005483.0,3.8175,1777
CYL:TRADES:2Y,2025-02-05,3.87,3.95,3.84,3.87,1219738.0,3.8845,1330
CYL:TRADES:2Y,2025-02-06,3.87,3.97,3.7,3.97,1703449.0,3.871,2069
CYL:TRADES:2Y,2025-02-07,3.98,4.08,3.93,3.98,1245961.0,4.002,1357
CYL:TRADES:2Y,2025-02-10,3.93,4.02,3.81,4.0,847116.0,3.9555,1573
CYL:TRADES:2Y,2025-02-11,4.1,4.23,4.02,4.19,1402672.0,4.1355,1682
CYL:TRADES:2Y,2025-02-12,4.14,4.17,4.03,4.05,870217.0,4.095,1402
CYL:TRADES:2Y,2025-02-13,4.09,4.22,4.07,4.17,804753.0,4.1655,1238
CYL:TRADES:2Y,2025-02-14,4.19,4.3,4.12,4.3,651541.0,4.2275,935
CYL:TRADES:2Y,2025-02-17,4.2,4.21,4.05,4.16,661174.0,4.148,1457
CYL:TRADES:2Y,2025-02-18,4.2,4.24,4.12,4.15,316300.0,4.158,766
CYL:TRADES:2Y,2025-02-19,4.16,4.235,4.16,4.23,496456.0,4.1905,1084
CYL:TRADES:2Y,2025-02-20,4.15,4.22,4.09,4.16,550367.0,4.163,1204
CYL:TRADES:2Y,2025-02-21,4.15,4.2,4.01,4.01,624035.0,4.0765,1657
CYL:TRADES:2Y,2025-02-24,4.02,4.04,3.84,3.9,648854.0,3.926,1478
CYL:TRADES:2Y,2025-02-25,3.86,4.1,3.86,4.04,539403.0,4.0205,1171
CYL:TRADES:2Y,2025-02-26,3.92,4.01,3.84,3.96,631661.0,3.96,1251
CYL:TRADES:2Y,2025-02-27,4.04,4.27,4.02,4.22,1136964.0,4.194,1905
CYL:TRADES:2Y,2025-02-28,4.0,4.21,3.9,4.09,975937.0,4.084,2549
CYL:TRADES:2Y,2025-03-03,4.12,4.32,4.03,4.27,1265626.0,4.2,1984
CYL:TRADES:2Y,2025-03-04,4.29,4.3,4.155,4.23,861636.0,4.2225,2309
CYL:TRADES:2Y,2025-03-05,4.26,4.26,4.12,4.19,773866.0,4.185,2028
CYL:TRADES:2Y,2025-03-06,4.15,4.33,4.05,4.27,1045122.0,4.24,1972
CYL:TRADES:2Y,2025-03-07,4.21,4.27,4.03,4.14,1261354.0,4.128,3169
CYL:TRADES:2Y,2025-03-10,4.18,4.68,4.18,4.68,1639626.0,4.493,3475
CYL:TRADES:2Y,2025-03-11,4.41,4.48,4.08,4.11,2186528.0,4.2015,4683
CYL:TRADES:2Y,2025-03-12,4.26,4.4,4.17,4.35,1294322.0,4.2885,2979
CYL:TRADES:2Y,2025-03-13,4.45,4.54,4.37,4.41,1286033.0,4.446,2930
CYL:TRADES:2Y,2025-03-14,4.59,4.73,4.49,4.64,2268209.0,4.628,3883
CYL:TRADES:2Y,2025-03-17,4.6,4.72,4.55,4.65,1038805.0,4.6425,2276
CYL:TRADES:2Y,2025-03-18,4.65,4.72,4.52,4.64,1094814.0,4.6265,2549
CYL:TRADES:2Y,2025-03-19,4.7,4.75,4.6,4.6,1256541.0,4.666,3079
CYL:TRADES:2Y,2025-03-25,4.75,4.91,4.45,4.91,2838337.0,4.8035,5975
CYL:TRADES:2Y,2025-03-26,4.93,5.28,4.93,5.03,2380243.0,5.1015,5570
CYL:TRADES:2Y,2025-03-27,5.44,5.46,5.1,5.38,6142811.0,5.356,4781
CYL:TRADES:2Y,2025-03-28,5.36,5.6,5.28,5.51,2090387.0,5.5145,4924
CYL:TRADES:2Y,2025-03-31,5.45,5.875,5.32,5.78,1813633.0,5.6795,4091
CYL:TRADES:2Y,2025-04-01,5.75,5.92,5.66,5.9,1754058.0,5.847,5033
CYL:TRADES:2Y,2025-04-02,5.9,5.955,5.72,5.72,1175825.0,5.817,2943
CYL:TRADES:2Y,2025-04-03,5.69,5.82,5.65,5.75,931300.0,5.7605,3129
CYL:TRADES:2Y,2025-04-04,5.5,5.855,5.42,5.77,894842.0,5.755,2789
CYL:TRADES:2Y,2025-04-07,5.48,5.66,5.33,5.62,1734279.0,5.52,3905
CYL:TRADES:2Y,2025-04-08,5.68,6.04,5.6,5.98,1747590.0,5.923,4633
CYL:TRADES:2Y,2025-04-09,5.82,5.84,5.5,5.52,1350298.0,5.683,4109
CYL:TRADES:2Y,2025-04-10,5.71,5.93,5.71,5.93,1826822.0,5.8395,5678
CYL:TRADES:2Y,2025-04-11,6.0,6.21,5.98,6.21,1827971.0,6.103,4597
CYL:TRADES:2Y,2025-04-14,6.32,6.5,6.17,6.49,1140130.0,6.396,3612
CYL:TRADES:2Y,2025-04-15,6.53,6.78,6.36,6.44,1470773.0,6.4945,5716
CYL:TRADES:2Y,2025-04-16,6.41,6.79,6.41,6.7,1517462.0,6.6865,3603
CYL:TRADES:2Y,2025-04-17,6.79,6.91,6.42,6.64,1636259.0,6.6995,3968
CYL:TRADES:2Y,2025-04-22,6.65,6.77,6.56,6.68,1108129.0,6.6575,4382
CYL:TRADES:2Y,2025-04-23,6.58,6.58,6.25,6.31,1603966.0,6.348,5140
CYL:TRADES:2Y,2025-04-24,6.25,6.62,6.23,6.56,939774.0,6.485,3396
CYL:TRADES:2Y,2025-04-28,6.52,6.58,6.29,6.44,936152.0,6.418,2922
CYL:TRADES:2Y,2025-04-29,6.4,6.43,6.05,6.26,1298273.0,6.2085,3739
CYL:TRADES:2Y,2025-04-30,6.25,6.26,5.62,5.67,1793788.0,5.822,5713
CYL:TRADES:2Y,2025-05-01,5.62,5.67,5.5,5.5,1468181.0,5.593,6105
CYL:TRADES:2Y,2025-05-02,5.5,5.66,5.24,5.63,1312392.0,5.4545,5025
CYL:TRADES:2Y,2025-05-05,5.55,5.75,5.51,5.61,1066613.0,5.6515,3474
CYL:TRADES:2Y,2025-05-06,5.72,5.87,5.71,5.83,1253138.0,5.794,3437
CYL:TRADES:2Y,2025-05-08,6.0,6.42,5.91,6.32,1056705.0,6.266,5403
CYL:TRADES:2Y,2025-05-09,6.23,6.23,5.76,6.08,1082976.0,6.0435,4432
CYL:TRADES:2Y,2025-05-12,6.15,6.4,6.0,6.33,1454460.0,6.2375,6029
CYL:TRADES:2Y,2025-05-13,6.04,6.26,5.6,6.21,1868121.0,5.966,7574
CYL:TRADES:2Y,2025-05-14,6.48,6.83,6.48,6.61,2527850.0,6.648,9312
CYL:TRADES:2Y,2025-05-15,6.44,6.6,6.21,6.54,1944507.0,6.444,7744
CYL:TRADES:2Y,2025-05-16,6.88,7.125,6.79,6.84,1910814.0,6.927,5473
CYL:TRADES:2Y,2025-05-19,6.8,7.1,6.8,6.99,1746666.0,6.968,6300
CYL:TRADES:2Y,2025-05-20,7.19,7.19,6.61,6.64,1366951.0,6.893,6680
CYL:TRADES:2Y,2025-05-23,6.34,6.56,6.25,6.35,2244221.0,6.3905,10495
CYL:TRADES:2Y,2025-05-26,6.32,6.49,6.06,6.41,2190842.0,6.323,9111
CYL:TRADES:2Y,2025-05-27,6.33,6.39,6.08,6.1,1175371.0,6.205,5259
CYL:TRADES:2Y,2025-05-28,6.08,6.21,6.02,6.16,887990.0,6.1315,4287
CYL:TRADES:2Y,2025-05-29,6.1,6.33,5.98,6.25,1882282.0,6.1435,12697
CYL:TRADES:2Y,2025-05-30,6.2,6.56,6.2,6.45,11803497.0,6.444,8479
CYL:TRADES:2Y,2025-06-02,6.45,6.8,6.45,6.7,1406953.0,6.6625,7013
CYL:TRADES:2Y,2025-06-03,7.02,7.3,6.98,7.22,2212512.0,7.153,10858
CYL:TRADES:2Y,2025-06-04,7.23,7.23,6.85,7.09,1472520.0,7.0595,7096
CYL:TRADES:2Y,2025-06-05,7.17,7.17,6.84,6.84,1589881.0,6.9595,7590
CYL:TRADES:2Y,2025-06-06,6.85,6.9,6.64,6.84,1071645.0,6.767,4954
CYL:TRADES:2Y,2025-06-10,6.85,6.9,6.5,6.57,1790707.0,6.607,7952
CYL:TRADES:2Y,2025-06-11,6.4,6.54,6.32,6.37,1190506.0,6.411,8115
CYL:TRADES:2Y,2025-06-12,6.48,6.78,6.39,6.7,1382542.0,6.622,6196
CYL:TRADES:2Y,2025-06-13,6.77,7.055,6.71,7.03,1470520.0,6.9235,6534
CYL:TRADES:2Y,2025-06-16,7.09,7.26,6.16,6.16,4475333.0,6.623,15793
CYL:TRADES:2Y,2025-06-17,6.31,6.53,6.19,6.32,2333284.0,6.3515,7866
CYL:TRADES:2Y,2025-06-18,6.2,6.225,5.71,5.8,4700945.0,5.8665,14323
CYL:TRADES:2Y,2025-06-19,5.78,5.95,5.485,5.75,2374122.0,5.6605,7667
CYL:TRADES:2Y,2025-06-20,5.74,5.87,5.65,5.8,10271587.0,5.7965,5022
CYL:TRADES:2Y,2025-06-23,5.74,5.84,5.55,5.66,1701571.0,5.6485,5872
CYL:TRADES:2Y,2025-06-24,5.71,5.83,5.42,5.42,2434511.0,5.5175,6077
CYL:TRADES:2Y,2025-06-25,5.31,5.39,5.08,5.39,2679713.0,5.2795,8358
CYL:TRADES:2Y,2025-06-26,5.32,5.35,5.15,5.29,1652258.0,5.2365,5651
CYL:TRADES:2Y,2025-06-27,5.22,5.42,5.13,5.15,1418657.0,5.2405,5539
CYL:TRADES:2Y,2025-06-30,5.06,5.285,5.03,5.22,1194478.0,5.1795,4480
CYL:TRADES:2Y,2025-07-01,5.35,5.36,5.17,5.25,1533093.0,5.28,5323
CYL:TRADES:2Y,2025-07-02,5.25,5.38,5.17,5.32,971758.0,5.2765,4241
CYL:TRADES:2Y,2025-07-03,5.36,5.45,5.23,5.36,849082.0,5.33,3433
CYL:TRADES:2Y,2025-07-04,5.42,5.42,5.24,5.35,791481.0,5.329,3497
CYL:TRADES:2Y,2025-07-07,5.37,5.37,5.1,5.17,661274.0,5.2045,2952
CYL:TRADES:2Y,2025-07-08,5.18,5.6,5.18,5.58,1210652.0,5.5175,4163
CYL:TRADES:2Y,2025-07-09,5.49,5.69,5.31,5.32,1488284.0,5.3885,5936
CYL:TRADES:2Y,2025-07-10,5.47,5.52,5.17,5.2,907890.0,5.258,4826
CYL:TRADES:2Y,2025-07-11,5.2,5.21,4.83,4.87,1700351.0,4.9745,4728
CYL:TRADES:2Y,2025-07-14,4.9,5.04,4.865,4.97,1400373.0,4.948,5327
CYL:TRADES:2Y,2025-07-15,4.93,5.02,4.8,5.02,742581.0,4.9335,4782
CYL:TRADES:2Y,2025-07-16,4.91,4.92,4.79,4.87,1578707.0,4.8525,4955
CYL:TRADES:2Y,2025-07-17,4.9,4.95,4.68,4.71,1605429.0,4.7375,5786
CYL:TRADES:2Y,2025-07-18,4.72,4.93,4.71,4.9,1716565.0,4.844,5916
CYL:TRADES:2Y,2025-07-21,4.85,4.95,4.8,4.88,1060343.0,4.8775,4199
CYL:TRADES:2Y,2025-07-22,4.98,5.1,4.96,5.03,743800.0,5.0475,4036
CYL:TRADES:2Y,2025-07-23,5.15,5.2,5.01,5.07,1104303.0,5.1085,5790
CYL:TRADES:2Y,2025-07-24,5.05,5.05,4.76,4.93,1068217.0,4.9105,5292
CYL:TRADES:2Y,2025-07-25,4.9,4.93,4.71,4.73,912283.0,4.7745,4167
CYL:TRADES:2Y,2025-07-28,4.84,4.9,4.71,4.74,699621.0,4.781,3216
CYL:TRADES:2Y,2025-07-29,4.68,4.86,4.56,4.81,793600.0,4.7705,4482
CYL:TRADES:2Y,2025-07-30,4.82,5.09,4.75,5.07,841808.0,5.006,4045
CYL:TRADES:2Y,2025-07-31,4.99,5.15,4.9,5.1,819201.0,5.0485,4563
CYL:TRADES:2Y,2025-08-01,5.12,5.18,5.04,5.08,546692.0,5.097,3633
CYL:TRADES:2Y,2025-08-04,5.31,5.59,5.21,5.53,1721237.0,5.46,7327
CYL:TRADES:2Y,2025-08-05,5.64,5.85,5.55,5.83,2108332.0,5.769,8586
CYL:TRADES:2Y,2025-08-06,5.95,6.35,5.93,6.35,2140907.0,6.2485,8643
CYL:TRADES:2Y,2025-08-07,6.5,6.59,6.28,6.4,1159485.0,6.3965,7518
CYL:TRADES:2Y,2025-08-08,6.44,6.5,6.3,6.3,1410116.0,6.416,6645
CYL:TRADES:2Y,2025-08-11,6.4,6.43,6.19,6.29,1119633.0,6.2835,6132
CYL:TRADES:2Y,2025-08-12,6.22,6.435,6.15,6.34,1507550.0,6.3415,6549
CYL:TRADES:2Y,2025-08-13,6.24,6.52,6.24,6.52,1471052.0,6.437,6980
CYL:TRADES:2Y,2025-08-14,6.55,7.0,6.55,6.88,1696560.0,6.855,9223
CYL:TRADES:2Y,2025-08-15,6.8,6.9,6.68,6.76,1258808.0,6.753,7921
CYL:TRADES:2Y,2025-08-18,6.77,6.79,6.53,6.64,816916.0,6.6505,5057
CYL:TRADES:2Y,2025-08-19,6.69,6.81,6.665,6.73,1005964.0,6.738,5891
CYL:TRADES:2Y,2025-08-20,6.64,6.69,6.49,6.65,996153.0,6.5955,4974
CYL:TRADES:2Y,2025-08-21,6.79,6.945,6.71,6.75,2270345.0,6.8105,7775
CYL:TRADES:2Y,2025-08-22,6.98,7.07,6.88,6.95,1342744.0,6.9665,6436
CYL:TRADES:2Y,2025-08-26,6.81,7.46,6.81,7.45,3120253.0,7.245,10602
CYL:TRADES:2Y,2025-08-27,7.34,7.37,7.07,7.21,1601710.0,7.2055,6911
CYL:TRADES:2Y,2025-08-28,7.13,7.19,6.93,7.12,911840.0,7.081,6030
CYL:TRADES:2Y,2025-08-29,7.13,7.31,6.95,7.25,1187887.0,7.1555,7033
CYL:TRADES:2Y,2025-09-01,7.46,8.16,7.46,7.87,2684481.0,7.89,12053
CYL:TRADES:2Y,2025-09-02,7.86,8.06,7.825,7.94,2011188.0,7.9025,10411
CYL:TRADES:2Y,2025-09-03,8.09,8.25,8.03,8.14,2444243.0,8.147,8481
CYL:TRADES:2Y,2025-09-04,8.11,8.11,7.02,7.08,2754516.0,7.4625,15540
CYL:TRADES:2Y,2025-09-05,7.11,7.76,7.09,7.73,2013303.0,7.417,11483
CYL:TRADES:2Y,2025-09-08,7.81,8.05,7.68,7.82,1297547.0,7.8335,7658
CYL:TRADES:2Y,2025-09-09,7.84,8.32,7.77,8.22,2344019.0,8.163,10021
CYL:TRADES:2Y,2025-09-10,8.25,8.46,7.98,8.06,2451048.0,8.169,11595
CYL:TRADES:2Y,2025-09-11,8.37,8.43,8.15,8.3,1916768.0,8.3065,10603
CYL:TRADES:2Y,2025-09-12,8.25,8.37,7.82,7.82,2426305.0,7.983,11413
CYL:TRADES:2Y,2025-09-15,7.6,7.8,7.38,7.8,6384845.0,7.7175,8311
CYL:TRADES:2Y,2025-09-16,8.06,8.19,7.76,7.84,2441914.0,7.8865,8835
CYL:TRADES:2Y,2025-09-17,7.78,8.04,7.69,7.69,2327805.0,7.796,6692
CYL:TRADES:2Y,2025-09-18,7.77,8.27,7.69,8.23,3571725.0,8.092,9570
CYL:TRADES:2Y,2025-09-19,8.31,8.36,7.87,8.04,27003854.0,8.044,11389
CYL:TRADES:2Y,2025-09-22,8.38,8.63,8.3,8.59,2875963.0,8.536,11710
CYL:TRADES:2Y,2025-09-23,8.56,8.63,8.28,8.45,1911536.0,8.4415,8326
CYL:TRADES:2Y,2025-09-24,8.26,8.41,8.035,8.36,1716326.0,8.2625,10804
CYL:TRADES:2Y,2025-09-25,8.14,8.14,7.71,7.71,2448482.0,7.929,8957
CYL:TRADES:2Y,2025-09-26,7.67,7.93,7.63,7.92,1438428.0,7.8185,8479
CYL:TRADES:2Y,2025-09-29,8.1,8.22,7.86,8.07,1550891.0,8.049,7783
CYL:TRADES:2Y,2025-09-30,8.1,8.17,7.865,7.9,1616918.0,7.9845,9926
CYL:TRADES:2Y,2025-10-01,7.8,8.18,7.73,8.06,2419634.0,8.0535,11339
CYL:TRADES:2Y,2025-10-02,8.14,8.455,8.09,8.36,2299909.0,8.313,11433
CYL:TRADES:2Y,2025-10-03,8.22,8.28,8.04,8.06,1833283.0,8.123,7831
CYL:TRADES:2Y,2025-10-06,8.15,8.45,8.1,8.16,1004303.0,8.2395,5275
CYL:TRADES:2Y,2025-10-07,8.17,8.23,7.51,7.6,2139443.0,7.727,8675
CYL:TRADES:2Y,2025-10-08,7.38,7.46,6.8,7.46,2884594.0,7.2215,13302
CYL:TRADES:2Y,2025-10-09,7.51,7.74,7.42,7.59,1935255.0,7.5745,10176
CYL:TRADES:2Y,2025-10-10,7.19,7.51,7.15,7.26,1501284.0,7.3285,8406
CYL:TRADES:2Y,2025-10-13,7.49,7.84,7.33,7.64,1405713.0,7.6775,6910
CYL:TRADES:2Y,2025-10-14,7.9,8.725,7.89,8.71,2909603.0,8.5325,9337
CYL:TRADES:2Y,2025-10-15,8.75,8.86,8.5,8.68,1976106.0,8.693,11847
CYL:TRADES:2Y,2025-10-16,8.83,8.88,8.275,8.3,1246135.0,8.5285,8322
CYL:TRADES:2Y,2025-10-17,8.85,8.86,8.17,8.22,1554915.0,8.3815,9605
CYL:TRADES:2Y,2025-10-20,7.82,7.83,7.52,7.56,1246483.0,7.631,8153
CYL:TRADES:2Y,2025-10-21,7.73,7.82,7.36,7.5,1222496.0,7.519,7407
CYL:TRADES:2Y,2025-10-22,7.0,7.11,6.57,7.02,2600013.0,6.933,9784
CYL:TRADES:2Y,2025-10-23,7.04,7.16,6.99,6.99,1283509.0,7.0525,6962
CYL:TRADES:2Y,2025-10-24,7.0,7.01,6.745,6.86,1413924.0,6.8485,10203
CYL:TRADES:2Y,2025-10-27,6.95,6.95,6.73,6.91,956428.0,6.8645,7750
CYL:TRADES:2Y,2025-10-28,6.6,6.69,6.45,6.54,1532827.0,6.538,10014
CYL:TRADES:2Y,2025-10-29,6.73,6.75,6.51,6.67,1696142.0,6.639,7217
CYL:TRADES:2Y,2025-10-30,6.62,6.745,6.42,6.72,1236499.0,6.6635,8763
CYL:TRADES:2Y,2025-10-31,6.86,7.04,6.73,6.79,1218488.0,6.8735,6726
CYL:TRADES:2Y,2025-11-03,6.84,7.21,6.82,7.07,1361598.0,7.0895,9626
CYL:TRADES:2Y,2025-11-04,7.05,7.09,6.73,6.89,1176637.0,6.8835,8779
CYL:TRADES:2Y,2025-11-05,6.63,6.89,6.38,6.83,1534711.0,6.718,10358
CYL:TRADES:2Y,2025-11-06,7.0,7.15,6.955,7.11,890663.0,7.0705,6529
CYL:TRADES:2Y,2025-11-07,7.06,7.15,6.975,7.03,828961.0,7.046,5960
CYL:TRADES:2Y,2025-11-10,7.25,7.43,7.165,7.37,966013.0,7.3305,7007
CYL:TRADES:2Y,2025-11-11,7.6,7.66,7.32,7.38,950667.0,7.443,6110
CYL:TRADES:2Y,2025-11-12,7.38,7.495,7.19,7.3,748471.0,7.32,6375
CYL:TRADES:2Y,2025-11-13,7.5,7.58,7.345,7.44,607924.0,7.456,6091
CYL:TRADES:2Y,2025-11-14,7.21,7.42,7.09,7.31,815298.0,7.2705,6114
CYL:TRADES:2Y,2025-11-17,7.25,7.38,7.09,7.26,709352.0,7.2735,6552
CYL:TRADES:2Y,2025-11-18,7.18,7.26,6.905,6.95,570884.0,7.052,5814
CYL:TRADES:2Y,2025-11-19,7.12,7.315,7.07,7.26,775786.0,7.2225,5670
CYL:TRADES:2Y,2025-11-20,7.23,7.52,7.2,7.47,743396.0,7.42,6177
CYL:TRADES:2Y,2025-11-21,7.06,7.2,6.74,6.82,947745.0,6.9105,7377
CYL:TRADES:2Y,2025-11-24,6.9,7.07,6.81,6.87,1432838.0,6.9045,9553
CYL:TRADES:2Y,2025-11-25,7.21,7.25,6.76,6.82,797169.0,6.8895,6051
CYL:TRADES:2Y,2025-11-26,6.91,6.955,6.7,6.93,689132.0,6.857,5432
CYL:TRADES:2Y,2025-11-27,7.05,7.07,6.735,6.81,469687.0,6.8685,4487
CYL:TRADES:2Y,2025-11-28,6.69,6.825,6.67,6.77,864762.0,6.767,6575
CYL:TRADES:2Y,2025-12-01,6.8,6.885,6.49,6.53,1130997.0,6.633,6850
CYL:TRADES:2Y,2025-12-02,6.5,6.835,6.48,6.61,933669.0,6.6445,7940
CYL:TRADES:2Y,2025-12-03,6.52,6.68,6.46,6.58,1058042.0,6.5515,8408
CYL:TRADES:2Y,2025-12-04,6.48,6.6,6.34,6.34,1093599.0,6.4345,6774
CYL:TRADES:2Y,2025-12-05,6.5,6.61,6.34,6.55,641967.0,6.5285,4981
CYL:TRADES:2Y,2025-12-08,6.52,6.71,6.49,6.6,735297.0,6.59,5889
CYL:TRADES:2Y,2025-12-09,6.49,6.56,6.34,6.52,1002535.0,6.459,6123
CYL:TRADES:2Y,2025-12-10,6.71,6.775,6.53,6.66,915278.0,6.659,5148
CYL:TRADES:2Y,2025-12-11,6.59,6.6,6.03,6.07,1719136.0,6.248,9033
CYL:TRADES:2Y,2025-12-12,6.55,6.56,6.11,6.34,1735750.0,6.3265,7694
CYL:TRADES:2Y,2025-12-15,6.28,6.6,6.24,6.52,1591587.0,6.4995,9362
CYL:TRADES:2Y,2025-12-16,6.47,6.66,6.425,6.46,929040.0,6.5065,7827
CYL:TRADES:2Y,2025-12-17,6.49,7.045,6.325,7.0,862789.0,6.8425,7329
CYL:TRADES:2Y,2025-12-18,6.74,7.005,6.74,6.92,1344501.0,6.894,11490
CYL:TRADES:2Y,2025-12-19,7.0,7.55,6.99,7.49,5004523.0,7.459,11733
CYL:TRADES:2Y,2025-12-22,7.44,7.73,7.28,7.67,954749.0,7.5875,7268
CYL:TRADES:2Y,2025-12-23,7.69,7.765,7.51,7.67,920845.0,7.658,5966
CYL:TRADES:2Y,2025-12-24,7.74,7.775,7.55,7.67,472854.0,7.684,3225
CYL:TRADES:2Y,2025-12-29,7.65,7.7,7.43,7.6,502381.0,7.577,4614
CYL:TRADES:2Y,2025-12-30,7.29,7.44,7.08,7.3,540221.0,7.29,4456
CYL:TRADES:2Y,2025-12-31,7.31,7.4,7.24,7.36,311616.0,7.344,2088
CYL:TRADES:2Y,2026-01-02,7.38,7.41,7.22,7.38,358059.0,7.3375,2729
CYL:TRADES:2Y,2026-01-05,7.33,7.48,7.2,7.36,491778.0,7.375,4649
CYL:TRADES:2Y,2026-01-06,7.53,7.53,7.255,7.43,580737.0,7.4105,6548
CYL:TRADES:2Y,2026-01-07,7.53,7.65,7.35,7.45,835440.0,7.4655,7553
CYL:TRADES:2Y,2026-01-08,7.38,7.48,7.3,7.36,1102447.0,7.3935,7606
CYL:TRADES:2Y,2026-01-09,7.36,7.465,7.165,7.23,1235355.0,7.273,6463
CYL:TRADES:2Y,2026-01-12,7.38,7.49,7.06,7.18,749440.0,7.2445,5815
CYL:TRADES:2Y,2026-01-13,7.28,7.565,7.24,7.36,1550432.0,7.3955,8269
CYL:TRADES:2Y,2026-01-14,7.37,7.67,7.06,7.67,1334457.0,7.468,8119
CYL:TRADES:2Y,2026-01-15,7.89,8.06,7.68,7.85,1546933.0,7.867,11141
CYL:TRADES:2Y,2026-01-16,7.84,9.0,7.825,9.0,2505385.0,8.625,9509
CYL:TRADES:2Y,2026-01-19,9.1,9.73,9.0,9.64,1835388.0,9.4995,7069
CYL:TRADES:2Y,2026-01-20,9.6,9.63,9.1,9.28,1311798.0,9.288,11550
CYL:TRADES:2Y,2026-01-21,9.55,9.55,9.01,9.26,1442810.0,9.215,9751
CYL:TRADES:2Y,2026-01-22,9.04,9.16,8.82,9.12,1781828.0,9.01,10699
CYL:TRADES:2Y,2026-01-23,9.37,9.45,9.21,9.45,1795357.0,9.3715,11741
CYL:TRADES:2Y,2026-01-27,9.55,9.8,9.46,9.52,1302931.0,9.59,7574
CYL:TRADES:2Y,2026-01-28,9.45,9.6,9.16,9.53,1571319.0,9.4015,11570
CYL:TRADES:2Y,2026-01-29,9.55,9.6,9.06,9.37,822348.0,9.2845,6397
CYL:TRADES:2Y,2026-01-30,9.1,9.13,8.5,8.62,1138540.0,8.7515,6987
CYL:TRADES:2Y,2026-02-02,8.1,8.18,7.73,7.93,1430920.0,7.904,8737
CYL:TRADES:2Y,2026-02-03,8.01,8.16,7.86,7.86,1021737.0,7.9685,6294
CYL:TRADES:2Y,2026-02-04,8.02,8.26,7.9,7.96,1175044.0,8.0595,7440
CYL:TRADES:2Y,2026-02-05,7.95,8.01,7.54,7.72,861045.0,7.7375,5822
CYL:TRADES:2Y,2026-02-06,7.47,7.55,7.14,7.14,1436113.0,7.263,9286
CYL:TRADES:2Y,2026-02-09,7.5,7.75,7.39,7.66,1283448.0,7.5705,6835
CYL:TRADES:2Y,2026-02-10,7.75,7.88,7.64,7.81,1263945.0,7.764,7876
CYL:TRADES:2Y,2026-02-11,7.83,7.95,7.59,7.95,830217.0,7.8525,4403
CYL:TRADES:2Y,2026-02-12,7.82,7.82,7.5,7.69,616552.0,7.6625,4327
CYL:TRADES:2Y,2026-02-13,7.37,7.62,7.22,7.53,1413787.0,7.4545,7198
CYL:TRADES:2Y,2026-02-16,7.67,7.72,7.5,7.55,828004.0,7.5915,4870
CYL:TRADES:2Y,2026-02-17,7.5,7.54,7.36,7.48,666951.0,7.453,3940
CYL:TRADES:2Y,2026-02-18,7.39,7.66,7.29,7.61,659323.0,7.4685,5138
CYL:TRADES:2Y,2026-02-19,7.94,8.38,7.78,7.99,1278755.0,8.074,8226
CYL:TRADES:2Y,2026-02-20,7.91,7.98,7.72,7.92,658522.0,7.8865,4717
CYL:TRADES:2Y,2026-02-23,8.02,8.33,8.0,8.28,683257.0,8.232,4632
CYL:TRADES:2Y,2026-02-24,8.24,8.6,8.04,8.27,1275687.0,8.305,8494
CYL:TRADES:2Y,2026-02-25,8.35,8.63,8.22,8.61,632070.0,8.5365,5193
CYL:TRADES:2Y,2026-02-26,8.62,8.62,8.42,8.48,461891.0,8.5015,3045
CYL:TRADES:2Y,2026-02-27,8.61,8.96,8.44,8.51,890709.0,8.608,7367
CYL:TRADES:2Y,2026-03-02,8.8,8.9,8.48,8.73,672280.0,8.7075,6098
CYL:TRADES:2Y,2026-03-03,8.5,8.57,8.21,8.36,883645.0,8.383,4591
CYL:TRADES:2Y,2026-03-04,7.91,8.2,7.7,8.11,805280.0,8.0145,5291
CYL:TRADES:2Y,2026-03-05,8.06,8.18,7.88,7.94,622246.0,7.9785,4703
CYL:TRADES:2Y,2026-03-06,7.7,7.71,6.98,7.04,2030128.0,7.176,7420
CYL:TRADES:2Y,2026-03-09,7.05,7.08,6.51,6.67,1753878.0,6.719,11934
CYL:TRADES:2Y,2026-03-10,7.01,7.05,6.72,6.78,1085772.0,6.814,5930
CYL:TRADES:2Y,2026-03-11,6.85,6.97,6.605,6.74,930508.0,6.745,5904
CYL:TRADES:2Y,2026-03-12,6.55,6.65,6.38,6.49,958369.0,6.477,4868
CYL:TRADES:2Y,2026-03-13,6.45,6.45,6.23,6.3,1366913.0,6.3245,7063
CYL:TRADES:2Y,2026-03-16,6.12,6.23,6.0,6.15,900484.0,6.128,5639
CYL:TRADES:2Y,2026-03-17,6.32,6.68,6.24,6.62,904248.0,6.5095,5716
CYL:TRADES:2Y,2026-03-18,6.62,6.76,6.565,6.66,852298.0,6.6455,6062
CYL:TRADES:2Y,2026-03-19,6.34,6.39,6.05,6.07,1314410.0,6.18,7057
CYL:TRADES:2Y,2026-03-20,5.85,6.58,5.74,6.58,3763811.0,6.426,8292
CYL:TRADES:2Y,2026-03-23,6.03,6.03,5.53,5.63,2236388.0,5.76,8676
CYL:TRADES:2Y,2026-03-24,6.04,6.09,5.62,5.86,1562462.0,5.8305,7538
CYL:TRADES:2Y,2026-03-25,6.05,6.36,6.05,6.26,1274425.0,6.247,6238
CYL:TRADES:2Y,2026-03-26,6.18,6.25,5.89,6.0,963287.0,6.033,4888
CYL:TRADES:2Y,2026-03-27,5.84,6.09,5.74,6.0,708443.0,5.9765,4672
CYL:TRADES:2Y,2026-03-30,5.85,6.07,5.76,5.95,1000517.0,5.915,5533
CYL:TRADES:2Y,2026-03-31,5.94,6.43,5.84,6.3,935806.0,6.2465,5432
CYL:TRADES:2Y,2026-04-01,6.65,6.81,6.53,6.72,971157.0,6.717,4873
CYL:TRADES:2Y,2026-04-02,6.72,6.87,6.11,6.12,1334208.0,6.3255,5854
CYL:TRADES:2Y,2026-04-07,6.36,6.44,6.15,6.27,523920.0,6.2665,3846
CYL:TRADES:2Y,2026-04-08,6.69,7.005,6.63,6.96,1118900.0,6.8665,6327
CYL:TRADES:2Y,2026-04-09,6.71,7.0,6.54,6.96,891208.0,6.8245,4303
CYL:TRADES:2Y,2026-04-10,6.83,6.945,6.65,6.81,629166.0,6.808,3617
CYL:TRADES:2Y,2026-04-13,6.58,6.62,6.4,6.59,897779.0,6.538,6291
CYL:TRADES:2Y,2026-04-14,6.71,6.81,6.61,6.74,554518.0,6.7065,4357
CYL:TRADES:2Y,2026-04-15,6.81,6.91,6.51,6.64,1167975.0,6.6525,6326
CYL:TRADES:2Y,2026-04-16,6.66,6.79,6.53,6.77,596096.0,6.711,5066
CYL:TRADES:2Y,2026-04-17,6.75,6.75,6.36,6.43,1839743.0,6.473,6342
CYL:TRADES:2Y,2026-04-20,6.3,6.63,6.21,6.63,885685.0,6.545,5475
CYL:TRADES:2Y,2026-04-21,6.57,6.62,6.45,6.56,905027.0,6.5265,6234
CYL:TRADES:2Y,2026-04-22,6.38,6.68,6.3,6.58,1144708.0,6.553,6087
CYL:TRADES:2Y,2026-04-23,6.46,6.62,6.325,6.54,769658.0,6.507,4633
CYL:TRADES:2Y,2026-04-24,6.63,6.63,6.28,6.28,1005208.0,6.3695,7067
CYL:TRADES:2Y,2026-04-27,6.18,6.34,6.15,6.29,1073483.0,6.2435,6099
CYL:TRADES:2Y,2026-04-28,6.13,6.19,6.0,6.04,831277.0,6.074,5557
CYL:TRADES:2Y,2026-04-29,5.74,5.87,5.6,5.65,1604318.0,5.7105,6024
CYL:TRADES:2Y,2026-04-30,5.37,5.46,5.06,5.17,2311771.0,5.227,11872
CYL:TRADES:2Y,2026-05-01,5.32,5.4,5.13,5.21,878761.0,5.242,7160
CYL:TRADES:2Y,2026-05-04,5.22,5.41,5.18,5.4,1139127.0,5.308,4283
CYL:TRADES:2Y,2026-05-05,5.16,5.16,5.02,5.04,1491296.0,5.076,5582
CYL:TRADES:2Y,2026-05-06,5.1,5.15,4.96,5.15,1552358.0,5.058,7228
CYL:TRADES:2Y,2026-05-07,5.42,5.45,5.22,5.36,1328367.0,5.351,6320
CYL:TRADES:2Y,2026-05-08,5.3,5.56,5.3,5.45,1071773.0,5.4705,5499
CYL:TRADES:2Y,2026-05-11,5.38,5.47,5.31,5.38,1162489.0,5.3955,5322
CYL:TRADES:2Y,2026-05-12,5.33,5.66,5.32,5.55,1176966.0,5.5475,6199
CYL:TRADES:2Y,2026-05-13,5.73,5.83,5.61,5.69,1189920.0,5.7125,6819
CYL:TRADES:2Y,2026-05-14,5.69,5.89,5.62,5.86,1325633.0,5.7965,10167
CYL:TRADES:2Y,2026-05-15,5.96,6.05,5.62,5.93,2851153.0,5.881,9450
CYL:TRADES:2Y,2026-05-18,5.73,5.79,5.33,5.46,1018657.0,5.48,8016
CYL:TRADES:2Y,2026-05-19,5.91,5.91,5.36,5.47,1050718.0,5.4975,6423
CYL:TRADES:2Y,2026-05-20,5.4,5.43,5.1,5.19,963084.0,5.2005,5863
CYL:TRADES:2Y,2026-05-21,5.47,5.5,5.31,5.37,784165.0,5.4085,5842
CYL:TRADES:2Y,2026-05-22,5.35,5.41,5.29,5.31,611833.0,5.329,3823
CYL:TRADES:2Y,2026-05-25,5.41,5.67,5.41,5.53,882509.0,5.5615,4883
CYL:TRADES:2Y,2026-05-26,5.55,5.59,5.36,5.44,694440.0,5.4475,4379
CYL:TRADES:2Y,2026-05-27,5.5,5.56,5.27,5.37,999324.0,5.3785,4852
CYL:TRADES:2Y,2026-05-28,5.25,5.25,4.92,4.96,1392546.0,5.0535,4569
CYL:TRADES:2Y,2026-05-29,5.17,5.29,5.14,5.2,1027408.0,5.214,3328
CYL:TRADES:2Y,2026-06-01,5.2,5.41,5.17,5.35,755034.0,5.3115,4089
CYL:TRADES:2Y,2026-06-02,5.2,5.54,5.16,5.52,1055483.0,5.399,4722
CYL:TRADES:2Y,2026-06-03,5.5,5.5,5.25,5.39,838075.0,5.391,6723
CYL:TRADES:2Y,2026-06-04,5.33,5.39,5.2,5.25,804150.0,5.2815,4632
CYL:TRADES:2Y,2026-06-05,5.29,5.3,5.14,5.19,730141.0,5.198,4401
CYL:TRADES:2Y,2026-06-09,4.99,5.02,4.8,4.89,2144455.0,4.898,9429
CYL:TRADES:2Y,2026-06-10,4.7,4.87,4.55,4.72,1368434.0,4.731,7349
CYL:TRADES:2Y,2026-06-11,4.53,4.89,4.48,4.84,1127248.0,4.685,6265
CYL:TRADES:2Y,2026-06-12,5.02,5.17,4.96,5.03,816635.0,5.051,4546
CYL:TRADES:2Y,2026-06-15,5.31,5.72,5.3,5.675,1494166.0,5.605,5565
CYL:TRADES:2Y,2026-06-16,5.57,6.09,5.54,6.075,1697542.0,5.9025,7553
CYL:TRADES:2Y,2026-06-17,6.02,6.46,6.02,6.4,2081549.0,6.306,9614
CYL:TRADES:2Y,2026-06-18,6.32,6.65,6.29,6.4,2053124.0,6.4455,12238
CYL:TRADES:2Y,2026-06-19,6.3,6.41,6.09,6.26,1897094.0,6.2385,9972
CYL:TRADES:2Y,2026-06-22,6.12,6.34,5.96,6.11,1051947.0,6.133,4218
CYL:TRADES:2Y,2026-06-23,6.3,6.32,5.73,5.745,969584.0,5.969,4459
CYL:TRADES:2Y,2026-06-24,5.73,5.75,5.45,5.63,779047.0,5.5515,4130
CYL:TRADES:2Y,2026-06-25,5.44,5.45,5.145,5.22,855049.0,5.2775,3985
CYL:TRADES:2Y,2026-06-26,5.26,5.39,5.21,5.37,991470.0,5.2955,6143
CYL:TRADES:2Y,2026-06-29,5.5,5.565,5.12,5.17,823215.0,5.2425,5471
CYL:TRADES:2Y,2026-06-30,5.0,5.13,4.95,5.07,957797.0,5.0575,5262
CYL:TRADES:2Y,2026-07-01,5.07,5.09,4.77,4.81,1083774.0,4.8665,5053
CYL:TRADES:2Y,2026-07-02,4.9,5.16,4.86,5.16,925690.0,5.017,5252
CYL:TRADES:2Y,2026-07-03,5.47,6.13,5.47,6.1,1617615.0,5.9145,5917
CYL:TRADES:2Y,2026-07-06,6.11,6.32,6.02,6.05,1067825.0,6.131,7104
CYL:TRADES:2Y,2026-07-07,6.04,6.05,5.71,5.75,768439.0,5.8395,5409
CYL:TRADES:2Y,2026-07-08,5.61,5.92,5.5,5.85,824303.0,5.777,5475
CYL:TRADES:2Y,2026-07-09,5.7,5.83,5.46,5.54,911532.0,5.626,7840
CYL:TRADES:2Y,2026-07-10,5.59,5.84,5.57,5.82,537094.0,5.7365,3879
CYL:TRADES:2Y,2026-07-13,5.87,6.03,5.72,5.78,1388412.0,5.8515,6463
CYL:TRADES:2Y,2026-07-14,5.64,5.73,5.48,5.7,780456.0,5.611,4553
CYL:TRADES:2Y,2026-07-15,5.87,5.9,5.72,5.73,660618.0,5.8075,3872
CYL:TRADES:2Y,2026-07-16,5.7,5.74,5.58,5.63,610790.0,5.6345,4639
CYL:TRADES:2Y,2026-07-17,5.46,5.46,5.23,5.32,706494.0,5.3445,3267
CYL:TRADES:2Y,2026-07-20,5.49,5.52,5.28,5.47,334743.0,5.4315,2819
CYL:TRADES:2Y,2026-07-21,5.43,5.62,5.275,5.61,648976.0,5.427,4401
CYL:TRADES:2Y,2026-07-22,5.77,5.95,5.61,5.92,731448.0,5.8185,3988
CYL:TRADES:2Y,2026-07-23,6.07,6.16,5.95,5.98,555712.0,6.045,3833
CYL:TRADES:2Y,2026-07-24,5.85,5.86,5.49,5.61,737941.0,5.6405,5976
CYL:TRADES:2Y,2026-07-27,5.97,6.22,5.91,5.96,1103062.0,6.0725,4631
CYL:TRADES:2Y,2026-07-28,5.92,6.01,5.72,5.81,527418.0,5.8345,3557
CYL:TRADES:2Y,2026-07-29,5.92,5.93,5.64,5.79,450394.0,5.7475,4322
CYL:TRADES:2Y,2026-07-30,5.83,5.83,5.5,5.545,776806.0,5.6535,4942
CYL:TRADES:2Y,2026-07-31,5.63,5.74,5.4,5.4,1308667.0,5.484,6655
CYL:TRADES:2Y,2026-08-03,5.36,5.79,5.34,5.73,1327516.0,5.667,6389
CYL:TRADES:2Y,2026-08-04,5.83,5.91,5.67,5.8,802790.0,5.8035,6689
CYL:TRADES:2Y,2026-08-05,5.82,6.08,5.82,6.07,1300148.0,6.002,7652
CYL:TRADES:2Y,2026-08-06,6.33,6.495,6.25,6.29,2420436.0,6.3645,7279
CYL:TRADES:2Y,2026-08-07,6.32,6.59,6.23,6.42,1650595.0,6.468,8154
CYL:TRADES:2Y,2026-08-10,6.65,6.7,6.46,6.55,1265447.0,6.5645,8796
CYL:TRADES:2Y,2026-08-11,6.54,6.65,6.455,6.47,1232774.0,6.553,4985
CYL:TRADES:2Y,2026-08-12,6.51,6.69,6.46,6.51,1234665.0,6.585,5647
CYL:TRADES:2Y,2026-08-13,6.47,6.58,6.4,6.45,983620.0,6.464,6421
CYL:TRADES:2Y,2026-08-14,6.4,6.42,6.09,6.15,1309512.0,6.243,8595
CYL:TRADES:2Y,2026-08-17,6.28,6.65,6.21,6.55,1584292.0,6.547,9654
CYL:TRADES:2Y,2026-08-18,6.68,6.68,6.38,6.41,818802.0,6.48,7897
CYL:TRADES:2Y,2026-08-19,6.21,6.525,6.1,6.47,920144.0,6.397,8321
CYL:TRADES:2Y,2026-08-20,6.8,6.94,6.5,6.61,2295404.0,6.732,12777
CYL:TRADES:2Y,2026-08-21,6.7,6.88,6.58,6.8,1702973.0,6.8,9225
CYL:TRADES:2Y,2026-08-24,6.96,6.97,6.68,6.77,1695708.0,6.797,10056
CYL:BID_ASK:3M,2026-05-27,5.3805,5.56,5.27,5.376,-1.0,-1.0,-1
CYL:BID_ASK:3M,2026-05-28,5.089,5.26,4.92,5.0785,-1.0,-1.0,-1
CYL:BID_ASK:3M,2026-05-29,5.2375,5.3,5.12,5.224,-1.0,-1.0,-1
CYL:BID_ASK:3M,2026-06-01,5.305,5.42,5.16,5.2975,-1.0,-1.0,-1
CYL:BID_ASK:3M,2026-06-02,5.353,5.54,5.15,5.3475,-1.0,-1.0,-1
CYL:BID_ASK:3M,2026-06-03,5.3745,5.52,5.25,5.367,-1.0,-1.0,-1
CYL:BID_ASK:3M,2026-06-04,5.2995,5.4,5.19,5.2885,-1.0,-1.0,-1
CYL:BID_ASK:3M,2026-06-05,5.199,5.35,5.14,5.1945,-1.0,-1.0,-1
CYL:BID_ASK:3M,2026-06-09,4.886,5.02,4.8,4.877,-1.0,-1.0,-1
CYL:BID_ASK:3M,2026-06-10,4.7405,4.87,4.55,4.738,-1.0,-1.0,-1
CYL:BID_ASK:3M,2026-06-11,4.7255,4.9,4.47,4.738,-1.0,-1.0,-1
CYL:BID_ASK:3M,2026-06-12,5.0365,5.18,4.95,5.0515,-1.0,-1.0,-1
CYL:BID_ASK:3M,2026-06-15,5.587,5.73,5.25,5.6,-1.0,-1.0,-1
CYL:BID_ASK:3M,2026-06-16,5.8985,6.1,5.5,5.914,-1.0,-1.0,-1
CYL:BID_ASK:3M,2026-06-17,6.31,6.47,6.01,6.3255,-1.0,-1.0,-1
CYL:BID_ASK:3M,2026-06-18,6.418,6.65,6.28,6.43,-1.0,-1.0,-1
CYL:BID_ASK:3M,2026-06-19,6.223,6.41,6.02,6.2385,-1.0,-1.0,-1
CYL:BID_ASK:3M,2026-06-22,6.1105,6.35,5.95,6.1235,-1.0,-1.0,-1
CYL:BID_ASK:3M,2026-06-23,5.9145,6.34,5.73,5.93,-1.0,-1.0,-1
CYL:BID_ASK:3M,2026-06-24,5.5235,5.88,5.45,5.54,-1.0,-1.0,-1
CYL:BID_ASK:3M,2026-06-25,5.2505,5.47,5.14,5.262,-1.0,-1.0,-1
CYL:BID_ASK:3M,2026-06-26,5.2855,5.39,5.2,5.2985,-1.0,-1.0,-1
CYL:BID_ASK:3M,2026-06-29,5.23,5.58,5.12,5.2425,-1.0,-1.0,-1
CYL:BID_ASK:3M,2026-06-30,5.062,5.14,4.95,5.0755,-1.0,-1.0,-1
CYL:BID_ASK:3M,2026-07-01,4.859,5.12,4.77,4.871,-1.0,-1.0,-1
CYL:BID_ASK:3M,2026-07-02,5.0235,5.16,4.86,5.0365,-1.0,-1.0,-1
CYL:BID_ASK:3M,2026-07-03,5.9755,6.13,5.45,5.993,-1.0,-1.0,-1
CYL:BID_ASK:3M,2026-07-06,6.1265,6.32,6.02,6.1395,-1.0,-1.0,-1
CYL:BID_ASK:3M,2026-07-07,5.8115,6.08,5.71,5.826,-1.0,-1.0,-1
CYL:BID_ASK:3M,2026-07-08,5.8045,5.92,5.5,5.8195,-1.0,-1.0,-1
CYL:BID_ASK:3M,2026-07-09,5.624,5.84,5.46,5.6375,-1.0,-1.0,-1
CYL:BID_ASK:3M,2026-07-10,5.742,5.84,5.55,5.7555,-1.0,-1.0,-1
CYL:BID_ASK:3M,2026-07-13,5.8495,6.04,5.72,5.863,-1.0,-1.0,-1
CYL:BID_ASK:3M,2026-07-14,5.595,5.74,5.47,5.6105,-1.0,-1.0,-1
CYL:BID_ASK:3M,2026-07-15,5.796,5.91,5.71,5.812,-1.0,-1.0,-1
CYL:BID_ASK:3M,2026-07-16,5.6245,5.76,5.58,5.6375,-1.0,-1.0,-1
CYL:BID_ASK:3M,2026-07-17,5.3235,5.48,5.23,5.34,-1.0,-1.0,-1
CYL:BID_ASK:3M,2026-07-20,5.4265,5.52,5.27,5.4425,-1.0,-1.0,-1
CYL:BID_ASK:3M,2026-07-21,5.443,5.62,5.27,5.456,-1.0,-1.0,-1
CYL:BID_ASK:3M,2026-07-22,5.819,5.95,5.61,5.833,-1.0,-1.0,-1
CYL:BID_ASK:3M,2026-07-23,6.0355,6.16,5.95,6.0485,-1.0,-1.0,-1
CYL:BID_ASK:3M,2026-07-24,5.6305,5.9,5.49,5.6445,-1.0,-1.0,-1
CYL:BID_ASK:3M,2026-07-27,6.018,6.24,5.9,6.0305,-1.0,-1.0,-1
CYL:BID_ASK:3M,2026-07-28,5.81,6.06,5.71,5.825,-1.0,-1.0,-1
CYL:BID_ASK:3M,2026-07-29,5.729,5.94,5.64,5.7435,-1.0,-1.0,-1
CYL:BID_ASK:3M,2026-07-30,5.632,5.88,5.5,5.6445,-1.0,-1.0,-1
CYL:BID_ASK:3M,2026-07-31,5.4685,5.75,5.4,5.483,-1.0,-1.0,-1
CYL:BID_ASK:3M,2026-08-03,5.6905,5.79,5.34,5.7055,-1.0,-1.0,-1
CYL:BID_ASK:3M,2026-08-04,5.807,5.91,5.67,5.8205,-1.0,-1.0,-1
CYL:BID_ASK:3M,2026-08-05,5.988,6.08,5.81,6.002,-1.0,-1.0,-1
CYL:BID_ASK:3M,2026-08-06,6.3535,6.5,6.24,6.3665,-1.0,-1.0,-1
CYL:BID_ASK:3M,2026-08-07,6.46,6.59,6.23,6.4705,-1.0,-1.0,-1
CYL:BID_ASK:3M,2026-08-10,6.533,6.71,6.46,6.5445,-1.0,-1.0,-1
CYL:BID_ASK:3M,2026-08-11,6.539,6.66,6.45,6.5525,-1.0,-1.0,-1
CYL:BID_ASK:3M,2026-08-12,6.587,6.69,6.45,6.5995,-1.0,-1.0,-1
CYL:BID_ASK:3M,2026-08-13,6.4615,6.64,6.4,6.474,-1.0,-1.0,-1
CYL:BID_ASK:3M,2026-08-14,6.2375,6.43,6.09,6.249,-1.0,-1.0,-1
CYL:BID_ASK:3M,2026-08-17,6.541,6.65,6.2,6.5535,-1.0,-1.0,-1
CYL:BID_ASK:3M,2026-08-18,6.451,6.69,6.37,6.4635,-1.0,-1.0,-1
CYL:BID_ASK:3M,2026-08-19,6.429,6.53,6.08,6.4405,-1.0,-1.0,-1
CYL:BID_ASK:3M,2026-08-20,6.6915,6.95,6.49,6.7025,-1.0,-1.0,-1
CYL:BID_ASK:3M,2026-08-21,6.786,6.89,6.57,6.7985,-1.0,-1.0,-1
CYL:BID_ASK:3M,2026-08-24,6.776,6.98,6.67,6.788,-1.0,-1.0,-1
PNR:TRADES:2Y,2024-08-26,1.785,1.955,1.785,1.955,621369.794448,1.885284917720658,706
PNR:TRADES:2Y,2024-08-27,1.955,1.955,1.87,1.87,362796.019992,1.890384876920985,975
PNR:TRADES:2Y,2024-08-28,1.87,2.04,1.785,1.955,650002.729392,1.941384468924249,433
PNR:TRADES:2Y,2024-08-29,1.955,2.04,1.87,1.955,664444.197864,1.977084183326533,711
PNR:TRADES:2Y,2024-08-30,1.955,2.21,1.921,2.125,819134.905968,2.079083367333061,554
PNR:TRADES:2Y,2024-09-02,2.125,2.125,1.955,2.04,432594.34308,2.021283829729362,486
PNR:TRADES:2Y,2024-09-03,2.04,2.04,1.87,1.955,382726.708848,1.958384332925337,560
PNR:TRADES:2Y,2024-09-04,1.87,1.87,1.785,1.785,301710.531312,1.847885216918265,641
PNR:TRADES:2Y,2024-09-05,1.87,2.04,1.87,1.87,516254.306472,1.941384468924249,876
PNR:TRADES:2Y,2024-09-06,1.955,1.989,1.87,1.955,237080.42604,1.943084455324357,423
PNR:TRADES:2Y,2024-09-09,1.955,2.04,1.87,2.04,329091.573888,1.961784305725554,280
PNR:TRADES:2Y,2024-09-10,2.04,2.04,1.955,1.955,99422.26596,1.966884264925881,226
PNR:TRADES:2Y,2024-09-11,1.955,2.04,1.955,1.955,132960.534264,1.970284237726098,394
PNR:TRADES:2Y,2024-09-12,2.04,2.04,1.955,1.955,202096.793232,1.980484156126751,327
PNR:TRADES:2Y,2024-09-13,2.04,2.125,1.955,1.955,478475.063064,2.017883856929145,340
PNR:TRADES:2Y,2024-09-16,2.04,2.21,1.955,2.04,579556.107,2.073983408132735,312
PNR:TRADES:2Y,2024-09-17,2.04,2.21,2.04,2.125,631635.700104,2.12328301373589,409
PNR:TRADES:2Y,2024-09-18,2.125,2.125,2.04,2.125,244396.36692,2.079083367333061,279
PNR:TRADES:2Y,2024-09-19,2.125,2.176,2.04,2.04,201080.785104,2.106283149734802,486
PNR:TRADES:2Y,2024-09-20,2.125,2.21,1.955,2.04,262623.218616,2.051883584931321,528
PNR:TRADES:2Y,2024-09-23,1.955,2.04,1.955,1.955,245140.608168,1.961784305725554,322
PNR:TRADES:2Y,2024-09-24,1.955,1.955,1.87,1.87,268419.323808,1.915884672922617,419
PNR:TRADES:2Y,2024-09-25,1.955,2.04,1.87,1.87,343363.982184,1.963484292125663,364
PNR:TRADES:2Y,2024-09-26,1.955,1.989,1.87,1.955,173719.860336,1.948184414524684,279
PNR:TRADES:2Y,2024-09-27,1.955,1.989,1.87,1.955,670927.249728,1.929484564123487,402
PNR:TRADES:2Y,2024-09-30,1.955,1.955,1.87,1.955,286698.411216,1.924384604923161,320
PNR:TRADES:2Y,2024-10-01,1.87,1.955,1.87,1.955,195765.919056,1.907384740922073,800
PNR:TRADES:2Y,2024-10-02,1.955,1.955,1.87,1.87,603382.297608,1.929484564123487,397
PNR:TRADES:2Y,2024-10-03,1.87,1.955,1.87,1.955,270309.280104,1.919284645722834,406
PNR:TRADES:2Y,2024-10-04,1.955,2.04,1.87,2.04,421425.547848,1.956684346525228,364
PNR:TRADES:2Y,2024-10-07,2.04,2.21,2.04,2.04,1028195.401968,2.094383244934041,427
PNR:TRADES:2Y,2024-10-08,2.04,2.125,2.04,2.04,296310.60576,2.111383108935129,346
PNR:TRADES:2Y,2024-10-09,2.04,2.125,2.04,2.125,221925.422448,2.073983408132735,387
PNR:TRADES:2Y,2024-10-10,2.125,2.125,2.04,2.125,236996.0136,2.101183190534476,641
PNR:TRADES:2Y,2024-10-11,2.125,2.21,1.955,2.04,551831.944032,2.104583163334693,326
PNR:TRADES:2Y,2024-10-14,2.04,2.125,1.955,2.125,448278.409728,2.016183870529036,433
PNR:TRADES:2Y,2024-10-15,2.125,2.125,2.04,2.125,217501.504704,2.073983408132735,149
PNR:TRADES:2Y,2024-10-16,2.125,2.125,1.955,2.125,400046.376816,2.058683530531756,306
PNR:TRADES:2Y,2024-10-17,2.125,2.125,2.04,2.125,1056044.212992,2.084183326533388,366
PNR:TRADES:2Y,2024-10-18,2.125,2.21,2.074,2.125,794318.530968,2.153882768937848,312
PNR:TRADES:2Y,2024-10-21,2.125,2.21,2.04,2.125,1477102.757904,2.111383108935129,830
PNR:TRADES:2Y,2024-10-22,2.125,2.125,1.989,2.04,651013.502184,2.070583435332517,509
PNR:TRADES:2Y,2024-10-23,2.04,2.125,1.955,2.125,1079448.282576,2.058683530531756,654
PNR:TRADES:2Y,2024-10-24,2.04,2.125,1.955,2.125,891716.074848,2.060383516931865,694
PNR:TRADES:2Y,2024-10-25,2.125,2.125,2.04,2.125,398194.832592,2.070583435332517,296
PNR:TRADES:2Y,2024-10-28,2.04,2.074,1.955,1.955,429008.255568,2.016183870529036,347
PNR:TRADES:2Y,2024-10-29,1.955,2.125,1.955,2.125,591968.206296,2.055283557731538,604
PNR:TRADES:2Y,2024-10-30,2.125,2.125,2.04,2.125,461747.870424,2.121583027335781,512
PNR:TRADES:2Y,2024-10-31,2.125,2.21,2.125,2.125,910959.581736,2.133482932136543,585
PNR:TRADES:2Y,2024-11-01,2.125,2.125,2.04,2.125,256657.759128,2.101183190534476,463
PNR:TRADES:2Y,2024-11-04,2.125,2.125,2.04,2.04,264426.82128,2.084183326533388,370
PNR:TRADES:2Y,2024-11-05,2.125,2.125,1.955,2.04,455222.406456,2.055283557731538,345
PNR:TRADES:2Y,2024-11-06,2.04,2.04,1.87,1.87,348596.61228,1.951584387324901,479
PNR:TRADES:2Y,2024-11-07,1.87,1.87,1.666,1.785,1281591.252648,1.757785937712498,706
PNR:TRADES:2Y,2024-11-08,1.87,1.87,1.734,1.87,2766512.13192,1.78328573371413,425
PNR:TRADES:2Y,2024-11-11,1.7,1.785,1.7,1.7,616400.166456,1.718686250509996,799
PNR:TRADES:2Y,2024-11-12,1.615,1.683,1.581,1.649,826687.907568,1.620087039303686,944
PNR:TRADES:2Y,2024-11-13,1.649,1.785,1.649,1.7,523184.832504,1.686386508907929,582
PNR:TRADES:2Y,2024-11-14,1.7,1.734,1.598,1.615,979718.1318,1.640486876104991,955
PNR:TRADES:2Y,2024-11-15,1.649,1.785,1.615,1.683,499370.75964,1.691486468108255,839
PNR:TRADES:2Y,2024-11-18,1.649,1.785,1.649,1.7,393311.499408,1.693186454508364,343
PNR:TRADES:2Y,2024-11-19,1.7,1.785,1.7,1.785,383264.124912,1.730586155310758,321
PNR:TRADES:2Y,2024-11-20,1.7,1.734,1.649,1.7,417847.225104,1.674486604107167,360
PNR:TRADES:2Y,2024-11-21,1.7,1.734,1.683,1.7,206145.002088,1.710186318509452,171
PNR:TRADES:2Y,2024-11-22,1.785,1.785,1.7,1.7,223735.378104,1.722086223310214,273
PNR:TRADES:2Y,2024-11-25,1.785,1.785,1.683,1.785,434581.4178,1.750985992112063,306
PNR:TRADES:2Y,2024-11-26,1.7,1.785,1.615,1.666,609383.227968,1.688086495308038,513
PNR:TRADES:2Y,2024-11-27,1.666,1.785,1.666,1.7,506583.052632,1.699986400108799,501
PNR:TRADES:2Y,2024-11-28,1.683,1.734,1.683,1.7,157221.434232,1.699986400108799,187
PNR:TRADES:2Y,2024-11-29,1.683,1.734,1.649,1.7,983077.217496,1.696586427308582,628
PNR:TRADES:2Y,2024-12-02,1.683,1.7,1.632,1.649,456028.589376,1.67108663130695,453
PNR:TRADES:2Y,2024-12-03,1.632,1.666,1.615,1.615,322920.995112,1.637086903304774,332
PNR:TRADES:2Y,2024-12-04,1.632,1.785,1.632,1.666,817841.072088,1.681286549707602,778
PNR:TRADES:2Y,2024-12-05,1.666,1.785,1.649,1.7,830672.174736,1.691486468108255,727
PNR:TRADES:2Y,2024-12-06,1.666,1.7,1.649,1.666,298757.625336,1.665986672106623,401
PNR:TRADES:2Y,2024-12-09,1.666,1.683,1.581,1.598,635986.087848,1.614987080103359,720
PNR:TRADES:2Y,2024-12-10,1.615,1.666,1.598,1.632,804347.6112,1.623487012103903,673
PNR:TRADES:2Y,2024-12-11,1.632,1.785,1.632,1.7,371568.85488,1.682986536107711,606
PNR:TRADES:2Y,2024-12-12,1.7,1.785,1.649,1.7,443021.073552,1.703386372909017,648
PNR:TRADES:2Y,2024-12-13,1.683,1.683,1.615,1.615,604845.250488,1.638786889704882,544
PNR:TRADES:2Y,2024-12-16,1.615,1.615,1.53,1.564,648017.066448,1.567387460900313,826
PNR:TRADES:2Y,2024-12-17,1.547,1.598,1.496,1.564,570430.73988,1.550387596899225,744
PNR:TRADES:2Y,2024-12-18,1.564,1.615,1.547,1.564,410476.22496,1.57078743370053,591
PNR:TRADES:2Y,2024-12-19,1.513,1.53,1.479,1.513,592923.213936,1.516387868897049,1033
PNR:TRADES:2Y,2024-12-20,1.513,1.53,1.479,1.479,309631.535856,1.504487964096287,551
PNR:TRADES:2Y,2024-12-23,1.496,1.53,1.496,1.53,416163.32928,1.509587923296614,592
PNR:TRADES:2Y,2024-12-24,1.513,1.547,1.513,1.53,154892.12148,1.52828777369781,347
PNR:TRADES:2Y,2024-12-27,1.547,1.564,1.513,1.53,692247.420288,1.536787705698354,631
PNR:TRADES:2Y,2024-12-30,1.53,1.547,1.513,1.547,300084.106536,1.529987760097919,564
PNR:TRADES:2Y,2024-12-31,1.496,1.547,1.496,1.53,245095.254864,1.529987760097919,509
PNR:TRADES:2Y,2025-01-02,1.53,1.564,1.496,1.547,291657.745008,1.531687746498028,485
PNR:TRADES:2Y,2025-01-03,1.581,1.615,1.564,1.615,236202.360192,1.597987216102271,501
PNR:TRADES:2Y,2025-01-06,1.598,1.683,1.564,1.649,352333.11276,1.630286957704338,659
PNR:TRADES:2Y,2025-01-07,1.632,1.683,1.615,1.649,440853.879744,1.648986808105535,746
PNR:TRADES:2Y,2025-01-08,1.666,1.785,1.649,1.666,1036847.353536,1.694886440908473,1134
PNR:TRADES:2Y,2025-01-09,1.683,1.683,1.615,1.666,240841.985544,1.662586699306406,519
PNR:TRADES:2Y,2025-01-10,1.683,1.785,1.649,1.785,1351823.285088,1.705086359309126,981
PNR:TRADES:2Y,2025-01-13,1.7,1.785,1.683,1.7,517385.080224,1.699986400108799,652
PNR:TRADES:2Y,2025-01-14,1.7,1.785,1.666,1.683,613805.616288,1.69828641370869,612
PNR:TRADES:2Y,2025-01-15,1.7,1.785,1.683,1.785,324910.599264,1.708486332109343,624
PNR:TRADES:2Y,2025-01-16,1.785,1.785,1.7,1.785,110192.528592,1.767985856113151,205
PNR:TRADES:2Y,2025-01-17,1.7,1.785,1.7,1.785,713167.881768,1.733986128110975,342
PNR:TRADES:2Y,2025-01-20,1.7,1.734,1.598,1.649,1064257.161048,1.6421868625051,715
PNR:TRADES:2Y,2025-01-21,1.666,1.7,1.649,1.7,267190.725744,1.676186590507276,518
PNR:TRADES:2Y,2025-01-22,1.7,1.785,1.666,1.7,939213.631296,1.720386236910105,694
PNR:TRADES:2Y,2025-01-23,1.785,1.785,1.7,1.785,463265.941392,1.762885896912825,691
PNR:TRADES:2Y,2025-01-24,1.785,1.785,1.7,1.785,422960.207184,1.771385828913369,955
PNR:TRADES:2Y,2025-01-28,1.785,1.785,1.7,1.7,280453.831848,1.722086223310214,802
PNR:TRADES:2Y,2025-01-29,1.785,1.87,1.7,1.87,373799.75508,1.801985584115327,451
PNR:TRADES:2Y,2025-01-30,1.87,1.87,1.785,1.785,297450.909,1.818985448116415,460
PNR:TRADES:2Y,2025-01-31,1.87,2.04,1.87,1.955,1274215.664232,1.960084319325445,580
PNR:TRADES:2Y,2025-02-03,1.955,2.04,1.87,1.87,825788.429784,1.949884400924793,693
PNR:TRADES:2Y,2025-02-04,2.04,2.04,1.87,1.87,1569810.617208,1.941384468924249,649
PNR:TRADES:2Y,2025-02-05,1.955,2.21,1.955,2.125,1713764.474712,2.073983408132735,873
PNR:TRADES:2Y,2025-02-06,2.21,2.21,2.04,2.21,1002488.431608,2.130082959336325,892
PNR:TRADES:2Y,2025-02-07,2.21,2.21,2.04,2.21,741777.522408,2.16578267373861,322
PNR:TRADES:2Y,2025-02-10,2.21,2.295,2.125,2.21,1383087.594024,2.215082279341765,817
PNR:TRADES:2Y,2025-02-11,2.295,2.465,2.21,2.295,3179864.203416,2.298381612947096,1256
PNR:TRADES:2Y,2025-02-12,2.21,2.38,2.21,2.295,829882.991952,2.296681626546988,963
PNR:TRADES:2Y,2025-02-13,2.295,2.55,2.21,2.465,2571948.693072,2.425880592955256,1214
PNR:TRADES:2Y,2025-02-14,2.55,2.635,2.465,2.55,1422844.382664,2.532979736162111,470
PNR:TRADES:2Y,2025-02-17,2.38,2.55,2.295,2.55,1021870.704312,2.424180606555148,521
PNR:TRADES:2Y,2025-02-18,2.55,2.55,2.38,2.38,556163.213976,2.481980144158847,629
PNR:TRADES:2Y,2025-02-19,2.55,2.55,2.38,2.465,575548.604352,2.473480212158303,348
PNR:TRADES:2Y,2025-02-20,2.465,2.465,2.295,2.38,1970355.939192,2.393580851353189,845
PNR:TRADES:2Y,2025-02-21,2.38,2.465,2.38,2.465,363719.497968,2.427580579355365,635
PNR:TRADES:2Y,2025-02-24,2.38,2.465,2.295,2.38,955382.995944,2.376580987352101,792
PNR:TRADES:2Y,2025-02-25,2.38,2.465,2.295,2.38,749843.410464,2.37828097375221,654
PNR:TRADES:2Y,2025-02-26,2.38,2.38,2.21,2.295,405176.47668,2.313681490548076,569
PNR:TRADES:2Y,2025-02-27,2.38,2.38,2.295,2.38,269191.094688,2.368081055351557,505
PNR:TRADES:2Y,2025-02-28,2.295,2.38,2.21,2.38,469288.695456,2.345981232150143,448
PNR:TRADES:2Y,2025-03-03,2.295,2.38,2.21,2.38,413781.016104,2.300081599347205,387
PNR:TRADES:2Y,2025-03-04,2.38,2.38,2.21,2.295,468071.97984,2.26438188494492,1270
PNR:TRADES:2Y,2025-03-05,2.295,2.295,2.21,2.295,231761.324664,2.286481708146335,467
PNR:TRADES:2Y,2025-03-06,2.295,2.465,2.295,2.38,679283.140104,2.386780905752754,646
PNR:TRADES:2Y,2025-03-07,2.38,2.465,2.295,2.38,630063.216936,2.369781041751666,622
PNR:TRADES:2Y,2025-03-10,2.465,2.55,2.38,2.465,969232.45968,2.495580035359717,1096
PNR:TRADES:2Y,2025-03-11,2.465,2.465,2.295,2.465,754515.44784,2.403780769753842,920
PNR:TRADES:2Y,2025-03-12,2.465,2.465,2.38,2.465,485407.883232,2.436080511355909,789
PNR:TRADES:2Y,2025-03-13,2.465,2.55,2.38,2.55,753400.615392,2.493880048959608,494
PNR:TRADES:2Y,2025-03-14,2.55,2.805,2.465,2.72,2146982.352192,2.655378756969944,1012
PNR:TRADES:2Y,2025-03-17,2.805,2.89,2.72,2.805,1922449.026528,2.806677546579627,1489
PNR:TRADES:2Y,2025-03-18,2.805,2.89,2.72,2.72,1477763.174952,2.794777641778866,1994
PNR:TRADES:2Y,2025-03-19,2.805,2.89,2.72,2.805,1128006.200448,2.806677546579627,1056
PNR:TRADES:2Y,2025-03-20,2.805,2.89,2.72,2.805,1582098.53904,2.820277437780498,2223
PNR:TRADES:2Y,2025-03-21,2.89,2.975,2.55,2.72,11393152.085664,2.736978104175167,1247
PNR:TRADES:2Y,2025-03-24,2.72,2.89,2.72,2.805,1115951.221656,2.784577723378213,1443
PNR:TRADES:2Y,2025-03-25,2.805,2.89,2.635,2.72,1849335.029856,2.721678226574187,1192
PNR:TRADES:2Y,2025-03-26,2.72,2.805,2.635,2.805,1268324.26416,2.723378212974296,1212
PNR:TRADES:2Y,2025-03-27,2.805,2.89,2.72,2.805,996441.030288,2.794777641778866,836
PNR:TRADES:2Y,2025-03-28,2.805,2.89,2.805,2.805,735238.646568,2.825377396980824,990
PNR:TRADES:2Y,2025-03-31,2.89,2.89,2.805,2.89,964271.24352,2.855977152182783,1028
PNR:TRADES:2Y,2025-04-01,2.89,2.89,2.635,2.805,950171.542488,2.791377668978648,1235
PNR:TRADES:2Y,2025-04-02,2.805,2.805,2.635,2.72,664765.141608,2.719978240174079,843
PNR:TRADES:2Y,2025-04-03,2.72,2.805,2.55,2.55,471856.304232,2.619679042567659,420
PNR:TRADES:2Y,2025-04-04,2.49,2.56,2.23,2.42,404770.0,2.4735,684
PNR:TRADES:2Y,2025-04-07,2.27,2.4,2.1,2.34,829971.0,2.2885,1669
PNR:TRADES:2Y,2025-04-08,2.39,2.43,2.3,2.34,1034112.0,2.3645,1736
PNR:TRADES:2Y,2025-04-09,2.26,2.29,2.05,2.08,1642200.0,2.1555,2330
PNR:TRADES:2Y,2025-04-10,2.27,2.39,2.25,2.39,1117000.0,2.327,1963
PNR:TRADES:2Y,2025-04-11,2.43,2.58,2.43,2.58,1286135.0,2.531,2086
PNR:TRADES:2Y,2025-04-14,2.62,2.66,2.53,2.66,917805.0,2.607,1978
PNR:TRADES:2Y,2025-04-15,2.67,2.72,2.54,2.72,484359.0,2.6045,855
PNR:TRADES:2Y,2025-04-16,2.7,2.74,2.63,2.74,2394343.0,2.696,1559
PNR:TRADES:2Y,2025-04-17,2.75,3.0,2.75,2.87,3242380.0,2.8995,3101
PNR:TRADES:2Y,2025-04-22,2.95,3.05,2.895,3.02,3119696.0,2.9775,2680
PNR:TRADES:2Y,2025-04-23,2.92,3.0,2.81,2.85,2099232.0,2.8945,2402
PNR:TRADES:2Y,2025-04-24,2.91,3.07,2.83,3.05,1432257.0,3.004,2379
PNR:TRADES:2Y,2025-04-28,2.85,2.92,2.65,2.72,3210266.0,2.7595,2541
PNR:TRADES:2Y,2025-04-29,2.7,2.84,2.69,2.84,1732708.0,2.7925,2031
PNR:TRADES:2Y,2025-04-30,2.87,2.97,2.85,2.92,2414784.0,2.8935,3220
PNR:TRADES:2Y,2025-05-01,2.85,2.92,2.78,2.8,787209.0,2.8205,3232
PNR:TRADES:2Y,2025-05-02,2.81,2.86,2.78,2.84,838634.0,2.833,2672
PNR:TRADES:2Y,2025-05-05,2.85,2.86,2.77,2.79,465280.0,2.7995,1723
PNR:TRADES:2Y,2025-05-06,2.92,3.12,2.88,3.12,1817188.0,3.046,2471
PNR:TRADES:2Y,2025-05-07,3.28,3.35,3.24,3.32,2806580.0,3.294,4128
PNR:TRADES:2Y,2025-05-08,3.28,3.42,3.21,3.31,1844356.0,3.3475,3194
PNR:TRADES:2Y,2025-05-09,3.28,3.31,3.1,3.26,1238379.0,3.1825,2535
PNR:TRADES:2Y,2025-05-12,3.31,3.36,3.18,3.28,1784001.0,3.274,2938
PNR:TRADES:2Y,2025-05-13,3.06,3.11,2.81,2.96,2758896.0,2.9225,4460
PNR:TRADES:2Y,2025-05-14,3.06,3.1,2.93,3.07,1696380.0,3.015,4187
PNR:TRADES:2Y,2025-05-15,3.01,3.18,2.95,2.95,1721637.0,3.0245,3836
PNR:TRADES:2Y,2025-05-16,3.05,3.25,3.02,3.21,1646348.0,3.138,4188
PNR:TRADES:2Y,2025-05-19,3.26,3.39,3.24,3.24,1517259.0,3.305,2771
PNR:TRADES:2Y,2025-05-20,3.24,3.34,3.14,3.15,1320266.0,3.211,2693
PNR:TRADES:2Y,2025-05-21,3.28,3.44,3.245,3.42,1610943.0,3.367,3313
PNR:TRADES:2Y,2025-05-22,3.44,3.49,3.34,3.43,1193100.0,3.4165,3575
PNR:TRADES:2Y,2025-05-23,3.49,3.56,3.41,3.43,1621026.0,3.4795,3586
PNR:TRADES:2Y,2025-05-26,3.56,3.59,3.46,3.52,1413356.0,3.531,3177
PNR:TRADES:2Y,2025-05-27,3.52,3.545,3.41,3.47,999369.0,3.4685,3793
PNR:TRADES:2Y,2025-05-28,3.4,3.54,3.37,3.49,1542665.0,3.47,3688
PNR:TRADES:2Y,2025-05-29,3.42,3.6,3.39,3.42,1441349.0,3.4975,3537
PNR:TRADES:2Y,2025-05-30,3.5,3.51,3.39,3.4,12154617.0,3.4035,4146
PNR:TRADES:2Y,2025-06-02,3.45,3.54,3.42,3.48,1289223.0,3.4795,3066
PNR:TRADES:2Y,2025-06-03,3.6,3.7,3.52,3.52,1530617.0,3.613,3590
PNR:TRADES:2Y,2025-06-04,3.56,3.74,3.56,3.69,2163727.0,3.6725,2955
PNR:TRADES:2Y,2025-06-05,3.72,3.76,3.585,3.62,1040431.0,3.6475,3042
PNR:TRADES:2Y,2025-06-06,3.6,3.64,3.48,3.54,1287126.0,3.531,3131
PNR:TRADES:2Y,2025-06-10,3.52,3.6,3.47,3.52,1590095.0,3.5345,4665
PNR:TRADES:2Y,2025-06-11,3.45,3.53,3.38,3.51,1275043.0,3.4675,3810
PNR:TRADES:2Y,2025-06-12,3.54,3.73,3.54,3.66,2312648.0,3.68,5215
PNR:TRADES:2Y,2025-06-13,3.66,3.71,3.57,3.6,1732260.0,3.6255,3998
PNR:TRADES:2Y,2025-06-16,3.8,4.05,3.53,3.53,8096397.0,3.7805,15925
PNR:TRADES:2Y,2025-06-17,3.59,3.8,3.56,3.62,3940369.0,3.6895,6197
PNR:TRADES:2Y,2025-06-18,3.61,3.61,3.4,3.4,3976196.0,3.4595,6162
PNR:TRADES:2Y,2025-06-19,3.4,3.4,3.15,3.15,2356536.0,3.2375,5426
PNR:TRADES:2Y,2025-06-20,3.16,3.3,3.16,3.26,18650875.0,3.2545,5720
PNR:TRADES:2Y,2025-06-23,3.15,3.16,3.0,3.11,3858503.0,3.083,5271
PNR:TRADES:2Y,2025-06-24,3.09,3.18,3.03,3.1,2716202.0,3.104,5787
PNR:TRADES:2Y,2025-06-25,3.05,3.1,2.9,2.97,2575879.0,2.975,3986
PNR:TRADES:2Y,2025-06-26,2.95,3.055,2.95,3.03,2555116.0,3.006,3742
PNR:TRADES:2Y,2025-06-27,3.0,3.16,3.0,3.06,1619153.0,3.0825,3761
PNR:TRADES:2Y,2025-06-30,3.01,3.1,2.97,3.03,1638110.0,3.0175,2322
PNR:TRADES:2Y,2025-07-01,3.09,3.17,3.015,3.08,1747661.0,3.07,2537
PNR:TRADES:2Y,2025-07-02,3.06,3.13,3.03,3.09,1944945.0,3.0835,2760
PNR:TRADES:2Y,2025-07-03,3.12,3.18,3.06,3.15,2173054.0,3.129,3618
PNR:TRADES:2Y,2025-07-04,3.15,3.26,3.1,3.23,1999894.0,3.218,6955
PNR:TRADES:2Y,2025-07-07,3.2,3.22,3.05,3.06,1692667.0,3.1085,3417
PNR:TRADES:2Y,2025-07-08,3.07,3.27,3.03,3.26,1666821.0,3.188,3846
PNR:TRADES:2Y,2025-07-09,3.15,3.21,2.89,2.93,2725740.0,2.969,5056
PNR:TRADES:2Y,2025-07-10,2.96,3.07,2.96,3.03,1714498.0,3.0055,3813
PNR:TRADES:2Y,2025-07-11,3.05,3.07,2.88,2.89,1629694.0,2.9335,3532
PNR:TRADES:2Y,2025-07-14,2.9,3.0,2.9,2.96,1468075.0,2.9515,2862
PNR:TRADES:2Y,2025-07-15,2.96,3.07,2.89,3.06,2073965.0,3.003,3348
PNR:TRADES:2Y,2025-07-16,3.0,3.045,2.94,3.01,1504342.0,3.0075,3006
PNR:TRADES:2Y,2025-07-17,3.01,3.02,2.945,3.0,2153648.0,2.9915,3304
PNR:TRADES:2Y,2025-07-18,2.98,3.04,2.97,3.0,1160991.0,2.9995,2012
PNR:TRADES:2Y,2025-07-21,3.05,3.33,3.01,3.33,1830382.0,3.182,3025
PNR:TRADES:2Y,2025-07-22,3.41,3.83,3.41,3.75,4620482.0,3.7175,6469
PNR:TRADES:2Y,2025-07-23,3.78,3.94,3.765,3.84,4119748.0,3.856,5494
PNR:TRADES:2Y,2025-07-24,3.76,3.92,3.665,3.92,1769547.0,3.825,5965
PNR:TRADES:2Y,2025-07-25,3.85,3.88,3.695,3.72,884649.0,3.767,3520
PNR:TRADES:2Y,2025-07-28,3.7,3.75,3.62,3.68,1229537.0,3.681,3357
PNR:TRADES:2Y,2025-07-29,3.67,3.77,3.58,3.71,1366256.0,3.7065,4268
PNR:TRADES:2Y,2025-07-30,3.75,3.85,3.71,3.78,1110462.0,3.7835,4775
PNR:TRADES:2Y,2025-07-31,3.71,3.71,3.63,3.66,887781.0,3.6665,2805
PNR:TRADES:2Y,2025-08-01,3.6,3.615,3.525,3.55,1378232.0,3.5685,4192
PNR:TRADES:2Y,2025-08-04,3.7,3.8,3.61,3.79,1569543.0,3.734,5770
PNR:TRADES:2Y,2025-08-05,3.89,3.97,3.81,3.9,2169518.0,3.903,6647
PNR:TRADES:2Y,2025-08-06,3.93,4.03,3.93,3.99,2463170.0,3.9935,4923
PNR:TRADES:2Y,2025-08-07,3.98,4.09,3.96,4.06,2382822.0,4.036,6035
PNR:TRADES:2Y,2025-08-08,4.08,4.19,4.04,4.06,2093534.0,4.1155,5035
PNR:TRADES:2Y,2025-08-11,4.1,4.21,4.05,4.11,1648596.0,4.1335,6384
PNR:TRADES:2Y,2025-08-12,4.13,4.25,4.09,4.25,1978725.0,4.219,5136
PNR:TRADES:2Y,2025-08-13,4.23,4.31,4.2,4.29,1877339.0,4.259,4447
PNR:TRADES:2Y,2025-08-14,4.28,4.33,4.24,4.29,1227008.0,4.2995,8596
PNR:TRADES:2Y,2025-08-15,4.28,4.31,4.17,4.31,1438904.0,4.265,7271
PNR:TRADES:2Y,2025-08-18,4.29,4.33,4.18,4.26,1293303.0,4.2445,6862
PNR:TRADES:2Y,2025-08-19,4.27,4.32,4.23,4.28,821395.0,4.282,4532
PNR:TRADES:2Y,2025-08-20,4.24,4.24,4.1,4.17,968492.0,4.1465,4396
PNR:TRADES:2Y,2025-08-21,4.24,4.31,4.23,4.27,728317.0,4.2625,3380
PNR:TRADES:2Y,2025-08-22,4.25,4.45,4.25,4.32,2209611.0,4.354,6097
PNR:TRADES:2Y,2025-08-25,4.32,4.47,4.28,4.39,1308509.0,4.389,3770
PNR:TRADES:2Y,2025-08-26,4.35,4.47,4.31,4.44,1979694.0,4.416,5375
PNR:TRADES:2Y,2025-08-27,4.5,4.63,4.43,4.6,2705562.0,4.544,6610
PNR:TRADES:2Y,2025-08-28,4.63,4.76,4.54,4.72,1647184.0,4.6835,5123
PNR:TRADES:2Y,2025-08-29,4.74,4.77,4.58,4.62,1370228.0,4.636,4524
PNR:TRADES:2Y,2025-09-01,4.82,4.99,4.82,4.9,1872867.0,4.916,4988
PNR:TRADES:2Y,2025-09-02,4.9,5.21,4.885,5.09,3364753.0,5.101,9194
PNR:TRADES:2Y,2025-09-03,5.22,5.415,5.19,5.25,3402096.0,5.307,11195
PNR:TRADES:2Y,2025-09-04,5.15,5.2,4.85,4.89,2572840.0,4.947,10586
PNR:TRADES:2Y,2025-09-05,4.87,4.9,4.7,4.82,2907500.0,4.8345,7402
PNR:TRADES:2Y,2025-09-08,5.0,5.0,4.77,4.85,1581964.0,4.846,6252
PNR:TRADES:2Y,2025-09-09,4.9,5.3,4.89,5.24,3177133.0,5.176,8048
PNR:TRADES:2Y,2025-09-10,5.14,5.14,4.88,4.91,1925720.0,4.951,6089
PNR:TRADES:2Y,2025-09-11,4.96,5.18,4.9,5.17,2167706.0,5.071,6162
PNR:TRADES:2Y,2025-09-12,5.24,5.4,5.155,5.37,2678130.0,5.318,5787
PNR:TRADES:2Y,2025-09-15,5.25,5.25,4.99,5.12,2340540.0,5.1205,8076
PNR:TRADES:2Y,2025-09-16,5.32,5.36,5.07,5.22,2152119.0,5.181,6574
PNR:TRADES:2Y,2025-09-17,5.22,5.28,5.13,5.16,1518840.0,5.194,6466
PNR:TRADES:2Y,2025-09-18,5.19,5.4,5.12,5.35,2173854.0,5.2985,6537
PNR:TRADES:2Y,2025-09-19,5.24,5.35,5.19,5.31,23869981.0,5.309,7470
PNR:TRADES:2Y,2025-09-22,5.5,5.71,5.5,5.71,1986961.0,5.6265,6224
PNR:TRADES:2Y,2025-09-23,5.92,6.065,5.74,5.81,3479126.0,5.875,8111
PNR:TRADES:2Y,2025-09-24,5.6,5.83,5.6,5.83,1628029.0,5.735,7310
PNR:TRADES:2Y,2025-09-25,5.77,5.77,5.53,5.59,1627145.0,5.6245,6518
PNR:TRADES:2Y,2025-09-26,5.62,5.98,5.62,5.92,2442337.0,5.8715,5411
PNR:TRADES:2Y,2025-09-29,6.06,6.55,6.0,6.49,2648690.0,6.349,7995
PNR:TRADES:2Y,2025-09-30,6.46,6.465,6.0,6.06,3633928.0,6.103,15276
PNR:TRADES:2Y,2025-10-01,6.05,6.22,6.01,6.1,2222423.0,6.129,7769
PNR:TRADES:2Y,2025-10-02,6.02,6.21,6.0,6.16,2542476.0,6.1305,11472
PNR:TRADES:2Y,2025-10-03,6.09,6.32,6.07,6.31,2456104.0,6.2235,10674
PNR:TRADES:2Y,2025-10-06,6.21,6.43,6.16,6.39,1792560.0,6.337,7280
PNR:TRADES:2Y,2025-10-07,6.55,6.57,6.37,6.51,1859446.0,6.496,9081
PNR:TRADES:2Y,2025-10-08,6.35,6.395,6.2,6.39,1213402.0,6.319,6937
PNR:TRADES:2Y,2025-10-09,6.46,6.61,6.32,6.55,2176457.0,6.4975,8071
PNR:TRADES:2Y,2025-10-10,6.21,6.24,5.855,5.87,2612292.0,5.975,10011
PNR:TRADES:2Y,2025-10-13,5.99,6.39,5.98,6.19,2090508.0,6.251,10502
PNR:TRADES:2Y,2025-10-14,6.3,6.44,6.25,6.25,2382849.0,6.318,6936
PNR:TRADES:2Y,2025-10-15,6.29,6.29,6.16,6.2,2270309.0,6.2265,8360
PNR:TRADES:2Y,2025-10-16,6.33,6.48,6.045,6.23,3043054.0,6.1935,12168
PNR:TRADES:2Y,2025-10-17,6.34,6.375,6.01,6.04,3829226.0,6.11,12175
PNR:TRADES:2Y,2025-10-20,5.75,5.8,5.56,5.8,1992274.0,5.7095,8762
PNR:TRADES:2Y,2025-10-21,6.0,6.025,5.84,6.01,2324692.0,5.9635,9717
PNR:TRADES:2Y,2025-10-22,5.5,5.65,5.33,5.62,2894014.0,5.513,12399
PNR:TRADES:2Y,2025-10-23,5.75,5.77,5.545,5.6,1889063.0,5.6255,6050
PNR:TRADES:2Y,2025-10-24,5.52,5.53,5.3,5.32,1917241.0,5.3735,8546
PNR:TRADES:2Y,2025-10-27,5.13,5.32,5.08,5.24,2401176.0,5.1985,11209
PNR:TRADES:2Y,2025-10-28,5.0,5.08,4.61,4.88,3168112.0,4.792,13042
PNR:TRADES:2Y,2025-10-29,4.85,5.01,4.84,5.0,1378639.0,4.9745,5013
PNR:TRADES:2Y,2025-10-30,5.0,5.0,4.89,4.97,1065475.0,4.9405,6057
PNR:TRADES:2Y,2025-10-31,5.0,5.205,4.96,5.12,2387817.0,5.0895,7481
PNR:TRADES:2Y,2025-11-03,5.11,5.21,4.995,5.05,1170094.0,5.048,4938
PNR:TRADES:2Y,2025-11-04,5.05,5.075,4.94,5.02,1144549.0,5.01,4397
PNR:TRADES:2Y,2025-11-05,4.89,4.92,4.675,4.91,1629701.0,4.813,6885
PNR:TRADES:2Y,2025-11-06,4.91,4.985,4.84,4.85,2182135.0,4.8785,6402
PNR:TRADES:2Y,2025-11-07,4.9,4.93,4.84,4.85,1606380.0,4.8815,5733
PNR:TRADES:2Y,2025-11-10,4.8,5.11,4.8,5.09,1681201.0,5.03,6196
PNR:TRADES:2Y,2025-11-11,5.2,5.27,5.07,5.21,1586400.0,5.171,4791
PNR:TRADES:2Y,2025-11-12,5.15,5.22,5.05,5.08,826029.0,5.1095,4429
PNR:TRADES:2Y,2025-11-13,5.24,5.26,5.12,5.2,1187946.0,5.192,5071
PNR:TRADES:2Y,2025-11-14,4.99,5.09,4.83,5.08,866563.0,5.019,4337
PNR:TRADES:2Y,2025-11-17,5.08,5.25,5.03,5.16,1175737.0,5.157,6356
PNR:TRADES:2Y,2025-11-18,5.14,5.17,4.83,4.87,1426562.0,4.9655,6646
PNR:TRADES:2Y,2025-11-19,4.97,5.02,4.83,4.88,872689.0,4.9105,4673
PNR:TRADES:2Y,2025-11-20,4.83,5.04,4.825,4.99,1430739.0,4.9655,8109
PNR:TRADES:2Y,2025-11-21,4.82,4.82,4.6,4.65,1052305.0,4.6695,4434
PNR:TRADES:2Y,2025-11-24,4.65,4.845,4.63,4.8,1440537.0,4.782,5944
PNR:TRADES:2Y,2025-11-25,5.09,5.12,4.995,5.1,903435.0,5.065,4574
PNR:TRADES:2Y,2025-11-26,5.05,5.11,4.91,5.08,1275568.0,5.0375,5927
PNR:TRADES:2Y,2025-11-27,5.16,5.19,5.05,5.11,593469.0,5.1075,3456
PNR:TRADES:2Y,2025-11-28,5.13,5.39,5.11,5.39,1271231.0,5.307,4237
PNR:TRADES:2Y,2025-12-01,5.5,5.58,5.285,5.39,1656797.0,5.3845,5837
PNR:TRADES:2Y,2025-12-02,5.32,5.32,4.74,4.75,4620491.0,4.866,9893
PNR:TRADES:2Y,2025-12-03,4.76,4.92,4.71,4.85,3107174.0,4.84,7243
PNR:TRADES:2Y,2025-12-04,4.79,4.86,4.51,4.51,2897702.0,4.6085,7855
PNR:TRADES:2Y,2025-12-05,4.57,4.88,4.54,4.8,3133884.0,4.7555,8275
PNR:TRADES:2Y,2025-12-08,4.75,4.8,4.705,4.77,2032670.0,4.753,5906
PNR:TRADES:2Y,2025-12-09,4.75,4.75,4.545,4.55,2501330.0,4.6415,5999
PNR:TRADES:2Y,2025-12-10,4.68,4.73,4.63,4.71,2334709.0,4.696,7168
PNR:TRADES:2Y,2025-12-11,4.76,4.9,4.65,4.69,1647402.0,4.7585,5877
PNR:TRADES:2Y,2025-12-12,4.82,4.92,4.75,4.79,1553952.0,4.818,5627
PNR:TRADES:2Y,2025-12-15,4.79,4.86,4.66,4.71,1218665.0,4.746,5926
PNR:TRADES:2Y,2025-12-16,4.7,4.74,4.55,4.6,1595878.0,4.622,6129
PNR:TRADES:2Y,2025-12-17,4.7,4.925,4.56,4.89,1811017.0,4.8355,8081
PNR:TRADES:2Y,2025-12-18,4.86,4.93,4.72,4.76,1221050.0,4.7855,5225
PNR:TRADES:2Y,2025-12-19,4.87,4.875,4.73,4.8,10618868.0,4.8025,10424
PNR:TRADES:2Y,2025-12-22,4.9,5.05,4.81,5.01,1318539.0,4.97,5185
PNR:TRADES:2Y,2025-12-23,5.03,5.07,4.92,5.03,1131153.0,4.992,5341
PNR:TRADES:2Y,2025-12-24,5.05,5.16,4.99,5.11,2053411.0,5.075,5793
PNR:TRADES:2Y,2025-12-29,5.16,5.22,5.02,5.08,1440790.0,5.1115,7333
PNR:TRADES:2Y,2025-12-30,4.7,4.93,4.61,4.91,1488666.0,4.847,8596
PNR:TRADES:2Y,2025-12-31,4.95,4.96,4.855,4.89,640689.0,4.9015,3272
PNR:TRADES:2Y,2026-01-02,4.9,5.17,4.84,5.16,992893.0,5.0385,4714
PNR:TRADES:2Y,2026-01-05,5.18,5.26,5.13,5.24,1507374.0,5.2105,6693
PNR:TRADES:2Y,2026-01-06,5.44,5.45,5.185,5.27,1664538.0,5.2545,7473
PNR:TRADES:2Y,2026-01-07,5.34,5.415,5.145,5.24,1275960.0,5.255,6789
PNR:TRADES:2Y,2026-01-08,5.18,5.24,5.03,5.17,1045283.0,5.174,4794
PNR:TRADES:2Y,2026-01-09,5.2,5.24,4.95,4.99,2039962.0,5.053,6153
PNR:TRADES:2Y,2026-01-12,5.18,5.28,5.13,5.25,2617901.0,5.2125,6947
PNR:TRADES:2Y,2026-01-13,5.32,5.41,5.27,5.39,1767854.0,5.3525,7612
PNR:TRADES:2Y,2026-01-14,5.35,5.35,5.18,5.29,1414953.0,5.262,5585
PNR:TRADES:2Y,2026-01-15,5.36,5.5,5.26,5.29,2055984.0,5.3765,9512
PNR:TRADES:2Y,2026-01-16,5.31,5.41,5.17,5.22,709472.0,5.2405,4863
PNR:TRADES:2Y,2026-01-19,5.2,5.48,5.15,5.44,1086607.0,5.3745,6476
PNR:TRADES:2Y,2026-01-20,5.39,5.68,5.39,5.52,1729454.0,5.5295,6197
PNR:TRADES:2Y,2026-01-21,5.61,5.82,5.4,5.8,2212779.0,5.6455,8656
PNR:TRADES:2Y,2026-01-22,5.42,5.49,5.085,5.15,4106108.0,5.191,11488
PNR:TRADES:2Y,2026-01-23,5.37,5.59,5.35,5.4,3155109.0,5.42,9868
PNR:TRADES:2Y,2026-01-27,5.47,5.59,5.42,5.57,2358716.0,5.522,6606
PNR:TRADES:2Y,2026-01-28,5.6,5.77,5.54,5.73,2412762.0,5.697,10304
PNR:TRADES:2Y,2026-01-29,5.76,5.83,5.215,5.46,2517710.0,5.461,8280
PNR:TRADES:2Y,2026-01-30,5.34,5.34,4.97,5.09,2719085.0,5.1335,7993
PNR:TRADES:2Y,2026-02-02,4.66,4.825,4.42,4.77,4138547.0,4.7175,11795
PNR:TRADES:2Y,2026-02-03,4.7,4.96,4.67,4.84,1830910.0,4.8625,6966
PNR:TRADES:2Y,2026-02-04,4.99,5.02,4.79,4.82,2669196.0,4.86,7130
PNR:TRADES:2Y,2026-02-05,4.81,4.9,4.55,4.66,1869201.0,4.6885,6994
PNR:TRADES:2Y,2026-02-06,4.52,4.59,4.43,4.46,2067276.0,4.503,7714
PNR:TRADES:2Y,2026-02-09,4.64,4.86,4.58,4.8,1982176.0,4.773,6976
PNR:TRADES:2Y,2026-02-10,5.0,5.0,4.725,4.76,1512689.0,4.773,4607
PNR:TRADES:2Y,2026-02-11,4.73,4.94,4.65,4.92,873842.0,4.8625,3633
PNR:TRADES:2Y,2026-02-12,4.88,4.93,4.72,4.82,1440460.0,4.8045,5744
PNR:TRADES:2Y,2026-02-13,4.58,4.86,4.51,4.83,1562098.0,4.744,5585
PNR:TRADES:2Y,2026-02-16,4.9,5.03,4.83,4.98,1675492.0,4.9405,5275
PNR:TRADES:2Y,2026-02-17,4.95,4.95,4.78,4.85,684780.0,4.848,2728
PNR:TRADES:2Y,2026-02-18,4.72,4.86,4.51,4.85,2236577.0,4.7455,6170
PNR:TRADES:2Y,2026-02-19,4.92,4.93,4.73,4.87,1653567.0,4.8395,5125
PNR:TRADES:2Y,2026-02-20,4.91,4.91,4.745,4.89,2424919.0,4.822,4267
PNR:TRADES:2Y,2026-02-23,5.02,5.405,4.93,5.31,3198868.0,5.2205,7948
PNR:TRADES:2Y,2026-02-24,5.41,5.575,5.28,5.4,2022717.0,5.407,7004
PNR:TRADES:2Y,2026-02-25,5.5,5.69,5.36,5.69,1229328.0,5.622,7478
PNR:TRADES:2Y,2026-02-26,5.63,5.78,5.58,5.75,1084980.0,5.709,4080
PNR:TRADES:2Y,2026-02-27,5.75,5.86,5.67,5.75,2363737.0,5.759,9047
PNR:TRADES:2Y,2026-03-02,5.83,5.98,5.8,5.89,1089074.0,5.888,6656
PNR:TRADES:2Y,2026-03-03,5.76,5.84,5.65,5.71,1005240.0,5.715,5005
PNR:TRADES:2Y,2026-03-04,5.41,5.56,5.36,5.52,1677153.0,5.4935,6303
PNR:TRADES:2Y,2026-03-05,5.55,5.55,5.36,5.43,915909.0,5.4205,4637
PNR:TRADES:2Y,2026-03-06,5.26,5.26,5.075,5.14,1416770.0,5.1605,5593
PNR:TRADES:2Y,2026-03-09,5.1,5.11,4.8,4.89,2077813.0,4.9115,7573
PNR:TRADES:2Y,2026-03-10,4.49,4.52,3.69,3.79,10375488.0,3.889,20879
PNR:TRADES:2Y,2026-03-11,3.92,3.985,3.78,3.87,5567162.0,3.8675,12607
PNR:TRADES:2Y,2026-03-12,3.76,3.8,3.6,3.68,5627205.0,3.6615,13392
PNR:TRADES:2Y,2026-03-13,3.62,3.62,3.41,3.46,4817804.0,3.48,10329
PNR:TRADES:2Y,2026-03-16,3.41,3.45,3.25,3.41,5401509.0,3.385,9529
PNR:TRADES:2Y,2026-03-17,3.55,3.82,3.49,3.82,3798496.0,3.7165,10323
PNR:TRADES:2Y,2026-03-18,3.87,4.0,3.78,3.89,5111639.0,3.868,10755
PNR:TRADES:2Y,2026-03-19,3.8,3.8,3.43,3.45,4834962.0,3.533,8591
PNR:TRADES:2Y,2026-03-20,3.45,3.46,3.29,3.36,10770248.0,3.365,6336
PNR:TRADES:2Y,2026-03-23,3.2,3.2,2.95,3.09,3373745.0,3.069,6157
PNR:TRADES:2Y,2026-03-24,3.16,3.22,2.96,3.11,4537274.0,3.1035,7340
PNR:TRADES:2Y,2026-03-25,3.13,3.31,3.13,3.27,3567014.0,3.2555,8016
PNR:TRADES:2Y,2026-03-26,3.23,3.27,3.11,3.24,3531887.0,3.1995,5195
PNR:TRADES:2Y,2026-03-27,3.17,3.22,3.09,3.18,1658797.0,3.1755,4378
PNR:TRADES:2Y,2026-03-30,3.18,3.21,3.09,3.18,1776146.0,3.153,3403
PNR:TRADES:2Y,2026-03-31,3.21,3.36,3.13,3.32,1759091.0,3.282,4661
PNR:TRADES:2Y,2026-04-01,3.5,3.69,3.5,3.66,2953957.0,3.6345,5274
PNR:TRADES:2Y,2026-04-02,3.66,3.79,3.49,3.5,2622532.0,3.6105,5396
PNR:TRADES:2Y,2026-04-07,3.6,3.68,3.45,3.57,2443408.0,3.5615,5992
PNR:TRADES:2Y,2026-04-08,3.8,3.94,3.77,3.91,2496440.0,3.8695,6382
PNR:TRADES:2Y,2026-04-09,3.85,3.88,3.74,3.87,1401233.0,3.8265,4684
PNR:TRADES:2Y,2026-04-10,3.85,3.9,3.74,3.87,1436312.0,3.843,4606
PNR:TRADES:2Y,2026-04-13,3.73,3.74,3.63,3.72,1323210.0,3.6925,4755
PNR:TRADES:2Y,2026-04-14,3.75,3.81,3.65,3.74,1327031.0,3.719,4756
PNR:TRADES:2Y,2026-04-15,3.83,3.96,3.83,3.89,2267947.0,3.8925,5162
PNR:TRADES:2Y,2026-04-16,3.84,3.87,3.77,3.8,3596110.0,3.812,10929
PNR:TRADES:2Y,2026-04-17,3.75,3.77,3.65,3.73,1117699.0,3.7185,3417
PNR:TRADES:2Y,2026-04-20,3.65,3.89,3.64,3.82,2985879.0,3.803,6307
PNR:TRADES:2Y,2026-04-21,3.84,3.9,3.78,3.9,1677982.0,3.8685,8090
PNR:TRADES:2Y,2026-04-22,3.8,3.82,3.695,3.76,2468602.0,3.7555,7869
PNR:TRADES:2Y,2026-04-23,3.8,3.97,3.69,3.84,2415503.0,3.8575,6359
PNR:TRADES:2Y,2026-04-24,3.86,3.89,3.74,3.77,1454833.0,3.7925,4576
PNR:TRADES:2Y,2026-04-27,3.72,3.87,3.66,3.81,1430755.0,3.7965,4556
PNR:TRADES:2Y,2026-04-28,3.63,3.68,3.37,3.38,3600200.0,3.4505,8426
PNR:TRADES:2Y,2026-04-29,3.34,3.36,3.19,3.27,2741879.0,3.266,6647
PNR:TRADES:2Y,2026-04-30,3.19,3.35,3.1,3.25,2760566.0,3.2485,5935
PNR:TRADES:2Y,2026-05-01,3.34,3.4,3.19,3.21,1469628.0,3.246,6295
PNR:TRADES:2Y,2026-05-04,3.2,3.275,3.16,3.21,1119971.0,3.217,2608
PNR:TRADES:2Y,2026-05-05,3.12,3.18,3.09,3.16,1185204.0,3.1445,3508
PNR:TRADES:2Y,2026-05-06,3.21,3.27,3.14,3.25,1338530.0,3.217,6145
PNR:TRADES:2Y,2026-05-07,3.4,3.44,3.34,3.43,1489287.0,3.4065,4537
PNR:TRADES:2Y,2026-05-08,3.4,3.44,3.26,3.39,1475797.0,3.3825,4149
PNR:TRADES:2Y,2026-05-11,3.5,3.5,3.36,3.41,1856476.0,3.4415,5068
PNR:TRADES:2Y,2026-05-12,3.46,3.53,3.38,3.43,1337275.0,3.4395,5070
PNR:TRADES:2Y,2026-05-13,3.42,3.49,3.36,3.37,1321043.0,3.39,3307
PNR:TRADES:2Y,2026-05-14,3.26,3.36,3.23,3.29,2396968.0,3.2925,6315
PNR:TRADES:2Y,2026-05-15,3.25,3.33,3.18,3.33,2796498.0,3.295,4300
PNR:TRADES:2Y,2026-05-18,3.2,3.24,3.06,3.11,1660478.0,3.124,4730
PNR:TRADES:2Y,2026-05-19,3.22,3.22,3.1,3.15,1344645.0,3.141,4606
PNR:TRADES:2Y,2026-05-20,3.06,3.09,2.99,3.01,1752122.0,3.028,5040
PNR:TRADES:2Y,2026-05-21,3.15,3.17,3.07,3.1,1529904.0,3.107,4376
PNR:TRADES:2Y,2026-05-22,3.13,3.27,3.085,3.13,1416572.0,3.174,3065
PNR:TRADES:2Y,2026-05-25,3.2,3.285,3.2,3.26,629135.0,3.2565,2291
PNR:TRADES:2Y,2026-05-26,3.25,3.26,3.16,3.21,1251281.0,3.2005,5037
PNR:TRADES:2Y,2026-05-27,3.22,3.26,3.11,3.15,1768837.0,3.157,5635
PNR:TRADES:2Y,2026-05-28,3.04,3.095,2.89,2.91,2918285.0,2.981,6219
PNR:TRADES:2Y,2026-05-29,3.02,3.09,3.0,3.0,3701009.0,3.0175,5137
PNR:TRADES:2Y,2026-06-01,3.01,3.095,3.01,3.04,1268145.0,3.04,4084
PNR:TRADES:2Y,2026-06-02,2.92,3.01,2.85,3.0,2820836.0,2.94,5196
PNR:TRADES:2Y,2026-06-03,2.93,3.11,2.91,3.05,3330363.0,3.036,8039
PNR:TRADES:2Y,2026-06-04,2.85,2.86,2.68,2.8,5023326.0,2.7745,5047
PNR:TRADES:2Y,2026-06-05,2.8,2.8,2.63,2.64,3008747.0,2.6805,4542
PNR:TRADES:2Y,2026-06-09,2.56,2.6,2.48,2.57,3517570.0,2.5525,7157
PNR:TRADES:2Y,2026-06-10,2.5,2.52,2.35,2.4,3164898.0,2.4155,6104
PNR:TRADES:2Y,2026-06-11,2.32,2.335,2.23,2.29,3135566.0,2.292,6471
PNR:TRADES:2Y,2026-06-12,2.42,2.58,2.4,2.53,4282611.0,2.508,8051
PNR:TRADES:2Y,2026-06-15,2.6,2.78,2.55,2.74,2754262.0,2.7155,4724
PNR:TRADES:2Y,2026-06-16,2.73,2.89,2.72,2.83,2258116.0,2.838,4123
PNR:TRADES:2Y,2026-06-17,2.84,3.06,2.84,3.04,2507218.0,2.9945,3561
PNR:TRADES:2Y,2026-06-18,2.93,3.01,2.795,2.85,2433050.0,2.9015,3309
PNR:TRADES:2Y,2026-06-19,2.77,2.82,2.71,2.73,1671914.0,2.754,3438
PNR:TRADES:2Y,2026-06-22,2.72,2.83,2.71,2.78,1437236.0,2.765,3343
PNR:TRADES:2Y,2026-06-23,2.81,2.81,2.58,2.6,1596194.0,2.6655,2841
PNR:TRADES:2Y,2026-06-24,2.61,2.615,2.49,2.54,1770942.0,2.529,3830
PNR:TRADES:2Y,2026-06-25,2.48,2.51,2.33,2.34,2655746.0,2.374,4539
PNR:TRADES:2Y,2026-06-26,2.4,2.45,2.355,2.41,3644190.0,2.4015,5708
PNR:TRADES:2Y,2026-06-29,2.45,2.485,2.41,2.44,1755824.0,2.441,4139
PNR:TRADES:2Y,2026-06-30,2.44,2.44,2.28,2.3,2742149.0,2.317,4507
PNR:TRADES:2Y,2026-07-01,2.35,2.35,2.17,2.21,2704208.0,2.223,4439
PNR:TRADES:2Y,2026-07-02,2.3,2.31,2.17,2.28,4105748.0,2.2435,5399
PNR:TRADES:2Y,2026-07-03,2.39,2.43,2.31,2.37,3894811.0,2.383,6071
PNR:TRADES:2Y,2026-07-06,2.41,2.42,2.31,2.38,3810991.0,2.3815,7692
PNR:TRADES:2Y,2026-07-07,2.4,2.4,2.26,2.3,3219403.0,2.315,7356
PNR:TRADES:2Y,2026-07-08,2.23,2.25,2.16,2.21,2257457.0,2.1985,5295
PNR:TRADES:2Y,2026-07-09,2.16,2.16,1.715,1.985,11673350.0,1.91,15771
PNR:TRADES:2Y,2026-07-10,2.0,2.135,1.985,2.08,4088858.0,2.066,8434
PNR:TRADES:2Y,2026-07-13,2.05,2.08,1.985,2.04,2743194.0,2.037,4962
PNR:TRADES:2Y,2026-07-14,1.99,2.0,1.92,1.985,2437288.0,1.9615,5122
PNR:TRADES:2Y,2026-07-15,1.995,2.025,1.935,1.99,3426249.0,1.987,5362
PNR:TRADES:2Y,2026-07-16,1.98,2.02,1.97,2.02,1756386.0,1.996,4868
PNR:TRADES:2Y,2026-07-17,1.93,1.985,1.905,1.92,2034817.0,1.9385,3817
PNR:TRADES:2Y,2026-07-20,1.945,2.06,1.89,2.02,3031969.0,1.994,5309
PNR:TRADES:2Y,2026-07-21,1.96,2.04,1.9,2.03,2416975.0,1.97,4577
PNR:TRADES:2Y,2026-07-22,2.04,2.12,2.04,2.09,1754940.0,2.0885,2632
PNR:TRADES:2Y,2026-07-23,2.12,2.18,2.105,2.13,1792560.0,2.138,3288
PNR:TRADES:2Y,2026-07-24,2.06,2.07,2.0,2.005,1531937.0,2.027,4765
PNR:TRADES:2Y,2026-07-27,2.07,2.16,2.05,2.13,2133674.0,2.122,6036
PNR:TRADES:2Y,2026-07-28,2.09,2.1,2.03,2.07,1625940.0,2.0655,5296
PNR:TRADES:2Y,2026-07-29,2.11,2.11,2.04,2.05,1371525.0,2.0675,4530
PNR:TRADES:2Y,2026-07-30,1.96,2.05,1.945,1.995,2632593.0,1.9885,3955
PNR:TRADES:2Y,2026-07-31,2.07,2.15,2.02,2.03,2299728.0,2.072,6009
PNR:TRADES:2Y,2026-08-03,2.04,2.06,2.0,2.02,1213733.0,2.0295,2185
PNR:TRADES:2Y,2026-08-04,2.04,2.13,2.01,2.1,3056191.0,2.0705,4713
PNR:TRADES:2Y,2026-08-05,2.1,2.21,2.1,2.2,4198048.0,2.1645,7920
PNR:TRADES:2Y,2026-08-06,2.32,2.51,2.31,2.43,5199826.0,2.423,7061
PNR:TRADES:2Y,2026-08-07,2.4,2.54,2.39,2.52,2438126.0,2.4945,3774
PNR:TRADES:2Y,2026-08-10,2.6,2.69,2.54,2.585,3794753.0,2.605,5875
PNR:TRADES:2Y,2026-08-11,2.54,2.62,2.48,2.48,2731401.0,2.5565,3932
PNR:TRADES:2Y,2026-08-12,2.45,2.53,2.42,2.51,2067369.0,2.499,3634
PNR:TRADES:2Y,2026-08-13,2.54,2.6,2.47,2.48,2172919.0,2.523,3074
PNR:TRADES:2Y,2026-08-14,2.45,2.47,2.39,2.42,1958726.0,2.4175,3046
PNR:TRADES:2Y,2026-08-17,2.45,2.555,2.43,2.5,5273889.0,2.505,3334
PNR:TRADES:2Y,2026-08-18,2.54,2.59,2.43,2.445,1989856.0,2.4905,3333
PNR:TRADES:2Y,2026-08-19,2.35,2.46,2.32,2.42,3023895.0,2.393,4829
PNR:TRADES:2Y,2026-08-20,2.6,2.67,2.56,2.6,3704956.0,2.606,4748
PNR:TRADES:2Y,2026-08-21,2.63,2.69,2.59,2.69,2043008.0,2.6385,5408
PNR:TRADES:2Y,2026-08-24,2.74,2.77,2.5,2.61,5885275.0,2.6155,6656
PNR:BID_ASK:3M,2026-05-27,3.1505,3.27,3.11,3.1465,-1.0,-1.0,-1
PNR:BID_ASK:3M,2026-05-28,3.001,3.1,2.89,2.9975,-1.0,-1.0,-1
PNR:BID_ASK:3M,2026-05-29,3.0405,3.09,3.0,3.033,-1.0,-1.0,-1
PNR:BID_ASK:3M,2026-06-01,3.04,3.1,3.0,3.04,-1.0,-1.0,-1
PNR:BID_ASK:3M,2026-06-02,2.9415,3.01,2.84,2.9395,-1.0,-1.0,-1
PNR:BID_ASK:3M,2026-06-03,3.034,3.11,2.91,3.0285,-1.0,-1.0,-1
PNR:BID_ASK:3M,2026-06-04,2.7795,2.9,2.68,2.776,-1.0,-1.0,-1
PNR:BID_ASK:3M,2026-06-05,2.6845,2.81,2.62,2.6835,-1.0,-1.0,-1
PNR:BID_ASK:3M,2026-06-09,2.5615,2.6,2.48,2.561,-1.0,-1.0,-1
PNR:BID_ASK:3M,2026-06-10,2.425,2.52,2.35,2.4235,-1.0,-1.0,-1
PNR:BID_ASK:3M,2026-06-11,2.2885,2.34,2.23,2.2985,-1.0,-1.0,-1
PNR:BID_ASK:3M,2026-06-12,2.509,2.59,2.4,2.519,-1.0,-1.0,-1
PNR:BID_ASK:3M,2026-06-15,2.7265,2.78,2.53,2.737,-1.0,-1.0,-1
PNR:BID_ASK:3M,2026-06-16,2.8305,2.89,2.7,2.841,-1.0,-1.0,-1
PNR:BID_ASK:3M,2026-06-17,3.0035,3.06,2.83,3.014,-1.0,-1.0,-1
PNR:BID_ASK:3M,2026-06-18,2.907,3.02,2.78,2.9175,-1.0,-1.0,-1
PNR:BID_ASK:3M,2026-06-19,2.754,2.82,2.71,2.764,-1.0,-1.0,-1
PNR:BID_ASK:3M,2026-06-22,2.759,2.84,2.7,2.7695,-1.0,-1.0,-1
PNR:BID_ASK:3M,2026-06-23,2.667,2.82,2.57,2.678,-1.0,-1.0,-1
PNR:BID_ASK:3M,2026-06-24,2.5315,2.62,2.49,2.542,-1.0,-1.0,-1
PNR:BID_ASK:3M,2026-06-25,2.3705,2.56,2.32,2.38,-1.0,-1.0,-1
PNR:BID_ASK:3M,2026-06-26,2.391,2.46,2.35,2.401,-1.0,-1.0,-1
PNR:BID_ASK:3M,2026-06-29,2.433,2.5,2.41,2.443,-1.0,-1.0,-1
PNR:BID_ASK:3M,2026-06-30,2.312,2.44,2.28,2.3225,-1.0,-1.0,-1
PNR:BID_ASK:3M,2026-07-01,2.2115,2.36,2.17,2.222,-1.0,-1.0,-1
PNR:BID_ASK:3M,2026-07-02,2.2385,2.31,2.17,2.249,-1.0,-1.0,-1
PNR:BID_ASK:3M,2026-07-03,2.3815,2.43,2.3,2.392,-1.0,-1.0,-1
PNR:BID_ASK:3M,2026-07-06,2.3755,2.43,2.31,2.3855,-1.0,-1.0,-1
PNR:BID_ASK:3M,2026-07-07,2.307,2.42,2.26,2.3175,-1.0,-1.0,-1
PNR:BID_ASK:3M,2026-07-08,2.195,2.25,2.15,2.205,-1.0,-1.0,-1
PNR:BID_ASK:3M,2026-07-09,1.987,2.17,1.71,1.982,-1.0,-1.0,-1
PNR:BID_ASK:3M,2026-07-10,2.0825,2.14,1.98,2.0925,-1.0,-1.0,-1
PNR:BID_ASK:3M,2026-07-13,2.032,2.08,1.985,2.042,-1.0,-1.0,-1
PNR:BID_ASK:3M,2026-07-14,1.962,2.01,1.92,1.9675,-1.0,-1.0,-1
PNR:BID_ASK:3M,2026-07-15,1.9845,2.03,1.935,1.992,-1.0,-1.0,-1
PNR:BID_ASK:3M,2026-07-16,1.992,2.02,1.965,1.9995,-1.0,-1.0,-1
PNR:BID_ASK:3M,2026-07-17,1.9365,1.99,1.905,1.9415,-1.0,-1.0,-1
PNR:BID_ASK:3M,2026-07-20,1.99,2.07,1.89,1.998,-1.0,-1.0,-1
PNR:BID_ASK:3M,2026-07-21,1.975,2.04,1.9,1.9825,-1.0,-1.0,-1
PNR:BID_ASK:3M,2026-07-22,2.0855,2.13,2.03,2.096,-1.0,-1.0,-1
PNR:BID_ASK:3M,2026-07-23,2.13,2.18,2.1,2.1405,-1.0,-1.0,-1
PNR:BID_ASK:3M,2026-07-24,2.0245,2.08,2.0,2.035,-1.0,-1.0,-1
PNR:BID_ASK:3M,2026-07-27,2.1165,2.16,2.05,2.1265,-1.0,-1.0,-1
PNR:BID_ASK:3M,2026-07-28,2.058,2.11,2.03,2.0685,-1.0,-1.0,-1
PNR:BID_ASK:3M,2026-07-29,2.062,2.11,2.03,2.0715,-1.0,-1.0,-1
PNR:BID_ASK:3M,2026-07-30,1.987,2.05,1.94,1.9955,-1.0,-1.0,-1
PNR:BID_ASK:3M,2026-07-31,2.061,2.15,2.02,2.0715,-1.0,-1.0,-1
PNR:BID_ASK:3M,2026-08-03,2.0255,2.06,2.0,2.035,-1.0,-1.0,-1
PNR:BID_ASK:3M,2026-08-04,2.0745,2.13,2.01,2.0845,-1.0,-1.0,-1
PNR:BID_ASK:3M,2026-08-05,2.161,2.21,2.09,2.1715,-1.0,-1.0,-1
PNR:BID_ASK:3M,2026-08-06,2.427,2.51,2.3,2.438,-1.0,-1.0,-1
PNR:BID_ASK:3M,2026-08-07,2.4965,2.54,2.38,2.5075,-1.0,-1.0,-1
PNR:BID_ASK:3M,2026-08-10,2.5855,2.7,2.54,2.596,-1.0,-1.0,-1
PNR:BID_ASK:3M,2026-08-11,2.5525,2.63,2.48,2.5625,-1.0,-1.0,-1
PNR:BID_ASK:3M,2026-08-12,2.4965,2.54,2.41,2.507,-1.0,-1.0,-1
PNR:BID_ASK:3M,2026-08-13,2.514,2.6,2.47,2.5235,-1.0,-1.0,-1
PNR:BID_ASK:3M,2026-08-14,2.4105,2.47,2.39,2.4215,-1.0,-1.0,-1
PNR:BID_ASK:3M,2026-08-17,2.4915,2.56,2.43,2.502,-1.0,-1.0,-1
PNR:BID_ASK:3M,2026-08-18,2.486,2.59,2.43,2.4965,-1.0,-1.0,-1
PNR:BID_ASK:3M,2026-08-19,2.4085,2.46,2.32,2.4185,-1.0,-1.0,-1
PNR:BID_ASK:3M,2026-08-20,2.603,2.67,2.56,2.6135,-1.0,-1.0,-1
PNR:BID_ASK:3M,2026-08-21,2.622,2.69,2.59,2.6325,-1.0,-1.0,-1
PNR:BID_ASK:3M,2026-08-24,2.6035,2.79,2.5,2.614,-1.0,-1.0,-1
BC8:TRADES:2Y,2024-08-26,0.37,0.37,0.355,0.355,1478733.0,0.3667,122
BC8:TRADES:2Y,2024-08-27,0.355,0.355,0.35,0.355,371473.0,0.3549,36
BC8:TRADES:2Y,2024-08-28,0.355,0.355,0.35,0.35,166019.0,0.3515,42
BC8:TRADES:2Y,2024-08-29,0.355,0.355,0.34,0.35,754210.0,0.3495,90
BC8:TRADES:2Y,2024-08-30,0.35,0.365,0.35,0.36,1518207.0,0.3575,99
BC8:TRADES:2Y,2024-09-02,0.36,0.36,0.35,0.35,654987.0,0.3559,91
BC8:TRADES:2Y,2024-09-03,0.355,0.38,0.355,0.38,2749054.0,0.3701,168
BC8:TRADES:2Y,2024-09-04,0.37,0.37,0.35,0.355,1560283.0,0.3611,154
BC8:TRADES:2Y,2024-09-05,0.36,0.36,0.355,0.355,471585.0,0.358,94
BC8:TRADES:2Y,2024-09-06,0.355,0.375,0.355,0.375,538405.0,0.3601,84
BC8:TRADES:2Y,2024-09-09,0.365,0.365,0.355,0.365,284634.0,0.36,52
BC8:TRADES:2Y,2024-09-10,0.365,0.39,0.365,0.365,1675771.0,0.3724,186
BC8:TRADES:2Y,2024-09-11,0.37,0.385,0.355,0.385,1810445.0,0.373,168
BC8:TRADES:2Y,2024-09-12,0.385,0.385,0.37,0.37,1433929.0,0.3763,138
BC8:TRADES:2Y,2024-09-13,0.385,0.405,0.375,0.4,5779356.0,0.3907,284
BC8:TRADES:2Y,2024-09-16,0.405,0.405,0.375,0.385,3136253.0,0.3891,188
BC8:TRADES:2Y,2024-09-17,0.38,0.388,0.375,0.375,1271397.0,0.381,64
BC8:TRADES:2Y,2024-09-18,0.378,0.38,0.365,0.37,1558117.0,0.3738,84
BC8:TRADES:2Y,2024-09-19,0.375,0.375,0.36,0.365,1830336.0,0.3644,123
BC8:TRADES:2Y,2024-09-20,0.375,0.38,0.365,0.37,1624986.0,0.3692,108
BC8:TRADES:2Y,2024-09-23,0.37,0.385,0.37,0.385,1949623.0,0.3793,140
BC8:TRADES:2Y,2024-09-24,0.385,0.415,0.38,0.41,3424939.0,0.3974,265
BC8:TRADES:2Y,2024-09-25,0.415,0.435,0.415,0.43,3688377.0,0.4246,286
BC8:TRADES:2Y,2024-09-26,0.43,0.445,0.425,0.445,1981867.0,0.4361,172
BC8:TRADES:2Y,2024-09-27,0.445,0.465,0.435,0.46,2694454.0,0.45,234
BC8:TRADES:2Y,2024-09-30,0.48,0.48,0.445,0.46,1438442.0,0.457,162
BC8:TRADES:2Y,2024-10-01,0.45,0.46,0.435,0.46,1549154.0,0.4459,156
BC8:TRADES:2Y,2024-10-02,0.46,0.49,0.45,0.475,1459644.0,0.4703,212
BC8:TRADES:2Y,2024-10-03,0.48,0.495,0.465,0.495,1270900.0,0.4805,138
BC8:TRADES:2Y,2024-10-04,0.49,0.53,0.485,0.515,3393278.0,0.5052,322
BC8:TRADES:2Y,2024-10-07,0.54,0.563,0.51,0.535,4390779.0,0.538,441
BC8:TRADES:2Y,2024-10-08,0.54,0.54,0.51,0.525,3434659.0,0.5267,318
BC8:TRADES:2Y,2024-10-09,0.505,0.52,0.5,0.52,2041264.0,0.5087,191
BC8:TRADES:2Y,2024-10-10,0.515,0.53,0.51,0.52,1210907.0,0.5202,140
BC8:TRADES:2Y,2024-10-11,0.515,0.545,0.515,0.54,3266230.0,0.5392,248
BC8:TRADES:2Y,2024-10-14,0.55,0.55,0.525,0.535,3180407.0,0.5383,317
BC8:TRADES:2Y,2024-10-15,0.535,0.56,0.535,0.555,2651374.0,0.549,235
BC8:TRADES:2Y,2024-10-16,0.555,0.57,0.55,0.56,1940466.0,0.5596,177
BC8:TRADES:2Y,2024-10-17,0.56,0.565,0.545,0.56,1998748.0,0.558,213
BC8:TRADES:2Y,2024-10-18,0.565,0.61,0.565,0.595,4968701.0,0.5948,401
BC8:TRADES:2Y,2024-10-21,0.605,0.65,0.605,0.645,3872296.0,0.6336,495
BC8:TRADES:2Y,2024-10-22,0.635,0.655,0.625,0.65,2654449.0,0.6378,351
BC8:TRADES:2Y,2024-10-23,0.65,0.66,0.62,0.63,2712617.0,0.6362,328
BC8:TRADES:2Y,2024-10-24,0.625,0.65,0.605,0.635,2059626.0,0.6299,301
BC8:TRADES:2Y,2024-10-29,0.585,0.585,0.54,0.56,10826938.0,0.5623,1488
BC8:TRADES:2Y,2024-10-30,0.56,0.615,0.55,0.59,5593350.0,0.585,1082
BC8:TRADES:2Y,2024-10-31,0.605,0.605,0.57,0.585,3453264.0,0.5902,711
BC8:TRADES:2Y,2024-11-01,0.57,0.575,0.55,0.555,4020513.0,0.5598,726
BC8:TRADES:2Y,2024-11-04,0.56,0.57,0.55,0.56,4285826.0,0.5594,755
BC8:TRADES:2Y,2024-11-05,0.56,0.56,0.54,0.545,4538220.0,0.5494,900
BC8:TRADES:2Y,2024-11-06,0.55,0.56,0.54,0.545,3985310.0,0.5502,678
BC8:TRADES:2Y,2024-11-07,0.535,0.535,0.515,0.52,5659357.0,0.5251,707
BC8:TRADES:2Y,2024-11-08,0.51,0.555,0.51,0.535,6320543.0,0.533,580
BC8:TRADES:2Y,2024-11-11,0.54,0.595,0.535,0.57,5980738.0,0.5689,726
BC8:TRADES:2Y,2024-11-12,0.56,0.56,0.52,0.525,3793774.0,0.5359,526
BC8:TRADES:2Y,2024-11-13,0.53,0.54,0.52,0.53,3253971.0,0.5305,461
BC8:TRADES:2Y,2024-11-14,0.53,0.54,0.515,0.515,2920416.0,0.5225,394
BC8:TRADES:2Y,2024-11-15,0.515,0.535,0.515,0.515,2392328.0,0.5221,244
BC8:TRADES:2Y,2024-11-18,0.52,0.545,0.507,0.53,4072494.0,0.5294,587
BC8:TRADES:2Y,2024-11-19,0.545,0.565,0.545,0.56,2811669.0,0.5552,357
BC8:TRADES:2Y,2024-11-20,0.56,0.58,0.552,0.57,3103149.0,0.5665,405
BC8:TRADES:2Y,2024-11-21,0.575,0.62,0.56,0.61,6315270.0,0.5889,640
BC8:TRADES:2Y,2024-11-22,0.615,0.635,0.605,0.63,4980446.0,0.621,549
BC8:TRADES:2Y,2024-11-25,0.645,0.662,0.637,0.655,5204897.0,0.6498,785
BC8:TRADES:2Y,2024-11-26,0.64,0.705,0.62,0.685,5761371.0,0.6592,767
BC8:TRADES:2Y,2024-11-27,0.7,0.735,0.69,0.72,5988405.0,0.7184,762
BC8:TRADES:2Y,2024-11-28,0.71,0.735,0.695,0.72,5610650.0,0.7187,825
BC8:TRADES:2Y,2024-11-29,0.72,0.735,0.703,0.71,4863484.0,0.7184,651
BC8:TRADES:2Y,2024-12-02,0.715,0.733,0.68,0.7,4668731.0,0.7105,568
BC8:TRADES:2Y,2024-12-03,0.7,0.74,0.695,0.725,3195743.0,0.7235,686
BC8:TRADES:2Y,2024-12-04,0.735,0.76,0.725,0.75,3602974.0,0.7432,597
BC8:TRADES:2Y,2024-12-05,0.75,0.76,0.73,0.745,2015051.0,0.7465,474
BC8:TRADES:2Y,2024-12-06,0.74,0.74,0.71,0.73,2097906.0,0.7258,460
BC8:TRADES:2Y,2024-12-09,0.725,0.725,0.69,0.71,2052066.0,0.708,369
BC8:TRADES:2Y,2024-12-10,0.73,0.73,0.68,0.7,1717499.0,0.6992,367
BC8:TRADES:2Y,2024-12-11,0.69,0.71,0.69,0.7,1931537.0,0.702,434
BC8:TRADES:2Y,2024-12-12,0.7,0.71,0.66,0.675,2925041.0,0.6812,586
BC8:TRADES:2Y,2024-12-13,0.665,0.67,0.64,0.665,1918230.0,0.6592,429
BC8:TRADES:2Y,2024-12-16,0.66,0.66,0.58,0.585,4789999.0,0.6116,771
BC8:TRADES:2Y,2024-12-17,0.585,0.61,0.57,0.595,3184368.0,0.5907,593
BC8:TRADES:2Y,2024-12-18,0.58,0.62,0.56,0.605,5224472.0,0.596,761
BC8:TRADES:2Y,2024-12-19,0.575,0.585,0.563,0.57,5948344.0,0.5719,756
BC8:TRADES:2Y,2024-12-20,0.575,0.6,0.575,0.6,3637198.0,0.5881,557
BC8:TRADES:2Y,2024-12-23,0.6,0.61,0.585,0.59,3982165.0,0.597,370
BC8:TRADES:2Y,2024-12-24,0.585,0.585,0.57,0.58,993838.0,0.5783,280
BC8:TRADES:2Y,2024-12-27,0.59,0.625,0.59,0.615,3188451.0,0.6088,390
BC8:TRADES:2Y,2024-12-30,0.61,0.615,0.58,0.58,3274427.0,0.5992,413
BC8:TRADES:2Y,2024-12-31,0.575,0.575,0.565,0.565,1827599.0,0.5704,292
BC8:TRADES:2Y,2025-01-02,0.57,0.58,0.552,0.575,2818681.0,0.5664,467
BC8:TRADES:2Y,2025-01-03,0.58,0.61,0.58,0.58,2277107.0,0.5947,561
BC8:TRADES:2Y,2025-01-06,0.585,0.595,0.57,0.58,2885959.0,0.5817,461
BC8:TRADES:2Y,2025-01-07,0.58,0.595,0.575,0.585,1530483.0,0.5825,539
BC8:TRADES:2Y,2025-01-08,0.585,0.618,0.58,0.605,3273030.0,0.6037,481
BC8:TRADES:2Y,2025-01-09,0.6,0.64,0.6,0.635,3340710.0,0.6241,602
BC8:TRADES:2Y,2025-01-10,0.65,0.715,0.65,0.71,6830090.0,0.6769,838
BC8:TRADES:2Y,2025-01-13,0.72,0.752,0.705,0.745,6827345.0,0.729,836
BC8:TRADES:2Y,2025-01-14,0.73,0.74,0.705,0.74,3748147.0,0.7225,593
BC8:TRADES:2Y,2025-01-15,0.745,0.77,0.73,0.73,2977618.0,0.7455,511
BC8:TRADES:2Y,2025-01-16,0.74,0.745,0.715,0.735,5291073.0,0.7337,557
BC8:TRADES:2Y,2025-01-17,0.725,0.74,0.715,0.73,2180141.0,0.7263,365
BC8:TRADES:2Y,2025-01-20,0.73,0.735,0.69,0.705,2702966.0,0.7104,410
BC8:TRADES:2Y,2025-01-21,0.69,0.73,0.68,0.72,2610342.0,0.6999,489
BC8:TRADES:2Y,2025-01-22,0.73,0.73,0.705,0.705,1488156.0,0.7165,414
BC8:TRADES:2Y,2025-01-23,0.705,0.713,0.69,0.69,1096943.0,0.7061,489
BC8:TRADES:2Y,2025-01-24,0.695,0.715,0.685,0.705,2437786.0,0.6992,728
BC8:TRADES:2Y,2025-01-28,0.695,0.705,0.665,0.67,3188199.0,0.6783,747
BC8:TRADES:2Y,2025-01-29,0.69,0.69,0.675,0.675,1414822.0,0.6821,443
BC8:TRADES:2Y,2025-01-30,0.68,0.68,0.645,0.655,2570882.0,0.6554,489
BC8:TRADES:2Y,2025-01-31,0.675,0.68,0.655,0.665,3044217.0,0.6701,577
BC8:TRADES:2Y,2025-02-03,0.67,0.68,0.637,0.645,3038276.0,0.6582,591
BC8:TRADES:2Y,2025-02-04,0.65,0.71,0.65,0.705,3135027.0,0.6863,763
BC8:TRADES:2Y,2025-02-05,0.71,0.728,0.7,0.72,1811826.0,0.7162,446
BC8:TRADES:2Y,2025-02-06,0.72,0.735,0.71,0.715,1630816.0,0.7204,448
BC8:TRADES:2Y,2025-02-07,0.71,0.715,0.695,0.705,1585443.0,0.7032,408
BC8:TRADES:2Y,2025-02-10,0.71,0.74,0.7,0.72,3398193.0,0.7249,517
BC8:TRADES:2Y,2025-02-11,0.715,0.745,0.715,0.73,4046577.0,0.7345,547
BC8:TRADES:2Y,2025-02-12,0.73,0.733,0.71,0.715,2537585.0,0.7217,343
BC8:TRADES:2Y,2025-02-13,0.71,0.74,0.705,0.73,2123421.0,0.7272,444
BC8:TRADES:2Y,2025-02-14,0.735,0.76,0.72,0.755,6447139.0,0.7433,805
BC8:TRADES:2Y,2025-02-17,0.75,0.75,0.725,0.74,2660419.0,0.7394,461
BC8:TRADES:2Y,2025-02-18,0.74,0.79,0.74,0.775,7986431.0,0.7702,840
BC8:TRADES:2Y,2025-02-19,0.795,0.805,0.77,0.8,5055449.0,0.7921,669
BC8:TRADES:2Y,2025-02-20,0.8,0.85,0.785,0.84,4685878.0,0.8168,691
BC8:TRADES:2Y,2025-02-21,0.84,0.865,0.83,0.865,4334560.0,0.8479,732
BC8:TRADES:2Y,2025-02-24,0.845,0.845,0.81,0.82,2749270.0,0.8264,711
BC8:TRADES:2Y,2025-02-25,0.85,0.877,0.82,0.86,3751938.0,0.8488,666
BC8:TRADES:2Y,2025-02-26,0.855,0.855,0.805,0.81,3382226.0,0.8269,490
BC8:TRADES:2Y,2025-02-27,0.83,0.86,0.83,0.855,3504773.0,0.8485,551
BC8:TRADES:2Y,2025-02-28,0.84,0.845,0.805,0.825,2637925.0,0.826,464
BC8:TRADES:2Y,2025-03-03,0.83,0.845,0.815,0.845,2447080.0,0.8309,515
BC8:TRADES:2Y,2025-03-04,0.845,0.855,0.825,0.845,2317983.0,0.8386,650
BC8:TRADES:2Y,2025-03-05,0.855,0.885,0.85,0.885,3388494.0,0.8651,452
BC8:TRADES:2Y,2025-03-06,0.89,0.92,0.855,0.915,5855755.0,0.8936,753
BC8:TRADES:2Y,2025-03-07,0.91,0.91,0.865,0.875,2864981.0,0.877,527
BC8:TRADES:2Y,2025-03-10,0.88,0.93,0.875,0.925,2190282.0,0.9044,387
BC8:TRADES:2Y,2025-03-11,0.895,0.895,0.835,0.855,5699971.0,0.8612,972
BC8:TRADES:2Y,2025-03-14,0.81,0.825,0.785,0.82,11706944.0,0.8033,1885
BC8:TRADES:2Y,2025-03-17,0.835,0.865,0.835,0.845,5169551.0,0.8473,1335
BC8:TRADES:2Y,2025-03-18,0.86,0.87,0.82,0.835,2015914.0,0.8411,594
BC8:TRADES:2Y,2025-03-19,0.84,0.84,0.8,0.8,3338118.0,0.8123,1026
BC8:TRADES:2Y,2025-03-20,0.805,0.855,0.8,0.84,3458381.0,0.8271,937
BC8:TRADES:2Y,2025-03-21,0.845,0.875,0.83,0.84,6313505.0,0.8501,874
BC8:TRADES:2Y,2025-03-24,0.835,0.845,0.785,0.785,5434381.0,0.8105,1161
BC8:TRADES:2Y,2025-03-25,0.785,0.815,0.775,0.79,4577213.0,0.7936,882
BC8:TRADES:2Y,2025-03-26,0.8,0.81,0.78,0.795,4585564.0,0.7916,955
BC8:TRADES:2Y,2025-03-27,0.79,0.8,0.78,0.785,5449413.0,0.7895,814
BC8:TRADES:2Y,2025-03-28,0.79,0.955,0.79,0.94,13077382.0,0.8904,2529
BC8:TRADES:2Y,2025-03-31,0.94,0.995,0.925,0.965,8416440.0,0.9515,1528
BC8:TRADES:2Y,2025-04-01,0.99,1.05,0.99,1.045,8543877.0,1.025,1466
BC8:TRADES:2Y,2025-04-02,1.025,1.025,0.94,0.98,8659956.0,0.9764,1391
BC8:TRADES:2Y,2025-04-03,1.005,1.01,0.95,0.985,4709040.0,0.979,829
BC8:TRADES:2Y,2025-04-04,0.955,0.955,0.91,0.915,7069853.0,0.9324,1054
BC8:TRADES:2Y,2025-04-07,0.87,0.9,0.81,0.87,11402802.0,0.847,2032
BC8:TRADES:2Y,2025-04-08,0.88,0.905,0.85,0.905,5300774.0,0.874,1567
BC8:TRADES:2Y,2025-04-09,0.89,0.89,0.82,0.82,6938979.0,0.8498,1181
BC8:TRADES:2Y,2025-04-10,0.88,0.945,0.87,0.94,6752595.0,0.9027,1393
BC8:TRADES:2Y,2025-04-11,0.94,1.1,0.935,1.08,9720365.0,1.0438,1737
BC8:TRADES:2Y,2025-04-14,1.1,1.105,1.04,1.065,5892410.0,1.0752,1224
BC8:TRADES:2Y,2025-04-15,1.06,1.06,1.005,1.03,3910912.0,1.029,1252
BC8:TRADES:2Y,2025-04-16,1.06,1.075,1.02,1.03,4108970.0,1.0448,1059
BC8:TRADES:2Y,2025-04-17,1.08,1.08,1.0,1.005,5094780.0,1.0405,1408
BC8:TRADES:2Y,2025-04-22,1.05,1.09,1.03,1.075,5774552.0,1.0656,1344
BC8:TRADES:2Y,2025-04-23,1.045,1.045,0.96,0.97,9086440.0,0.9986,1511
BC8:TRADES:2Y,2025-04-24,0.97,1.0,0.965,0.98,3888973.0,0.9823,966
BC8:TRADES:2Y,2025-04-28,0.99,0.995,0.935,0.97,4316779.0,0.9659,1066
BC8:TRADES:2Y,2025-04-29,0.985,1.035,0.985,1.01,5289931.0,1.0161,986
BC8:TRADES:2Y,2025-04-30,1.01,1.015,0.975,0.99,2478179.0,0.991,572
BC8:TRADES:2Y,2025-05-01,0.975,0.975,0.94,0.945,2863338.0,0.9515,776
BC8:TRADES:2Y,2025-05-02,0.945,0.95,0.92,0.94,3188674.0,0.9347,693
BC8:TRADES:2Y,2025-05-05,0.945,0.95,0.89,0.91,4015058.0,0.9159,699
BC8:TRADES:2Y,2025-05-06,0.94,1.0,0.935,0.975,4744447.0,0.9639,1374
BC8:TRADES:2Y,2025-05-07,0.99,1.0,0.95,0.97,4586981.0,0.9739,930
BC8:TRADES:2Y,2025-05-08,0.97,1.025,0.955,0.995,6886155.0,0.9987,1247
BC8:TRADES:2Y,2025-05-09,0.98,0.98,0.935,0.96,4751996.0,0.9583,1197
BC8:TRADES:2Y,2025-05-12,0.93,0.945,0.875,0.89,6021918.0,0.8998,1310
BC8:TRADES:2Y,2025-05-13,0.875,0.875,0.807,0.845,11103887.0,0.833,2293
BC8:TRADES:2Y,2025-05-14,0.84,0.865,0.825,0.855,6485183.0,0.8432,1277
BC8:TRADES:2Y,2025-05-15,0.835,0.835,0.795,0.8,4660442.0,0.8125,962
BC8:TRADES:2Y,2025-05-16,0.84,0.85,0.795,0.82,6338617.0,0.8179,1122
BC8:TRADES:2Y,2025-05-19,0.83,0.85,0.815,0.825,4490839.0,0.8291,1296
BC8:TRADES:2Y,2025-05-20,0.825,0.845,0.81,0.815,3653213.0,0.8244,957
BC8:TRADES:2Y,2025-05-21,0.84,0.855,0.83,0.84,3258545.0,0.8426,777
BC8:TRADES:2Y,2025-05-22,0.84,0.87,0.84,0.855,2548649.0,0.8571,800
BC8:TRADES:2Y,2025-05-23,0.85,0.855,0.825,0.835,2367503.0,0.8358,663
BC8:TRADES:2Y,2025-05-26,0.85,0.865,0.84,0.84,3322486.0,0.8502,685
BC8:TRADES:2Y,2025-05-27,0.845,0.85,0.815,0.82,2345256.0,0.8275,663
BC8:TRADES:2Y,2025-05-28,0.81,0.818,0.8,0.81,2250418.0,0.808,986
BC8:TRADES:2Y,2025-05-29,0.81,0.81,0.76,0.795,4621158.0,0.7846,961
BC8:TRADES:2Y,2025-05-30,0.8,0.815,0.79,0.815,1509068.0,0.8041,792
BC8:TRADES:2Y,2025-06-02,0.805,0.835,0.795,0.83,2348202.0,0.8162,1041
BC8:TRADES:2Y,2025-06-03,0.865,0.885,0.845,0.85,3484215.0,0.8592,919
BC8:TRADES:2Y,2025-06-04,0.87,0.9,0.86,0.89,4707518.0,0.8815,1625
BC8:TRADES:2Y,2025-06-05,0.9,0.92,0.89,0.91,3742985.0,0.907,1333
BC8:TRADES:2Y,2025-06-06,0.905,0.925,0.865,0.87,3057309.0,0.8876,784
BC8:TRADES:2Y,2025-06-10,0.88,0.895,0.805,0.805,4337651.0,0.8357,1469
BC8:TRADES:2Y,2025-06-11,0.815,0.83,0.785,0.83,4191879.0,0.8047,1301
BC8:TRADES:2Y,2025-06-12,0.84,0.86,0.825,0.845,3705636.0,0.8431,1016
BC8:TRADES:2Y,2025-06-13,0.855,0.895,0.855,0.885,3004959.0,0.8748,1106
BC8:TRADES:2Y,2025-06-16,0.885,0.925,0.875,0.875,4561428.0,0.8968,1350
BC8:TRADES:2Y,2025-06-17,0.88,0.945,0.865,0.94,5300020.0,0.911,1141
BC8:TRADES:2Y,2025-06-18,0.945,0.97,0.89,0.895,4521371.0,0.9236,1805
BC8:TRADES:2Y,2025-06-19,0.9,0.91,0.85,0.85,2920515.0,0.8655,884
BC8:TRADES:2Y,2025-06-20,0.86,0.865,0.83,0.845,2464409.0,0.8455,964
BC8:TRADES:2Y,2025-06-23,0.845,0.853,0.815,0.815,2131963.0,0.8324,1146
BC8:TRADES:2Y,2025-06-24,0.82,0.82,0.8,0.805,2138744.0,0.8088,1100
BC8:TRADES:2Y,2025-06-25,0.8,0.805,0.775,0.79,3092208.0,0.7906,1454
BC8:TRADES:2Y,2025-06-26,0.79,0.795,0.75,0.76,5783177.0,0.7645,1481
BC8:TRADES:2Y,2025-06-27,0.755,0.8,0.755,0.77,2199274.0,0.7739,797
BC8:TRADES:2Y,2025-06-30,0.76,0.775,0.72,0.775,4441871.0,0.7519,1770
BC8:TRADES:2Y,2025-07-01,0.78,0.818,0.78,0.81,3204918.0,0.8033,1296
BC8:TRADES:2Y,2025-07-02,0.81,0.81,0.785,0.8,2554875.0,0.7995,1339
BC8:TRADES:2Y,2025-07-03,0.81,0.825,0.79,0.82,1686226.0,0.8115,853
BC8:TRADES:2Y,2025-07-04,0.825,0.825,0.805,0.815,1180492.0,0.8129,1088
BC8:TRADES:2Y,2025-07-07,0.805,0.815,0.775,0.785,3031941.0,0.7945,1248
BC8:TRADES:2Y,2025-07-08,0.795,0.85,0.795,0.83,2785849.0,0.8303,1143
BC8:TRADES:2Y,2025-07-09,0.805,0.815,0.76,0.775,3345042.0,0.7795,1748
BC8:TRADES:2Y,2025-07-10,0.785,0.8,0.77,0.775,2175713.0,0.7816,1581
BC8:TRADES:2Y,2025-07-11,0.775,0.79,0.765,0.78,2473248.0,0.7762,1187
BC8:TRADES:2Y,2025-07-14,0.8,0.83,0.795,0.82,2100904.0,0.8113,928
BC8:TRADES:2Y,2025-07-15,0.8,0.82,0.795,0.82,1283400.0,0.8089,843
BC8:TRADES:2Y,2025-07-16,0.81,0.825,0.795,0.815,1748633.0,0.8102,853
BC8:TRADES:2Y,2025-07-17,0.81,0.82,0.8,0.81,1631776.0,0.8059,1014
BC8:TRADES:2Y,2025-07-18,0.815,0.84,0.8,0.82,2395866.0,0.8204,613
BC8:TRADES:2Y,2025-07-21,0.815,0.82,0.792,0.8,2838804.0,0.8057,748
BC8:TRADES:2Y,2025-07-22,0.815,0.845,0.815,0.835,2917528.0,0.8282,1158
BC8:TRADES:2Y,2025-07-23,0.855,0.875,0.84,0.86,5096866.0,0.8573,1160
BC8:TRADES:2Y,2025-07-24,0.835,0.86,0.815,0.855,3018605.0,0.8424,1025
BC8:TRADES:2Y,2025-07-25,0.85,0.86,0.815,0.83,2032798.0,0.8341,806
BC8:TRADES:2Y,2025-07-28,0.83,0.865,0.825,0.835,2830808.0,0.8423,988
BC8:TRADES:2Y,2025-07-29,0.815,0.845,0.815,0.82,1318709.0,0.8257,1054
BC8:TRADES:2Y,2025-07-30,0.82,0.848,0.797,0.835,2269586.0,0.8209,881
BC8:TRADES:2Y,2025-07-31,0.81,0.82,0.795,0.805,1738537.0,0.8072,1249
BC8:TRADES:2Y,2025-08-01,0.8,0.815,0.787,0.805,1966587.0,0.8041,1030
BC8:TRADES:2Y,2025-08-04,0.82,0.855,0.805,0.83,2233473.0,0.8367,1177
BC8:TRADES:2Y,2025-08-05,0.84,0.88,0.84,0.855,3195192.0,0.8587,1347
BC8:TRADES:2Y,2025-08-06,0.86,0.9,0.86,0.88,3417216.0,0.8823,1611
BC8:TRADES:2Y,2025-08-07,0.885,0.89,0.865,0.875,1374824.0,0.8766,854
BC8:TRADES:2Y,2025-08-08,0.88,0.92,0.88,0.92,3515049.0,0.9007,1314
BC8:TRADES:2Y,2025-08-11,0.925,0.925,0.897,0.91,2351761.0,0.9092,1087
BC8:TRADES:2Y,2025-08-12,0.9,0.91,0.88,0.885,2696117.0,0.8906,902
BC8:TRADES:2Y,2025-08-13,0.88,0.895,0.875,0.88,1596876.0,0.8835,1146
BC8:TRADES:2Y,2025-08-14,0.89,0.9,0.88,0.885,2016602.0,0.8899,1124
BC8:TRADES:2Y,2025-08-15,0.88,0.89,0.87,0.885,2881600.0,0.881,1363
BC8:TRADES:2Y,2025-08-18,0.88,0.89,0.865,0.88,1925312.0,0.8739,987
BC8:TRADES:2Y,2025-08-19,0.87,0.877,0.83,0.84,4263102.0,0.8484,1870
BC8:TRADES:2Y,2025-08-20,0.84,0.845,0.8,0.835,5236813.0,0.8278,1550
BC8:TRADES:2Y,2025-08-21,0.85,0.89,0.85,0.87,2877151.0,0.8702,1277
BC8:TRADES:2Y,2025-08-22,0.875,0.885,0.865,0.87,4128356.0,0.8758,1218
BC8:TRADES:2Y,2025-08-25,0.9,0.925,0.89,0.905,10155263.0,0.9045,2433
BC8:TRADES:2Y,2025-08-26,0.9,0.915,0.87,0.895,8266676.0,0.8944,1250
BC8:TRADES:2Y,2025-08-27,0.915,0.932,0.895,0.9,4415675.0,0.912,985
BC8:TRADES:2Y,2025-08-28,0.91,0.915,0.87,0.875,3892698.0,0.8934,1239
BC8:TRADES:2Y,2025-08-29,0.895,0.91,0.88,0.895,2527151.0,0.8948,1224
BC8:TRADES:2Y,2025-09-01,0.92,1.005,0.915,1.0,15705316.0,0.9581,2855
BC8:TRADES:2Y,2025-09-02,1.01,1.02,0.98,0.99,5162065.0,0.9949,1611
BC8:TRADES:2Y,2025-09-03,1.02,1.065,1.015,1.02,6867617.0,1.0333,2147
BC8:TRADES:2Y,2025-09-04,1.025,1.025,0.96,0.965,7368603.0,0.9888,2017
BC8:TRADES:2Y,2025-09-05,0.96,0.995,0.95,0.99,4884438.0,0.9818,1540
BC8:TRADES:2Y,2025-09-08,1.02,1.077,1.02,1.065,8744596.0,1.0448,2306
BC8:TRADES:2Y,2025-09-09,1.09,1.105,1.06,1.08,7633522.0,1.0781,2532
BC8:TRADES:2Y,2025-09-10,1.065,1.115,1.06,1.115,6163853.0,1.0829,1791
BC8:TRADES:2Y,2025-09-11,1.145,1.15,1.11,1.12,4805749.0,1.1277,1594
BC8:TRADES:2Y,2025-09-12,1.13,1.222,1.12,1.215,7206359.0,1.1817,2835
BC8:TRADES:2Y,2025-09-15,1.24,1.24,1.18,1.185,5851736.0,1.2045,2304
BC8:TRADES:2Y,2025-09-16,1.215,1.23,1.165,1.195,6425640.0,1.1968,3318
BC8:TRADES:2Y,2025-09-17,1.19,1.198,1.165,1.17,4937954.0,1.1773,3086
BC8:TRADES:2Y,2025-09-18,1.155,1.215,1.155,1.19,7292407.0,1.1892,3273
BC8:TRADES:2Y,2025-09-19,1.195,1.225,1.18,1.225,41580268.0,1.2216,3191
BC8:TRADES:2Y,2025-09-22,1.24,1.32,1.24,1.28,9506454.0,1.2861,7710
BC8:TRADES:2Y,2025-09-23,1.33,1.36,1.325,1.36,5531366.0,1.3469,13015
BC8:TRADES:2Y,2025-09-24,1.35,1.395,1.335,1.385,7885941.0,1.3674,2991
BC8:TRADES:2Y,2025-09-25,1.37,1.445,1.365,1.395,9514858.0,1.411,4084
BC8:TRADES:2Y,2025-09-26,1.39,1.425,1.36,1.425,4926207.0,1.395,2896
BC8:TRADES:2Y,2025-09-29,1.43,1.445,1.38,1.43,5999671.0,1.4057,2608
BC8:TRADES:2Y,2025-09-30,1.43,1.438,1.4,1.405,4540475.0,1.4179,2029
BC8:TRADES:2Y,2025-10-01,1.435,1.49,1.425,1.435,5954569.0,1.4556,3896
BC8:TRADES:2Y,2025-10-02,1.44,1.45,1.4,1.42,3754921.0,1.4228,2779
BC8:TRADES:2Y,2025-10-03,1.4,1.425,1.365,1.405,4582582.0,1.3958,3553
BC8:TRADES:2Y,2025-10-06,1.41,1.46,1.41,1.445,3226503.0,1.4386,2724
BC8:TRADES:2Y,2025-10-07,1.455,1.46,1.38,1.39,4272887.0,1.4125,2474
BC8:TRADES:2Y,2025-10-08,1.385,1.425,1.355,1.425,2833159.0,1.384,1466
BC8:TRADES:2Y,2025-10-09,1.43,1.44,1.385,1.415,3437365.0,1.4125,2034
BC8:TRADES:2Y,2025-10-10,1.365,1.385,1.33,1.335,4132648.0,1.3539,2130
BC8:TRADES:2Y,2025-10-13,1.355,1.42,1.355,1.39,4350169.0,1.3905,1585
BC8:TRADES:2Y,2025-10-14,1.43,1.5,1.43,1.445,5649548.0,1.4606,1881
BC8:TRADES:2Y,2025-10-15,1.44,1.445,1.38,1.405,4853207.0,1.4111,1737
BC8:TRADES:2Y,2025-10-16,1.42,1.435,1.4,1.425,5066899.0,1.422,2267
BC8:TRADES:2Y,2025-10-17,1.46,1.47,1.33,1.335,6654345.0,1.3876,2191
BC8:TRADES:2Y,2025-10-20,1.335,1.335,1.23,1.255,8046318.0,1.2706,2660
BC8:TRADES:2Y,2025-10-21,1.31,1.325,1.275,1.29,5037697.0,1.2945,1965
BC8:TRADES:2Y,2025-10-22,1.19,1.19,1.13,1.175,8259686.0,1.1642,4502
BC8:TRADES:2Y,2025-10-23,1.175,1.185,1.155,1.17,3326250.0,1.1679,2932
BC8:TRADES:2Y,2025-10-24,1.175,1.18,1.12,1.125,5310020.0,1.1459,3453
BC8:TRADES:2Y,2025-10-27,1.12,1.135,1.08,1.085,4742542.0,1.1046,2210
BC8:TRADES:2Y,2025-10-28,1.04,1.04,0.965,0.965,9187630.0,0.9915,2902
BC8:TRADES:2Y,2025-10-29,0.96,0.995,0.945,0.975,8600389.0,0.9687,3129
BC8:TRADES:2Y,2025-10-30,0.97,0.99,0.92,0.945,6416388.0,0.9596,3612
BC8:TRADES:2Y,2025-10-31,0.975,1.032,0.975,1.015,7152768.0,1.0108,3634
BC8:TRADES:2Y,2025-11-03,1.015,1.02,0.955,0.96,4508308.0,0.9786,3112
BC8:TRADES:2Y,2025-11-04,0.94,0.945,0.915,0.925,3736900.0,0.932,2087
BC8:TRADES:2Y,2025-11-05,0.905,0.905,0.85,0.895,7313802.0,0.8736,4325
BC8:TRADES:2Y,2025-11-06,0.92,0.945,0.91,0.935,4386403.0,0.9304,1730
BC8:TRADES:2Y,2025-11-07,0.94,0.96,0.93,0.935,2173523.0,0.9412,1060
BC8:TRADES:2Y,2025-11-10,0.95,1.022,0.95,1.02,4167787.0,0.999,2158
BC8:TRADES:2Y,2025-11-11,1.08,1.135,1.055,1.075,8452199.0,1.0948,3340
BC8:TRADES:2Y,2025-11-12,1.095,1.12,1.07,1.075,6161283.0,1.0922,2772
BC8:TRADES:2Y,2025-11-13,1.13,1.155,1.07,1.09,5387853.0,1.1017,3523
BC8:TRADES:2Y,2025-11-14,1.07,1.07,1.015,1.06,4522614.0,1.0443,2017
BC8:TRADES:2Y,2025-11-17,1.015,1.065,1.0,1.03,2520772.0,1.0358,1523
BC8:TRADES:2Y,2025-11-18,1.025,1.03,0.965,0.98,5399477.0,0.9954,1892
BC8:TRADES:2Y,2025-11-19,0.995,1.015,0.99,0.995,4206546.0,1.002,1430
BC8:TRADES:2Y,2025-11-20,1.0,1.03,0.995,1.005,3389666.0,1.0146,1396
BC8:TRADES:2Y,2025-11-21,0.975,0.975,0.93,0.935,7683548.0,0.9488,2236
BC8:TRADES:2Y,2025-11-24,0.97,0.97,0.945,0.955,4261353.0,0.9552,1714
BC8:TRADES:2Y,2025-11-25,1.02,1.03,0.995,1.02,3266696.0,1.0088,1342
BC8:TRADES:2Y,2025-11-26,1.03,1.048,1.005,1.04,2918940.0,1.0304,1306
BC8:TRADES:2Y,2025-11-27,1.075,1.075,1.025,1.025,3422327.0,1.0454,1518
BC8:TRADES:2Y,2025-11-28,1.02,1.065,1.0,1.065,3359122.0,1.0431,1356
BC8:TRADES:2Y,2025-12-01,1.095,1.1,1.05,1.075,3550475.0,1.0778,1600
BC8:TRADES:2Y,2025-12-02,1.08,1.085,1.035,1.05,4360011.0,1.0595,1857
BC8:TRADES:2Y,2025-12-03,1.055,1.06,1.025,1.055,2550667.0,1.0459,1701
BC8:TRADES:2Y,2025-12-04,1.065,1.065,1.012,1.015,2522492.0,1.0323,1017
BC8:TRADES:2Y,2025-12-05,1.045,1.06,1.028,1.05,4737681.0,1.0466,2771
BC8:TRADES:2Y,2025-12-08,1.06,1.06,1.01,1.015,3932076.0,1.0297,2036
BC8:TRADES:2Y,2025-12-09,1.015,1.015,0.98,0.985,3139160.0,0.9938,1443
BC8:TRADES:2Y,2025-12-10,1.025,1.048,1.02,1.04,3339234.0,1.034,1788
BC8:TRADES:2Y,2025-12-11,1.045,1.07,1.015,1.02,3965496.0,1.039,1328
BC8:TRADES:2Y,2025-12-12,1.055,1.08,1.035,1.07,6291233.0,1.0585,2690
BC8:TRADES:2Y,2025-12-15,1.07,1.095,1.045,1.085,3284566.0,1.0762,1824
BC8:TRADES:2Y,2025-12-16,1.08,1.085,1.015,1.035,5562361.0,1.0442,2546
BC8:TRADES:2Y,2025-12-17,1.035,1.1,1.025,1.095,3329462.0,1.0673,1925
BC8:TRADES:2Y,2025-12-18,1.1,1.115,1.045,1.055,4895190.0,1.0621,2795
BC8:TRADES:2Y,2025-12-19,1.065,1.115,1.03,1.115,9377696.0,1.0822,2406
BC8:TRADES:2Y,2025-12-22,1.12,1.18,1.085,1.175,5375354.0,1.1386,4793
BC8:TRADES:2Y,2025-12-23,1.18,1.24,1.17,1.235,5395381.0,1.2034,1777
BC8:TRADES:2Y,2025-12-24,1.24,1.245,1.215,1.23,3766800.0,1.2299,1598
BC8:TRADES:2Y,2025-12-29,1.25,1.26,1.195,1.235,3913546.0,1.2297,2516
BC8:TRADES:2Y,2025-12-30,1.15,1.228,1.12,1.215,6014456.0,1.1859,3140
BC8:TRADES:2Y,2025-12-31,1.235,1.245,1.2,1.24,3712854.0,1.2199,1414
BC8:TRADES:2Y,2026-01-02,1.215,1.28,1.21,1.27,3162198.0,1.2547,1498
BC8:TRADES:2Y,2026-01-05,1.265,1.32,1.248,1.31,3384282.0,1.2889,2643
BC8:TRADES:2Y,2026-01-06,1.33,1.35,1.323,1.345,3075914.0,1.3345,1679
BC8:TRADES:2Y,2026-01-07,1.39,1.41,1.333,1.355,4333350.0,1.371,2707
BC8:TRADES:2Y,2026-01-08,1.37,1.45,1.36,1.415,8633537.0,1.4106,4800
BC8:TRADES:2Y,2026-01-09,1.415,1.43,1.38,1.405,5638283.0,1.408,3024
BC8:TRADES:2Y,2026-01-12,1.44,1.51,1.44,1.47,7359918.0,1.4798,3669
BC8:TRADES:2Y,2026-01-13,1.485,1.505,1.425,1.44,4963638.0,1.4577,2364
BC8:TRADES:2Y,2026-01-14,1.45,1.47,1.41,1.47,3423359.0,1.4405,2448
BC8:TRADES:2Y,2026-01-15,1.465,1.488,1.445,1.465,3825845.0,1.4626,2223
BC8:TRADES:2Y,2026-01-16,1.465,1.505,1.458,1.465,3796305.0,1.4807,2126
BC8:TRADES:2Y,2026-01-19,1.46,1.54,1.455,1.52,5701744.0,1.5109,2904
BC8:TRADES:2Y,2026-01-20,1.53,1.53,1.49,1.5,2297936.0,1.5048,1582
BC8:TRADES:2Y,2026-01-21,1.53,1.535,1.492,1.535,6536429.0,1.5177,2944
BC8:TRADES:2Y,2026-01-22,1.52,1.52,1.445,1.48,3219313.0,1.4729,2212
BC8:TRADES:2Y,2026-01-23,1.53,1.58,1.52,1.56,7554681.0,1.5543,3633
BC8:TRADES:2Y,2026-01-27,1.58,1.59,1.5,1.55,6846522.0,1.5433,3448
BC8:TRADES:2Y,2026-01-28,1.6,1.605,1.545,1.555,3698870.0,1.5693,3808
BC8:TRADES:2Y,2026-01-29,1.595,1.6,1.51,1.56,8119247.0,1.5508,2917
BC8:TRADES:2Y,2026-01-30,1.51,1.51,1.38,1.4,11808583.0,1.4343,4055
BC8:TRADES:2Y,2026-02-02,1.335,1.365,1.29,1.32,13521223.0,1.3298,3970
BC8:TRADES:2Y,2026-02-03,1.305,1.435,1.305,1.42,4714929.0,1.3936,2500
BC8:TRADES:2Y,2026-02-04,1.48,1.508,1.45,1.48,4462903.0,1.4826,2444
BC8:TRADES:2Y,2026-02-05,1.475,1.48,1.373,1.385,4234005.0,1.4177,3459
BC8:TRADES:2Y,2026-02-06,1.33,1.355,1.295,1.34,7654352.0,1.3248,3743
BC8:TRADES:2Y,2026-02-09,1.39,1.415,1.365,1.395,3548265.0,1.3907,2356
BC8:TRADES:2Y,2026-02-10,1.42,1.43,1.385,1.43,3763350.0,1.4122,1611
BC8:TRADES:2Y,2026-02-11,1.4,1.43,1.375,1.42,5005336.0,1.4057,3189
BC8:TRADES:2Y,2026-02-12,1.45,1.465,1.37,1.4,4812187.0,1.4041,2651
BC8:TRADES:2Y,2026-02-13,1.34,1.38,1.32,1.37,5130918.0,1.3615,2719
BC8:TRADES:2Y,2026-02-16,1.39,1.435,1.38,1.395,4120349.0,1.4019,2228
BC8:TRADES:2Y,2026-02-17,1.38,1.38,1.31,1.33,4633944.0,1.3372,2179
BC8:TRADES:2Y,2026-02-18,1.325,1.365,1.325,1.355,5304318.0,1.3449,2823
BC8:TRADES:2Y,2026-02-19,1.38,1.39,1.305,1.305,3772005.0,1.3341,2476
BC8:TRADES:2Y,2026-02-20,1.3,1.325,1.282,1.3,3495812.0,1.2987,2235
BC8:TRADES:2Y,2026-02-23,1.33,1.39,1.33,1.385,3211528.0,1.3621,2517
BC8:TRADES:2Y,2026-02-24,1.395,1.417,1.34,1.38,3803571.0,1.3738,2630
BC8:TRADES:2Y,2026-02-25,1.385,1.445,1.365,1.44,2968381.0,1.4103,2499
BC8:TRADES:2Y,2026-02-26,1.435,1.495,1.415,1.485,6962529.0,1.4658,2992
BC8:TRADES:2Y,2026-02-27,1.505,1.575,1.475,1.555,8686350.0,1.5466,5732
BC8:TRADES:2Y,2026-03-02,1.61,1.655,1.552,1.59,5805723.0,1.5882,3002
BC8:TRADES:2Y,2026-03-03,1.595,1.605,1.53,1.555,3921443.0,1.5638,3126
BC8:TRADES:2Y,2026-03-04,1.48,1.545,1.445,1.49,5297683.0,1.489,4211
BC8:TRADES:2Y,2026-03-05,1.53,1.53,1.475,1.505,4347244.0,1.5039,2508
BC8:TRADES:2Y,2026-03-06,1.45,1.45,1.363,1.4,6946499.0,1.4056,3479
BC8:TRADES:2Y,2026-03-09,1.37,1.4,1.25,1.285,7909300.0,1.3007,5485
BC8:TRADES:2Y,2026-03-10,1.32,1.345,1.29,1.31,4015487.0,1.3178,2621
BC8:TRADES:2Y,2026-03-11,1.32,1.34,1.29,1.3,5533453.0,1.3045,4190
BC8:TRADES:2Y,2026-03-12,1.275,1.295,1.24,1.25,4152400.0,1.2528,2722
BC8:TRADES:2Y,2026-03-13,1.24,1.24,1.165,1.18,6120972.0,1.1905,3248
BC8:TRADES:2Y,2026-03-16,1.14,1.155,1.105,1.15,5409650.0,1.1384,3045
BC8:TRADES:2Y,2026-03-17,1.145,1.183,1.125,1.18,4277909.0,1.15,2276
BC8:TRADES:2Y,2026-03-18,1.17,1.173,1.14,1.16,3401747.0,1.1573,2640
BC8:TRADES:2Y,2026-03-19,1.08,1.085,1.02,1.03,8937823.0,1.0459,3762
BC8:TRADES:2Y,2026-03-20,0.985,1.055,0.95,1.055,18467355.0,1.021,4914
BC8:TRADES:2Y,2026-03-23,0.97,0.975,0.92,0.93,12084143.0,0.9356,4317
BC8:TRADES:2Y,2026-03-24,0.975,0.995,0.917,0.935,5624950.0,0.9497,2226
BC8:TRADES:2Y,2026-03-25,0.965,1.008,0.955,0.995,6636685.0,0.9869,2653
BC8:TRADES:2Y,2026-03-26,1.005,1.005,0.945,0.95,6308796.0,0.9643,2386
BC8:TRADES:2Y,2026-03-27,0.93,0.945,0.895,0.935,3419889.0,0.9213,1489
BC8:TRADES:2Y,2026-03-30,0.95,0.953,0.925,0.945,3657332.0,0.9395,1618
BC8:TRADES:2Y,2026-03-31,0.95,1.005,0.93,0.995,4728329.0,0.973,1711
BC8:TRADES:2Y,2026-04-01,1.05,1.065,1.035,1.06,5003352.0,1.0537,1916
BC8:TRADES:2Y,2026-04-02,1.1,1.115,1.02,1.025,5282195.0,1.0679,2350
BC8:TRADES:2Y,2026-04-07,1.04,1.05,1.02,1.045,2267054.0,1.0354,1159
BC8:TRADES:2Y,2026-04-08,1.1,1.22,1.1,1.22,6246556.0,1.1702,2008
BC8:TRADES:2Y,2026-04-09,1.17,1.185,1.13,1.185,5883318.0,1.1598,2781
BC8:TRADES:2Y,2026-04-10,1.16,1.24,1.145,1.24,5102486.0,1.2013,2166
BC8:TRADES:2Y,2026-04-13,1.205,1.215,1.155,1.205,4895548.0,1.1921,2294
BC8:TRADES:2Y,2026-04-14,1.205,1.25,1.2,1.25,2624586.0,1.2289,1994
BC8:TRADES:2Y,2026-04-15,1.29,1.3,1.275,1.28,4607130.0,1.2844,2391
BC8:TRADES:2Y,2026-04-16,1.255,1.26,1.225,1.25,3018384.0,1.2484,3224
BC8:TRADES:2Y,2026-04-17,1.245,1.245,1.195,1.215,2321754.0,1.2118,2605
BC8:TRADES:2Y,2026-04-20,1.19,1.265,1.17,1.26,3444681.0,1.2373,2208
BC8:TRADES:2Y,2026-04-21,1.26,1.3,1.25,1.29,1946334.0,1.2757,1694
BC8:TRADES:2Y,2026-04-22,1.25,1.32,1.24,1.32,2838886.0,1.287,2293
BC8:TRADES:2Y,2026-04-23,1.25,1.265,1.14,1.19,7363816.0,1.1969,2783
BC8:TRADES:2Y,2026-04-24,1.19,1.208,1.15,1.175,4404907.0,1.1802,2528
BC8:TRADES:2Y,2026-04-27,1.16,1.255,1.16,1.23,2708185.0,1.2225,2383
BC8:TRADES:2Y,2026-04-28,1.21,1.215,1.15,1.15,2943263.0,1.1747,2276
BC8:TRADES:2Y,2026-04-29,1.12,1.14,1.1,1.14,3608520.0,1.1259,2629
BC8:TRADES:2Y,2026-04-30,1.125,1.145,1.105,1.105,2398281.0,1.1175,2073
BC8:TRADES:2Y,2026-05-01,1.13,1.165,1.105,1.115,2040743.0,1.1257,1715
BC8:TRADES:2Y,2026-05-04,1.125,1.14,1.11,1.125,2043919.0,1.1261,1311
BC8:TRADES:2Y,2026-05-05,1.11,1.125,1.097,1.1,1824738.0,1.1069,1354
BC8:TRADES:2Y,2026-05-06,1.135,1.135,1.075,1.1,1807066.0,1.099,1570
BC8:TRADES:2Y,2026-05-07,1.15,1.175,1.125,1.16,2371815.0,1.1476,2409
BC8:TRADES:2Y,2026-05-08,1.145,1.205,1.145,1.205,2398846.0,1.1752,1441
BC8:TRADES:2Y,2026-05-11,1.21,1.23,1.195,1.205,2557089.0,1.2116,2192
BC8:TRADES:2Y,2026-05-12,1.235,1.25,1.215,1.225,1452293.0,1.2269,1799
BC8:TRADES:2Y,2026-05-13,1.2,1.228,1.2,1.21,1067435.0,1.215,1436
BC8:TRADES:2Y,2026-05-14,1.21,1.22,1.175,1.175,1772002.0,1.197,1730
BC8:TRADES:2Y,2026-05-15,1.17,1.17,1.105,1.115,2545985.0,1.1375,1891
BC8:TRADES:2Y,2026-05-18,1.07,1.08,1.042,1.055,3654147.0,1.0616,2206
BC8:TRADES:2Y,2026-05-19,1.08,1.095,1.055,1.08,1889362.0,1.0727,2043
BC8:TRADES:2Y,2026-05-20,1.05,1.052,1.015,1.025,2052756.0,1.0346,1823
BC8:TRADES:2Y,2026-05-21,1.05,1.075,1.048,1.055,1017440.0,1.059,1502
BC8:TRADES:2Y,2026-05-22,1.065,1.075,1.03,1.045,2097878.0,1.0472,1413
BC8:TRADES:2Y,2026-05-25,1.08,1.16,1.08,1.16,1858213.0,1.1294,1835
BC8:TRADES:2Y,2026-05-26,1.23,1.26,1.2,1.25,4532296.0,1.23,3164
BC8:TRADES:2Y,2026-05-27,1.25,1.275,1.19,1.195,2890476.0,1.2199,2434
BC8:TRADES:2Y,2026-05-28,1.18,1.2,1.09,1.1,2542849.0,1.1294,2304
BC8:TRADES:2Y,2026-05-29,1.135,1.165,1.13,1.15,2029657.0,1.1533,1379
BC8:TRADES:2Y,2026-06-01,1.16,1.17,1.145,1.145,1072832.0,1.1545,1516
BC8:TRADES:2Y,2026-06-02,1.13,1.165,1.11,1.16,1745978.0,1.1446,1822
BC8:TRADES:2Y,2026-06-03,1.15,1.18,1.13,1.165,2125702.0,1.1556,2493
BC8:TRADES:2Y,2026-06-04,1.14,1.18,1.113,1.165,1487527.0,1.1448,1271
BC8:TRADES:2Y,2026-06-05,1.165,1.175,1.11,1.125,1869982.0,1.1285,2674
BC8:TRADES:2Y,2026-06-09,1.06,1.065,1.005,1.055,4506422.0,1.0375,2063
BC8:TRADES:2Y,2026-06-10,1.02,1.02,0.9,0.915,9283698.0,0.9419,3829
BC8:TRADES:2Y,2026-06-11,0.87,0.895,0.855,0.875,10865921.0,0.873,4381
BC8:TRADES:2Y,2026-06-12,0.945,0.975,0.935,0.95,5918107.0,0.9547,1870
BC8:TRADES:2Y,2026-06-15,0.99,1.045,0.99,1.035,4234058.0,1.0235,1960
BC8:TRADES:2Y,2026-06-16,1.05,1.065,1.02,1.052,2214817.0,1.0459,2454
BC8:TRADES:2Y,2026-06-17,1.06,1.12,1.06,1.1,4200470.0,1.0937,1906
BC8:TRADES:2Y,2026-06-18,1.06,1.095,1.045,1.055,1887387.0,1.0674,2171
BC8:TRADES:2Y,2026-06-19,1.005,1.045,0.995,1.0,2532334.0,1.0094,1571
BC8:TRADES:2Y,2026-06-22,0.995,1.06,0.995,1.055,1666187.0,1.0358,1222
BC8:TRADES:2Y,2026-06-23,1.06,1.06,1.005,1.015,1340449.0,1.0233,1270
BC8:TRADES:2Y,2026-06-24,1.0,1.005,0.97,0.975,1924311.0,0.9846,1410
BC8:TRADES:2Y,2026-06-25,0.96,0.96,0.91,0.925,3285497.0,0.9271,1333
BC8:TRADES:2Y,2026-06-26,0.935,0.945,0.9,0.925,2602450.0,0.9196,1839
BC8:TRADES:2Y,2026-06-29,0.945,0.958,0.91,0.92,2768337.0,0.9319,1277
BC8:TRADES:2Y,2026-06-30,0.91,0.92,0.87,0.88,4773300.0,0.8862,2202
BC8:TRADES:2Y,2026-07-01,0.895,0.895,0.86,0.865,1652187.0,0.874,2032
BC8:TRADES:2Y,2026-07-02,0.875,0.92,0.87,0.92,1707286.0,0.8973,1478
BC8:TRADES:2Y,2026-07-03,0.95,0.975,0.938,0.96,1851490.0,0.9602,1622
BC8:TRADES:2Y,2026-07-06,0.97,1.0,0.955,0.975,2271796.0,0.9792,1513
BC8:TRADES:2Y,2026-07-07,0.99,0.99,0.935,0.935,3069889.0,0.9523,1651
BC8:TRADES:2Y,2026-07-08,0.915,0.92,0.895,0.905,1901523.0,0.9038,1869
BC8:TRADES:2Y,2026-07-09,0.9,0.9,0.875,0.9,1715338.0,0.8901,968
BC8:TRADES:2Y,2026-07-10,0.92,0.958,0.915,0.948,1764080.0,0.9389,1225
BC8:TRADES:2Y,2026-07-13,0.94,0.94,0.905,0.91,843729.0,0.9159,757
BC8:TRADES:2Y,2026-07-14,0.885,0.905,0.865,0.905,2324199.0,0.8804,1600
BC8:TRADES:2Y,2026-07-15,0.94,0.94,0.89,0.9,1779690.0,0.9138,1584
BC8:TRADES:2Y,2026-07-16,0.945,0.945,0.88,0.9,2378261.0,0.9059,950
BC8:TRADES:2Y,2026-07-17,0.895,0.895,0.845,0.858,4525220.0,0.8618,1366
BC8:TRADES:2Y,2026-07-20,0.85,0.89,0.84,0.873,3167331.0,0.8681,1036
BC8:TRADES:2Y,2026-07-21,0.875,0.9,0.86,0.895,1291916.0,0.8833,782
BC8:TRADES:2Y,2026-07-22,0.92,0.94,0.91,0.925,2267778.0,0.9239,1201
BC8:TRADES:2Y,2026-07-23,0.925,0.95,0.92,0.925,1879046.0,0.9309,1633
BC8:TRADES:2Y,2026-07-24,0.905,0.905,0.865,0.87,1762236.0,0.88,907
BC8:TRADES:2Y,2026-07-27,0.89,0.925,0.89,0.91,2066472.0,0.9118,706
BC8:TRADES:2Y,2026-07-28,0.905,0.905,0.87,0.88,2057440.0,0.8796,882
BC8:TRADES:2Y,2026-07-29,0.875,0.882,0.855,0.87,2423969.0,0.8693,1076
BC8:TRADES:2Y,2026-07-30,0.865,0.88,0.84,0.845,2828838.0,0.8586,996
BC8:TRADES:2Y,2026-07-31,0.88,0.912,0.88,0.9,3098900.0,0.9009,1276
BC8:TRADES:2Y,2026-08-03,0.895,0.91,0.88,0.9,2216431.0,0.8973,1496
BC8:TRADES:2Y,2026-08-04,0.915,0.945,0.907,0.925,1839289.0,0.9276,1421
BC8:TRADES:2Y,2026-08-05,0.935,0.995,0.935,0.995,3844384.0,0.9695,1989
BC8:TRADES:2Y,2026-08-06,1.05,1.09,1.04,1.05,4014480.0,1.0637,1905
BC8:TRADES:2Y,2026-08-07,1.04,1.115,1.03,1.11,3458290.0,1.0844,2260
BC8:TRADES:2Y,2026-08-10,1.12,1.13,1.085,1.115,3325454.0,1.1071,2180
BC8:TRADES:2Y,2026-08-11,1.115,1.135,1.087,1.095,3060299.0,1.116,1614
BC8:TRADES:2Y,2026-08-12,1.08,1.125,1.065,1.115,1775293.0,1.1078,1225
BC8:TRADES:2Y,2026-08-13,1.105,1.13,1.09,1.1,2516153.0,1.1052,1296
BC8:TRADES:2Y,2026-08-14,1.08,1.09,1.063,1.07,1964357.0,1.0761,1196
BC8:TRADES:2Y,2026-08-17,1.08,1.115,1.08,1.103,2354383.0,1.0995,1406
BC8:TRADES:2Y,2026-08-18,1.11,1.113,1.07,1.08,1638112.0,1.0892,1078
BC8:TRADES:2Y,2026-08-19,1.05,1.093,1.035,1.065,1734198.0,1.0633,1265
BC8:TRADES:2Y,2026-08-20,1.135,1.16,1.125,1.14,4456814.0,1.1461,2416
BC8:TRADES:2Y,2026-08-21,1.145,1.175,1.125,1.16,2463634.0,1.1559,1458
BC8:TRADES:2Y,2026-08-24,1.165,1.175,1.135,1.155,4068297.0,1.1583,1722
BC8:BID_ASK:3M,2026-05-27,1.2177,1.275,1.19,1.2181,-1.0,-1.0,-1
BC8:BID_ASK:3M,2026-05-28,1.1403,1.2,1.09,1.1399,-1.0,-1.0,-1
BC8:BID_ASK:3M,2026-05-29,1.1554,1.165,1.13,1.1542,-1.0,-1.0,-1
BC8:BID_ASK:3M,2026-06-01,1.1544,1.17,1.14,1.1552,-1.0,-1.0,-1
BC8:BID_ASK:3M,2026-06-02,1.1438,1.17,1.105,1.1448,-1.0,-1.0,-1
BC8:BID_ASK:3M,2026-06-03,1.1566,1.18,1.13,1.1576,-1.0,-1.0,-1
BC8:BID_ASK:3M,2026-06-04,1.1561,1.18,1.11,1.1574,-1.0,-1.0,-1
BC8:BID_ASK:3M,2026-06-05,1.1251,1.18,1.11,1.1253,-1.0,-1.0,-1
BC8:BID_ASK:3M,2026-06-09,1.0508,1.07,1.005,1.0515,-1.0,-1.0,-1
BC8:BID_ASK:3M,2026-06-10,0.9336,1.02,0.895,0.9347,-1.0,-1.0,-1
BC8:BID_ASK:3M,2026-06-11,0.871,0.9,0.85,0.8764,-1.0,-1.0,-1
BC8:BID_ASK:3M,2026-06-12,0.9493,0.98,0.935,0.9544,-1.0,-1.0,-1
BC8:BID_ASK:3M,2026-06-15,1.027,1.05,0.985,1.0322,-1.0,-1.0,-1
BC8:BID_ASK:3M,2026-06-16,1.0456,1.07,1.02,1.0506,-1.0,-1.0,-1
BC8:BID_ASK:3M,2026-06-17,1.0934,1.12,1.05,1.0985,-1.0,-1.0,-1
BC8:BID_ASK:3M,2026-06-18,1.0621,1.095,1.045,1.0671,-1.0,-1.0,-1
BC8:BID_ASK:3M,2026-06-19,1.0072,1.045,0.98,1.0123,-1.0,-1.0,-1
BC8:BID_ASK:3M,2026-06-22,1.0361,1.06,0.99,1.0412,-1.0,-1.0,-1
BC8:BID_ASK:3M,2026-06-23,1.0262,1.06,1.0,1.0314,-1.0,-1.0,-1
BC8:BID_ASK:3M,2026-06-24,0.9817,1.03,0.97,0.9872,-1.0,-1.0,-1
BC8:BID_ASK:3M,2026-06-25,0.9216,0.97,0.905,0.9267,-1.0,-1.0,-1
BC8:BID_ASK:3M,2026-06-26,0.9163,0.95,0.9,0.9214,-1.0,-1.0,-1
BC8:BID_ASK:3M,2026-06-29,0.9254,0.96,0.91,0.9304,-1.0,-1.0,-1
BC8:BID_ASK:3M,2026-06-30,0.8831,0.92,0.87,0.8883,-1.0,-1.0,-1
BC8:BID_ASK:3M,2026-07-01,0.8702,0.9,0.86,0.8753,-1.0,-1.0,-1
BC8:BID_ASK:3M,2026-07-02,0.8972,0.92,0.87,0.9025,-1.0,-1.0,-1
BC8:BID_ASK:3M,2026-07-03,0.9568,0.975,0.935,0.9618,-1.0,-1.0,-1
BC8:BID_ASK:3M,2026-07-06,0.9763,1.0,0.955,0.9813,-1.0,-1.0,-1
BC8:BID_ASK:3M,2026-07-07,0.9483,0.99,0.935,0.9533,-1.0,-1.0,-1
BC8:BID_ASK:3M,2026-07-08,0.9024,0.925,0.89,0.9074,-1.0,-1.0,-1
BC8:BID_ASK:3M,2026-07-09,0.889,0.905,0.875,0.894,-1.0,-1.0,-1
BC8:BID_ASK:3M,2026-07-10,0.9425,0.96,0.915,0.9474,-1.0,-1.0,-1
BC8:BID_ASK:3M,2026-07-13,0.911,0.945,0.9,0.9159,-1.0,-1.0,-1
BC8:BID_ASK:3M,2026-07-14,0.8821,0.91,0.865,0.887,-1.0,-1.0,-1
BC8:BID_ASK:3M,2026-07-15,0.9055,0.94,0.89,0.9105,-1.0,-1.0,-1
BC8:BID_ASK:3M,2026-07-16,0.8969,0.945,0.88,0.9019,-1.0,-1.0,-1
BC8:BID_ASK:3M,2026-07-17,0.8582,0.895,0.845,0.8633,-1.0,-1.0,-1
BC8:BID_ASK:3M,2026-07-20,0.8689,0.895,0.835,0.874,-1.0,-1.0,-1
BC8:BID_ASK:3M,2026-07-21,0.8827,0.9,0.86,0.8878,-1.0,-1.0,-1
BC8:BID_ASK:3M,2026-07-22,0.9207,0.94,0.91,0.9257,-1.0,-1.0,-1
BC8:BID_ASK:3M,2026-07-23,0.9272,0.955,0.92,0.9322,-1.0,-1.0,-1
BC8:BID_ASK:3M,2026-07-24,0.8756,0.91,0.86,0.8807,-1.0,-1.0,-1
BC8:BID_ASK:3M,2026-07-27,0.9099,0.93,0.885,0.9152,-1.0,-1.0,-1
BC8:BID_ASK:3M,2026-07-28,0.8781,0.91,0.87,0.8832,-1.0,-1.0,-1
BC8:BID_ASK:3M,2026-07-29,0.8674,0.885,0.855,0.8725,-1.0,-1.0,-1
BC8:BID_ASK:3M,2026-07-30,0.8561,0.885,0.84,0.8617,-1.0,-1.0,-1
BC8:BID_ASK:3M,2026-07-31,0.8971,0.915,0.88,0.9026,-1.0,-1.0,-1
BC8:BID_ASK:3M,2026-08-03,0.897,0.91,0.875,0.902,-1.0,-1.0,-1
BC8:BID_ASK:3M,2026-08-04,0.9246,0.945,0.905,0.9297,-1.0,-1.0,-1
BC8:BID_ASK:3M,2026-08-05,0.9681,0.995,0.93,0.9732,-1.0,-1.0,-1
BC8:BID_ASK:3M,2026-08-06,1.0584,1.09,1.04,1.0636,-1.0,-1.0,-1
BC8:BID_ASK:3M,2026-08-07,1.0871,1.115,1.025,1.0921,-1.0,-1.0,-1
BC8:BID_ASK:3M,2026-08-10,1.0996,1.14,1.08,1.1046,-1.0,-1.0,-1
BC8:BID_ASK:3M,2026-08-11,1.1154,1.135,1.085,1.1205,-1.0,-1.0,-1
BC8:BID_ASK:3M,2026-08-12,1.1082,1.125,1.065,1.1133,-1.0,-1.0,-1
BC8:BID_ASK:3M,2026-08-13,1.1055,1.135,1.09,1.1105,-1.0,-1.0,-1
BC8:BID_ASK:3M,2026-08-14,1.074,1.09,1.06,1.0792,-1.0,-1.0,-1
BC8:BID_ASK:3M,2026-08-17,1.098,1.115,1.08,1.1032,-1.0,-1.0,-1
BC8:BID_ASK:3M,2026-08-18,1.0844,1.115,1.07,1.0895,-1.0,-1.0,-1
BC8:BID_ASK:3M,2026-08-19,1.0694,1.095,1.03,1.0746,-1.0,-1.0,-1
BC8:BID_ASK:3M,2026-08-20,1.1423,1.16,1.12,1.1472,-1.0,-1.0,-1
BC8:BID_ASK:3M,2026-08-21,1.1529,1.175,1.125,1.158,-1.0,-1.0,-1
BC8:BID_ASK:3M,2026-08-24,1.1566,1.18,1.13,1.1619,-1.0,-1.0,-1
RXL:TRADES:2Y,2024-08-26,0.14,0.14,0.14,0.14,166970.0,0.14,9
RXL:TRADES:2Y,2024-08-27,0.14,0.14,0.138,0.14,482412.0,0.14,11
RXL:TRADES:2Y,2024-08-28,0.14,0.14,0.14,0.14,164361.0,0.14,9
RXL:TRADES:2Y,2024-08-29,0.14,0.14,0.135,0.135,210730.0,0.1366,13
RXL:TRADES:2Y,2024-08-30,0.135,0.14,0.135,0.135,84026.0,0.1355,15
RXL:TRADES:2Y,2024-09-02,0.138,0.14,0.13,0.13,624967.0,0.1349,19
RXL:TRADES:2Y,2024-09-03,0.13,0.14,0.13,0.14,222872.0,0.1353,20
RXL:TRADES:2Y,2024-09-06,0.135,0.138,0.133,0.138,672882.0,0.1345,29
RXL:TRADES:2Y,2024-09-09,0.135,0.14,0.135,0.14,322175.0,0.135,22
RXL:TRADES:2Y,2024-09-10,0.14,0.14,0.13,0.135,682011.0,0.1394,21
RXL:TRADES:2Y,2024-09-11,0.135,0.135,0.117,0.125,4578388.0,0.1249,178
RXL:TRADES:2Y,2024-09-12,0.125,0.14,0.125,0.14,449718.0,0.1337,19
RXL:TRADES:2Y,2024-09-13,0.14,0.14,0.135,0.14,1792596.0,0.1399,31
RXL:TRADES:2Y,2024-09-16,0.14,0.145,0.14,0.14,247637.0,0.14,18
RXL:TRADES:2Y,2024-09-17,0.14,0.145,0.14,0.14,351701.0,0.141,14
RXL:TRADES:2Y,2024-09-18,0.138,0.138,0.13,0.135,771657.0,0.1332,20
RXL:TRADES:2Y,2024-09-19,0.138,0.14,0.138,0.14,11285.0,0.1382,3
RXL:TRADES:2Y,2024-09-20,0.135,0.138,0.135,0.135,319041.0,0.135,17
RXL:TRADES:2Y,2024-09-23,0.135,0.135,0.13,0.135,1644000.0,0.1345,34
RXL:TRADES:2Y,2024-09-24,0.13,0.13,0.13,0.13,43582.0,0.13,3
RXL:TRADES:2Y,2024-09-25,0.135,0.135,0.13,0.13,321093.0,0.1309,18
RXL:TRADES:2Y,2024-09-26,0.13,0.13,0.13,0.13,295879.0,0.13,18
RXL:TRADES:2Y,2024-09-27,0.13,0.135,0.13,0.135,285960.0,0.1346,17
RXL:TRADES:2Y,2024-09-30,0.14,0.14,0.135,0.135,126345.0,0.1359,9
RXL:TRADES:2Y,2024-10-01,0.135,0.135,0.13,0.13,672284.0,0.13,17
RXL:TRADES:2Y,2024-10-02,0.13,0.13,0.128,0.128,469817.0,0.1295,22
RXL:TRADES:2Y,2024-10-03,0.125,0.125,0.12,0.125,963764.0,0.1232,43
RXL:TRADES:2Y,2024-10-04,0.13,0.133,0.125,0.125,1252605.0,0.13,50
RXL:TRADES:2Y,2024-10-07,0.13,0.13,0.12,0.12,230785.0,0.1254,17
RXL:TRADES:2Y,2024-10-08,0.125,0.125,0.117,0.12,1456874.0,0.1199,36
RXL:TRADES:2Y,2024-10-09,0.12,0.125,0.115,0.115,737939.0,0.12,21
RXL:TRADES:2Y,2024-10-10,0.115,0.12,0.115,0.115,788894.0,0.1167,46
RXL:TRADES:2Y,2024-10-11,0.12,0.13,0.12,0.13,1239279.0,0.126,43
RXL:TRADES:2Y,2024-10-14,0.135,0.135,0.135,0.135,282710.0,0.135,27
RXL:TRADES:2Y,2024-10-15,0.133,0.135,0.133,0.135,145339.0,0.1349,7
RXL:TRADES:2Y,2024-10-16,0.135,0.135,0.133,0.135,406871.0,0.1348,24
RXL:TRADES:2Y,2024-10-17,0.135,0.135,0.135,0.135,544691.0,0.135,32
RXL:TRADES:2Y,2024-10-18,0.14,0.15,0.138,0.15,1877242.0,0.1414,86
RXL:TRADES:2Y,2024-10-21,0.155,0.18,0.155,0.175,3913746.0,0.1684,178
RXL:TRADES:2Y,2024-10-22,0.19,0.21,0.18,0.19,4609072.0,0.1947,190
RXL:TRADES:2Y,2024-10-23,0.17,0.2,0.17,0.2,1424630.0,0.1829,62
RXL:TRADES:2Y,2024-10-24,0.195,0.2,0.185,0.195,659472.0,0.1959,43
RXL:TRADES:2Y,2024-10-25,0.19,0.2,0.19,0.19,519408.0,0.1935,65
RXL:TRADES:2Y,2024-10-28,0.195,0.205,0.19,0.195,2201071.0,0.1994,65
RXL:TRADES:2Y,2024-10-29,0.185,0.19,0.18,0.18,1211265.0,0.1862,34
RXL:TRADES:2Y,2024-10-30,0.185,0.195,0.18,0.195,797338.0,0.1925,32
RXL:TRADES:2Y,2024-10-31,0.19,0.19,0.18,0.19,394467.0,0.1894,28
RXL:TRADES:2Y,2024-11-01,0.18,0.195,0.18,0.18,966389.0,0.1878,51
RXL:TRADES:2Y,2024-11-04,0.175,0.175,0.165,0.165,995483.0,0.1687,60
RXL:TRADES:2Y,2024-11-05,0.165,0.18,0.165,0.18,296152.0,0.1693,27
RXL:TRADES:2Y,2024-11-06,0.18,0.18,0.18,0.18,2800.0,0.18,2
RXL:TRADES:2Y,2024-11-07,0.18,0.18,0.16,0.16,398414.0,0.1653,46
RXL:TRADES:2Y,2024-11-08,0.16,0.17,0.16,0.17,356936.0,0.1628,28
RXL:TRADES:2Y,2024-11-13,0.16,0.16,0.145,0.155,1079171.0,0.1525,80
RXL:TRADES:2Y,2024-11-14,0.16,0.17,0.158,0.16,1197516.0,0.1617,64
RXL:TRADES:2Y,2024-11-15,0.16,0.16,0.15,0.15,1175610.0,0.1547,33
RXL:TRADES:2Y,2024-11-18,0.15,0.165,0.15,0.165,559310.0,0.1556,136
RXL:TRADES:2Y,2024-11-19,0.165,0.165,0.155,0.16,195051.0,0.1588,22
RXL:TRADES:2Y,2024-11-20,0.15,0.163,0.15,0.16,1240359.0,0.156,96
RXL:TRADES:2Y,2024-11-21,0.16,0.163,0.16,0.16,75062.0,0.1604,22
RXL:TRADES:2Y,2024-11-22,0.16,0.16,0.15,0.155,868276.0,0.1566,94
RXL:TRADES:2Y,2024-11-25,0.15,0.16,0.15,0.155,3735196.0,0.1527,54
RXL:TRADES:2Y,2024-11-26,0.15,0.155,0.15,0.155,398838.0,0.1519,15
RXL:TRADES:2Y,2024-11-27,0.155,0.16,0.152,0.155,518012.0,0.155,26
RXL:TRADES:2Y,2024-11-28,0.16,0.16,0.15,0.15,1089601.0,0.1504,37
RXL:TRADES:2Y,2024-11-29,0.15,0.155,0.15,0.155,191168.0,0.1533,20
RXL:TRADES:2Y,2024-12-02,0.155,0.165,0.155,0.165,1114030.0,0.1594,38
RXL:TRADES:2Y,2024-12-03,0.165,0.17,0.16,0.17,792490.0,0.1629,20
RXL:TRADES:2Y,2024-12-04,0.16,0.17,0.16,0.17,981097.0,0.1674,35
RXL:TRADES:2Y,2024-12-05,0.17,0.185,0.17,0.185,985979.0,0.1791,56
RXL:TRADES:2Y,2024-12-06,0.18,0.19,0.175,0.19,691577.0,0.1858,39
RXL:TRADES:2Y,2024-12-09,0.19,0.19,0.175,0.19,2662323.0,0.1854,122
RXL:TRADES:2Y,2024-12-10,0.19,0.19,0.185,0.185,881143.0,0.188,40
RXL:TRADES:2Y,2024-12-11,0.185,0.193,0.185,0.19,308655.0,0.1899,33
RXL:TRADES:2Y,2024-12-12,0.19,0.195,0.185,0.195,790185.0,0.1941,44
RXL:TRADES:2Y,2024-12-13,0.19,0.2,0.19,0.2,360878.0,0.1937,20
RXL:TRADES:2Y,2024-12-16,0.2,0.2,0.19,0.19,512067.0,0.1925,31
RXL:TRADES:2Y,2024-12-17,0.19,0.19,0.18,0.18,1431800.0,0.1859,31
RXL:TRADES:2Y,2024-12-18,0.18,0.182,0.18,0.18,883241.0,0.1805,38
RXL:TRADES:2Y,2024-12-19,0.17,0.18,0.17,0.18,801540.0,0.1718,38
RXL:TRADES:2Y,2024-12-20,0.175,0.175,0.17,0.175,421199.0,0.175,36
RXL:TRADES:2Y,2024-12-23,0.17,0.195,0.17,0.195,551213.0,0.1832,33
RXL:TRADES:2Y,2024-12-24,0.19,0.19,0.19,0.19,70640.0,0.19,10
RXL:TRADES:2Y,2024-12-27,0.195,0.205,0.195,0.2,589129.0,0.1984,15
RXL:TRADES:2Y,2024-12-30,0.19,0.207,0.18,0.205,2110637.0,0.1995,58
RXL:TRADES:2Y,2024-12-31,0.2,0.203,0.2,0.2,54484.0,0.2003,4
RXL:TRADES:2Y,2025-01-02,0.2,0.2,0.195,0.195,88269.0,0.1979,25
RXL:TRADES:2Y,2025-01-03,0.195,0.203,0.195,0.2,959326.0,0.1998,32
RXL:TRADES:2Y,2025-01-06,0.195,0.225,0.195,0.22,1737013.0,0.2084,82
RXL:TRADES:2Y,2025-01-07,0.22,0.22,0.21,0.215,419747.0,0.2154,32
RXL:TRADES:2Y,2025-01-08,0.215,0.225,0.215,0.215,1192115.0,0.2187,62
RXL:TRADES:2Y,2025-01-09,0.22,0.24,0.215,0.24,1321710.0,0.2245,83
RXL:TRADES:2Y,2025-01-10,0.24,0.245,0.235,0.235,1334830.0,0.2403,56
RXL:TRADES:2Y,2025-01-13,0.24,0.245,0.225,0.225,1245130.0,0.2377,47
RXL:TRADES:2Y,2025-01-14,0.23,0.235,0.228,0.23,329077.0,0.2335,41
RXL:TRADES:2Y,2025-01-15,0.235,0.235,0.225,0.23,398411.0,0.2297,24
RXL:TRADES:2Y,2025-01-16,0.23,0.235,0.225,0.225,1590032.0,0.2323,58
RXL:TRADES:2Y,2025-01-17,0.225,0.225,0.215,0.215,1619626.0,0.2207,65
RXL:TRADES:2Y,2025-01-20,0.215,0.22,0.215,0.215,572702.0,0.2198,25
RXL:TRADES:2Y,2025-01-21,0.215,0.225,0.215,0.225,1256935.0,0.2216,58
RXL:TRADES:2Y,2025-01-22,0.225,0.225,0.215,0.225,191099.0,0.2201,19
RXL:TRADES:2Y,2025-01-23,0.225,0.235,0.22,0.22,910630.0,0.2276,57
RXL:TRADES:2Y,2025-01-24,0.225,0.235,0.22,0.23,494216.0,0.2282,31
RXL:TRADES:2Y,2025-01-28,0.235,0.235,0.225,0.23,981116.0,0.2309,63
RXL:TRADES:2Y,2025-01-29,0.235,0.235,0.21,0.21,1348158.0,0.2213,100
RXL:TRADES:2Y,2025-01-30,0.21,0.21,0.205,0.21,656027.0,0.2099,62
RXL:TRADES:2Y,2025-01-31,0.215,0.215,0.21,0.215,184924.0,0.2145,27
RXL:TRADES:2Y,2025-02-03,0.215,0.215,0.205,0.21,1222315.0,0.2101,71
RXL:TRADES:2Y,2025-02-04,0.21,0.215,0.207,0.215,299582.0,0.2113,46
RXL:TRADES:2Y,2025-02-05,0.215,0.225,0.21,0.225,739438.0,0.2148,80
RXL:TRADES:2Y,2025-02-06,0.225,0.23,0.223,0.23,952966.0,0.2274,74
RXL:TRADES:2Y,2025-02-07,0.23,0.237,0.215,0.225,1733862.0,0.2254,136
RXL:TRADES:2Y,2025-02-10,0.225,0.23,0.225,0.225,178460.0,0.2296,19
RXL:TRADES:2Y,2025-02-11,0.23,0.245,0.23,0.235,2072725.0,0.2384,121
RXL:TRADES:2Y,2025-02-12,0.235,0.235,0.225,0.225,853019.0,0.2261,46
RXL:TRADES:2Y,2025-02-13,0.225,0.23,0.223,0.225,233970.0,0.225,22
RXL:TRADES:2Y,2025-02-14,0.23,0.23,0.22,0.225,981477.0,0.2233,35
RXL:TRADES:2Y,2025-02-17,0.23,0.255,0.22,0.245,3485270.0,0.2454,164
RXL:TRADES:2Y,2025-02-18,0.25,0.25,0.245,0.245,1548855.0,0.2467,82
RXL:TRADES:2Y,2025-02-19,0.245,0.285,0.245,0.28,2382393.0,0.2709,150
RXL:TRADES:2Y,2025-02-20,0.28,0.29,0.255,0.28,2984907.0,0.273,211
RXL:TRADES:2Y,2025-02-21,0.275,0.275,0.26,0.265,281272.0,0.2678,38
RXL:TRADES:2Y,2025-02-24,0.26,0.26,0.245,0.25,1679653.0,0.2512,103
RXL:TRADES:2Y,2025-02-25,0.25,0.255,0.245,0.245,181801.0,0.2507,14
RXL:TRADES:2Y,2025-02-26,0.255,0.255,0.23,0.23,618820.0,0.2356,67
RXL:TRADES:2Y,2025-02-27,0.23,0.255,0.23,0.24,604582.0,0.2459,60
RXL:TRADES:2Y,2025-02-28,0.25,0.25,0.235,0.24,322897.0,0.2403,38
RXL:TRADES:2Y,2025-03-03,0.235,0.245,0.235,0.245,112855.0,0.2354,17
RXL:TRADES:2Y,2025-03-04,0.255,0.255,0.233,0.24,208492.0,0.2436,38
RXL:TRADES:2Y,2025-03-05,0.24,0.255,0.235,0.245,839014.0,0.2465,59
RXL:TRADES:2Y,2025-03-06,0.25,0.26,0.247,0.255,1382324.0,0.2527,39
RXL:TRADES:2Y,2025-03-07,0.255,0.255,0.25,0.25,996408.0,0.2518,54
RXL:TRADES:2Y,2025-03-10,0.26,0.28,0.26,0.28,1263945.0,0.2706,145
RXL:TRADES:2Y,2025-03-11,0.28,0.28,0.26,0.265,1379798.0,0.2708,116
RXL:TRADES:2Y,2025-03-12,0.27,0.28,0.265,0.28,586227.0,0.2723,86
RXL:TRADES:2Y,2025-03-13,0.285,0.32,0.285,0.32,3467595.0,0.3045,194
RXL:TRADES:2Y,2025-03-14,0.32,0.355,0.318,0.335,3129380.0,0.3399,144
RXL:TRADES:2Y,2025-03-17,0.335,0.345,0.325,0.34,2117720.0,0.3404,147
RXL:TRADES:2Y,2025-03-18,0.35,0.36,0.34,0.34,3253169.0,0.3475,171
RXL:TRADES:2Y,2025-03-19,0.34,0.345,0.31,0.335,2938028.0,0.3306,225
RXL:TRADES:2Y,2025-03-20,0.335,0.335,0.32,0.325,1193547.0,0.328,103
RXL:TRADES:2Y,2025-03-21,0.33,0.34,0.32,0.34,740553.0,0.3304,84
RXL:TRADES:2Y,2025-03-24,0.34,0.34,0.315,0.315,451874.0,0.3274,85
RXL:TRADES:2Y,2025-03-25,0.315,0.325,0.31,0.31,1111363.0,0.3143,95
RXL:TRADES:2Y,2025-03-26,0.32,0.33,0.315,0.325,526531.0,0.3192,100
RXL:TRADES:2Y,2025-03-27,0.325,0.33,0.32,0.33,369688.0,0.3239,65
RXL:TRADES:2Y,2025-03-28,0.33,0.34,0.325,0.34,914354.0,0.3381,109
RXL:TRADES:2Y,2025-03-31,0.345,0.35,0.33,0.34,933768.0,0.3429,103
RXL:TRADES:2Y,2025-04-01,0.34,0.38,0.34,0.375,2796912.0,0.3618,193
RXL:TRADES:2Y,2025-04-02,0.375,0.4,0.375,0.395,3398483.0,0.3858,366
RXL:TRADES:2Y,2025-04-03,0.4,0.4,0.37,0.375,673119.0,0.3842,110
RXL:TRADES:2Y,2025-04-04,0.385,0.385,0.36,0.36,1150559.0,0.3718,151
RXL:TRADES:2Y,2025-04-07,0.34,0.345,0.3,0.345,3023236.0,0.3275,346
RXL:TRADES:2Y,2025-04-08,0.345,0.365,0.335,0.35,1262403.0,0.348,196
RXL:TRADES:2Y,2025-04-09,0.34,0.34,0.325,0.325,1340033.0,0.333,154
RXL:TRADES:2Y,2025-04-10,0.355,0.355,0.335,0.35,1202343.0,0.3448,169
RXL:TRADES:2Y,2025-04-11,0.365,0.4,0.365,0.395,4577207.0,0.3877,404
RXL:TRADES:2Y,2025-04-14,0.405,0.425,0.4,0.405,2125758.0,0.4096,324
RXL:TRADES:2Y,2025-04-15,0.4,0.4,0.385,0.395,772405.0,0.393,138
RXL:TRADES:2Y,2025-04-16,0.395,0.425,0.393,0.42,1469116.0,0.4092,161
RXL:TRADES:2Y,2025-04-17,0.41,0.435,0.38,0.38,1511305.0,0.4049,160
RXL:TRADES:2Y,2025-04-22,0.4,0.4,0.365,0.39,1872031.0,0.3871,188
RXL:TRADES:2Y,2025-04-23,0.39,0.39,0.355,0.365,1385697.0,0.3658,157
RXL:TRADES:2Y,2025-04-24,0.375,0.38,0.36,0.365,1585087.0,0.3704,124
RXL:TRADES:2Y,2025-04-28,0.36,0.365,0.335,0.34,1686133.0,0.3424,186
RXL:TRADES:2Y,2025-04-29,0.345,0.37,0.345,0.37,681079.0,0.3539,86
RXL:TRADES:2Y,2025-04-30,0.37,0.37,0.355,0.36,400045.0,0.3619,81
RXL:TRADES:2Y,2025-05-05,0.32,0.32,0.295,0.3,8118733.0,0.3051,640
RXL:TRADES:2Y,2025-05-06,0.305,0.32,0.3,0.31,5999175.0,0.3105,583
RXL:TRADES:2Y,2025-05-07,0.315,0.34,0.315,0.34,2905367.0,0.3263,500
RXL:TRADES:2Y,2025-05-08,0.34,0.355,0.33,0.345,1568335.0,0.3445,211
RXL:TRADES:2Y,2025-05-09,0.34,0.34,0.315,0.315,3255568.0,0.3218,280
RXL:TRADES:2Y,2025-05-12,0.315,0.315,0.29,0.295,5690372.0,0.3007,530
RXL:TRADES:2Y,2025-05-13,0.285,0.29,0.27,0.28,3412794.0,0.2798,362
RXL:TRADES:2Y,2025-05-14,0.285,0.295,0.28,0.285,1889354.0,0.2901,267
RXL:TRADES:2Y,2025-05-15,0.29,0.29,0.275,0.28,427649.0,0.2828,85
RXL:TRADES:2Y,2025-05-16,0.29,0.3,0.285,0.295,2002655.0,0.294,272
RXL:TRADES:2Y,2025-05-19,0.29,0.3,0.28,0.28,2587698.0,0.2856,229
RXL:TRADES:2Y,2025-05-20,0.29,0.29,0.275,0.275,1689484.0,0.2808,95
RXL:TRADES:2Y,2025-05-21,0.285,0.3,0.285,0.295,1578087.0,0.2939,357
RXL:TRADES:2Y,2025-05-22,0.29,0.305,0.29,0.3,2210074.0,0.2986,336
RXL:TRADES:2Y,2025-05-23,0.3,0.305,0.3,0.305,1877940.0,0.3018,132
RXL:TRADES:2Y,2025-05-26,0.315,0.315,0.3,0.3,1728393.0,0.3062,198
RXL:TRADES:2Y,2025-05-27,0.305,0.305,0.295,0.295,399466.0,0.3002,90
RXL:TRADES:2Y,2025-05-28,0.3,0.3,0.29,0.29,1430002.0,0.2932,121
RXL:TRADES:2Y,2025-05-29,0.29,0.295,0.275,0.295,1505224.0,0.283,127
RXL:TRADES:2Y,2025-05-30,0.295,0.305,0.29,0.3,1154276.0,0.2981,148
RXL:TRADES:2Y,2025-06-02,0.3,0.305,0.29,0.295,1836006.0,0.2983,164
RXL:TRADES:2Y,2025-06-03,0.305,0.315,0.295,0.295,3003392.0,0.3027,212
RXL:TRADES:2Y,2025-06-04,0.295,0.295,0.28,0.29,1791020.0,0.2873,180
RXL:TRADES:2Y,2025-06-05,0.29,0.307,0.285,0.3,2700703.0,0.2912,216
RXL:TRADES:2Y,2025-06-06,0.305,0.305,0.285,0.295,1075178.0,0.2932,109
RXL:TRADES:2Y,2025-06-10,0.295,0.295,0.275,0.28,2687916.0,0.2825,234
RXL:TRADES:2Y,2025-06-11,0.28,0.285,0.275,0.285,480979.0,0.2803,69
RXL:TRADES:2Y,2025-06-12,0.285,0.3,0.28,0.29,1901525.0,0.2911,178
RXL:TRADES:2Y,2025-06-13,0.295,0.305,0.29,0.295,1546777.0,0.2959,150
RXL:TRADES:2Y,2025-06-16,0.3,0.305,0.29,0.295,1455926.0,0.298,151
RXL:TRADES:2Y,2025-06-17,0.3,0.3,0.29,0.3,1229087.0,0.2936,152
RXL:TRADES:2Y,2025-06-18,0.295,0.305,0.29,0.29,1989133.0,0.2947,260
RXL:TRADES:2Y,2025-06-19,0.29,0.295,0.275,0.295,4383228.0,0.2879,182
RXL:TRADES:2Y,2025-06-20,0.295,0.295,0.285,0.295,965632.0,0.2926,180
RXL:TRADES:2Y,2025-06-23,0.295,0.295,0.27,0.275,2501794.0,0.2773,181
RXL:TRADES:2Y,2025-06-24,0.28,0.285,0.275,0.275,1296799.0,0.2784,158
RXL:TRADES:2Y,2025-06-25,0.28,0.285,0.273,0.275,3367887.0,0.2765,179
RXL:TRADES:2Y,2025-06-26,0.275,0.295,0.273,0.285,2045017.0,0.2811,98
RXL:TRADES:2Y,2025-06-27,0.285,0.295,0.285,0.29,2745552.0,0.2855,102
RXL:TRADES:2Y,2025-06-30,0.285,0.295,0.275,0.29,1244453.0,0.289,119
RXL:TRADES:2Y,2025-07-01,0.29,0.3,0.285,0.285,2249172.0,0.2911,138
RXL:TRADES:2Y,2025-07-02,0.285,0.285,0.27,0.275,1342225.0,0.2768,169
RXL:TRADES:2Y,2025-07-03,0.285,0.305,0.28,0.3,2730464.0,0.2906,182
RXL:TRADES:2Y,2025-07-04,0.305,0.305,0.29,0.295,928658.0,0.2972,139
RXL:TRADES:2Y,2025-07-07,0.29,0.295,0.29,0.29,1087649.0,0.2912,139
RXL:TRADES:2Y,2025-07-08,0.29,0.305,0.29,0.305,1005469.0,0.2958,141
RXL:TRADES:2Y,2025-07-09,0.305,0.305,0.275,0.29,2125469.0,0.286,171
RXL:TRADES:2Y,2025-07-10,0.3,0.302,0.295,0.3,531444.0,0.2994,82
RXL:TRADES:2Y,2025-07-11,0.305,0.305,0.295,0.295,599686.0,0.2998,110
RXL:TRADES:2Y,2025-07-14,0.3,0.315,0.295,0.31,2108182.0,0.3107,196
RXL:TRADES:2Y,2025-07-15,0.315,0.32,0.305,0.31,2060936.0,0.311,263
RXL:TRADES:2Y,2025-07-16,0.305,0.31,0.297,0.3,2135750.0,0.3036,303
RXL:TRADES:2Y,2025-07-17,0.305,0.305,0.285,0.295,1533194.0,0.2924,248
RXL:TRADES:2Y,2025-07-18,0.295,0.31,0.295,0.3,1210154.0,0.3026,128
RXL:TRADES:2Y,2025-07-21,0.31,0.31,0.295,0.305,1448510.0,0.3019,167
RXL:TRADES:2Y,2025-07-22,0.31,0.335,0.305,0.33,1951673.0,0.3208,214
RXL:TRADES:2Y,2025-07-23,0.335,0.338,0.32,0.32,1573891.0,0.3273,176
RXL:TRADES:2Y,2025-07-24,0.32,0.325,0.31,0.32,1070684.0,0.3166,88
RXL:TRADES:2Y,2025-07-25,0.325,0.325,0.315,0.315,666088.0,0.3169,76
RXL:TRADES:2Y,2025-07-28,0.315,0.325,0.305,0.305,3024671.0,0.319,196
RXL:TRADES:2Y,2025-07-29,0.31,0.31,0.29,0.295,1051910.0,0.2973,87
RXL:TRADES:2Y,2025-07-30,0.305,0.305,0.295,0.295,506643.0,0.2969,58
RXL:TRADES:2Y,2025-07-31,0.3,0.302,0.29,0.29,3643847.0,0.2926,189
RXL:TRADES:2Y,2025-08-01,0.297,0.3,0.27,0.27,4692965.0,0.2766,262
RXL:TRADES:2Y,2025-08-04,0.285,0.287,0.275,0.28,3340807.0,0.2818,250
RXL:TRADES:2Y,2025-08-05,0.285,0.29,0.275,0.28,1648126.0,0.2817,510
RXL:TRADES:2Y,2025-08-06,0.285,0.315,0.285,0.315,1281636.0,0.2984,359
RXL:TRADES:2Y,2025-08-07,0.315,0.323,0.31,0.31,952888.0,0.3157,82
RXL:TRADES:2Y,2025-08-08,0.315,0.315,0.3,0.305,1058506.0,0.3051,219
RXL:TRADES:2Y,2025-08-11,0.3,0.302,0.295,0.3,692659.0,0.2989,100
RXL:TRADES:2Y,2025-08-12,0.3,0.305,0.295,0.3,386055.0,0.3007,330
RXL:TRADES:2Y,2025-08-13,0.3,0.305,0.3,0.305,751798.0,0.3008,118
RXL:TRADES:2Y,2025-08-14,0.3,0.305,0.3,0.305,860203.0,0.3027,117
RXL:TRADES:2Y,2025-08-15,0.31,0.31,0.295,0.31,999840.0,0.2982,84
RXL:TRADES:2Y,2025-08-18,0.305,0.31,0.3,0.305,582591.0,0.3058,135
RXL:TRADES:2Y,2025-08-19,0.3,0.31,0.3,0.31,1304776.0,0.3041,123
RXL:TRADES:2Y,2025-08-20,0.305,0.315,0.295,0.315,1994810.0,0.3028,170
RXL:TRADES:2Y,2025-08-21,0.315,0.345,0.315,0.345,2214613.0,0.3345,205
RXL:TRADES:2Y,2025-08-22,0.345,0.35,0.333,0.35,702916.0,0.3399,123
RXL:TRADES:2Y,2025-08-25,0.35,0.367,0.35,0.365,1987242.0,0.3575,208
RXL:TRADES:2Y,2025-08-26,0.36,0.365,0.35,0.36,473755.0,0.3575,100
RXL:TRADES:2Y,2025-08-27,0.36,0.36,0.35,0.36,783148.0,0.3556,89
RXL:TRADES:2Y,2025-08-28,0.35,0.36,0.345,0.355,1234340.0,0.3485,172
RXL:TRADES:2Y,2025-08-29,0.36,0.36,0.35,0.355,935861.0,0.3543,112
RXL:TRADES:2Y,2025-09-01,0.365,0.405,0.36,0.405,4691826.0,0.3831,423
RXL:TRADES:2Y,2025-09-02,0.395,0.417,0.39,0.41,2349846.0,0.4088,313
RXL:TRADES:2Y,2025-09-03,0.42,0.425,0.4,0.4,2736725.0,0.4139,395
RXL:TRADES:2Y,2025-09-04,0.41,0.41,0.39,0.395,2266184.0,0.3954,280
RXL:TRADES:2Y,2025-09-05,0.395,0.42,0.395,0.42,1845907.0,0.4049,294
RXL:TRADES:2Y,2025-09-08,0.42,0.43,0.415,0.42,2840709.0,0.4197,329
RXL:TRADES:2Y,2025-09-09,0.42,0.44,0.407,0.44,2651023.0,0.4218,376
RXL:TRADES:2Y,2025-09-10,0.435,0.435,0.41,0.42,684476.0,0.4194,209
RXL:TRADES:2Y,2025-09-11,0.435,0.435,0.42,0.425,847332.0,0.4278,122
RXL:TRADES:2Y,2025-09-12,0.425,0.435,0.42,0.435,677276.0,0.4262,167
RXL:TRADES:2Y,2025-09-15,0.43,0.435,0.41,0.42,752328.0,0.4213,110
RXL:TRADES:2Y,2025-09-16,0.425,0.435,0.41,0.41,1804206.0,0.4197,336
RXL:TRADES:2Y,2025-09-17,0.405,0.422,0.39,0.41,2102927.0,0.4072,301
RXL:TRADES:2Y,2025-09-18,0.41,0.42,0.405,0.405,1499984.0,0.4101,209
RXL:TRADES:2Y,2025-09-19,0.405,0.44,0.4,0.44,1970139.0,0.418,401
RXL:TRADES:2Y,2025-09-22,0.44,0.465,0.438,0.46,1899053.0,0.4527,449
RXL:TRADES:2Y,2025-09-23,0.45,0.465,0.43,0.46,4578583.0,0.4471,388
RXL:TRADES:2Y,2025-09-24,0.47,0.48,0.445,0.46,3175549.0,0.4631,401
RXL:TRADES:2Y,2025-09-25,0.465,0.475,0.45,0.455,3099072.0,0.4629,320
RXL:TRADES:2Y,2025-09-26,0.46,0.475,0.455,0.475,1916450.0,0.467,386
RXL:TRADES:2Y,2025-09-29,0.485,0.49,0.475,0.49,1852373.0,0.4829,374
RXL:TRADES:2Y,2025-09-30,0.49,0.49,0.47,0.48,1752261.0,0.4789,374
RXL:TRADES:2Y,2025-10-01,0.48,0.48,0.465,0.465,1196713.0,0.4733,278
RXL:TRADES:2Y,2025-10-02,0.48,0.53,0.477,0.53,5859239.0,0.5064,718
RXL:TRADES:2Y,2025-10-03,0.53,0.54,0.52,0.53,1326329.0,0.5268,319
RXL:TRADES:2Y,2025-10-06,0.53,0.55,0.52,0.55,2642197.0,0.5372,359
RXL:TRADES:2Y,2025-10-07,0.55,0.555,0.54,0.545,2099683.0,0.5447,349
RXL:TRADES:2Y,2025-10-08,0.545,0.56,0.52,0.56,3304144.0,0.5443,420
RXL:TRADES:2Y,2025-10-09,0.56,0.57,0.54,0.56,2106860.0,0.5532,387
RXL:TRADES:2Y,2025-10-10,0.53,0.555,0.51,0.53,3692560.0,0.5368,565
RXL:TRADES:2Y,2025-10-13,0.54,0.56,0.53,0.55,2627839.0,0.5486,408
RXL:TRADES:2Y,2025-10-14,0.56,0.58,0.55,0.56,1767454.0,0.5648,549
RXL:TRADES:2Y,2025-10-15,0.55,0.58,0.55,0.57,1313939.0,0.5648,370
RXL:TRADES:2Y,2025-10-16,0.57,0.585,0.565,0.58,2138242.0,0.5758,592
RXL:TRADES:2Y,2025-10-17,0.585,0.595,0.55,0.55,4684835.0,0.5648,770
RXL:TRADES:2Y,2025-10-20,0.555,0.555,0.505,0.51,2808663.0,0.5186,816
RXL:TRADES:2Y,2025-10-21,0.55,0.55,0.51,0.51,1530000.0,0.527,478
RXL:TRADES:2Y,2025-10-22,0.485,0.485,0.445,0.48,5072963.0,0.4738,846
RXL:TRADES:2Y,2025-10-23,0.47,0.495,0.47,0.47,2052883.0,0.4812,736
RXL:TRADES:2Y,2025-10-24,0.475,0.48,0.46,0.47,1962351.0,0.4685,489
RXL:TRADES:2Y,2025-10-27,0.465,0.47,0.445,0.455,1313340.0,0.4566,398
RXL:TRADES:2Y,2025-10-28,0.445,0.45,0.405,0.41,4604740.0,0.4174,568
RXL:TRADES:2Y,2025-10-29,0.41,0.445,0.41,0.44,1408407.0,0.4297,401
RXL:TRADES:2Y,2025-10-30,0.425,0.438,0.415,0.43,836837.0,0.4274,307
RXL:TRADES:2Y,2025-10-31,0.44,0.45,0.438,0.445,653408.0,0.4442,187
RXL:TRADES:2Y,2025-11-03,0.45,0.455,0.415,0.415,2189377.0,0.4313,324
RXL:TRADES:2Y,2025-11-04,0.425,0.43,0.415,0.415,977647.0,0.4195,276
RXL:TRADES:2Y,2025-11-05,0.405,0.42,0.395,0.41,2121400.0,0.405,345
RXL:TRADES:2Y,2025-11-06,0.43,0.43,0.407,0.415,1916162.0,0.4127,535
RXL:TRADES:2Y,2025-11-07,0.41,0.415,0.405,0.41,1113667.0,0.4104,278
RXL:TRADES:2Y,2025-11-10,0.41,0.445,0.405,0.44,2315901.0,0.4306,466
RXL:TRADES:2Y,2025-11-11,0.46,0.48,0.46,0.465,2763351.0,0.4679,466
RXL:TRADES:2Y,2025-11-12,0.465,0.465,0.45,0.455,1099405.0,0.4594,300
RXL:TRADES:2Y,2025-11-14,0.4,0.4,0.375,0.38,11695381.0,0.387,790
RXL:TRADES:2Y,2025-11-17,0.375,0.385,0.365,0.38,4130415.0,0.3774,688
RXL:TRADES:2Y,2025-11-18,0.375,0.375,0.35,0.35,8073055.0,0.3611,810
RXL:TRADES:2Y,2025-11-19,0.355,0.39,0.355,0.385,3240279.0,0.3795,420
RXL:TRADES:2Y,2025-11-20,0.37,0.395,0.37,0.39,3008074.0,0.3858,436
RXL:TRADES:2Y,2025-11-21,0.37,0.38,0.355,0.365,3750255.0,0.366,609
RXL:TRADES:2Y,2025-11-24,0.37,0.378,0.365,0.365,2297703.0,0.3711,410
RXL:TRADES:2Y,2025-11-25,0.375,0.39,0.375,0.39,1923409.0,0.3838,264
RXL:TRADES:2Y,2025-11-26,0.385,0.395,0.375,0.39,2614338.0,0.3866,491
RXL:TRADES:2Y,2025-11-27,0.39,0.395,0.385,0.39,717217.0,0.3916,231
RXL:TRADES:2Y,2025-11-28,0.39,0.415,0.385,0.415,2110915.0,0.404,363
RXL:TRADES:2Y,2025-12-01,0.415,0.43,0.405,0.41,1911849.0,0.4146,347
RXL:TRADES:2Y,2025-12-02,0.41,0.415,0.395,0.405,2351387.0,0.4044,437
RXL:TRADES:2Y,2025-12-03,0.395,0.435,0.395,0.43,4350924.0,0.4154,632
RXL:TRADES:2Y,2025-12-04,0.43,0.44,0.415,0.43,3712511.0,0.4305,408
RXL:TRADES:2Y,2025-12-05,0.445,0.445,0.41,0.41,1197032.0,0.4223,343
RXL:TRADES:2Y,2025-12-08,0.41,0.41,0.395,0.405,1728213.0,0.4036,498
RXL:TRADES:2Y,2025-12-09,0.4,0.4,0.39,0.39,938922.0,0.3938,216
RXL:TRADES:2Y,2025-12-10,0.4,0.405,0.395,0.4,851686.0,0.3991,198
RXL:TRADES:2Y,2025-12-11,0.42,0.425,0.4,0.4,2606222.0,0.4148,392
RXL:TRADES:2Y,2025-12-12,0.42,0.425,0.41,0.42,1070599.0,0.4176,288
RXL:TRADES:2Y,2025-12-15,0.42,0.425,0.407,0.42,2445422.0,0.4186,356
RXL:TRADES:2Y,2025-12-16,0.42,0.427,0.4,0.405,5583425.0,0.409,750
RXL:TRADES:2Y,2025-12-17,0.405,0.422,0.4,0.42,2838859.0,0.4145,570
RXL:TRADES:2Y,2025-12-18,0.415,0.425,0.41,0.425,1766681.0,0.4169,300
RXL:TRADES:2Y,2025-12-19,0.42,0.46,0.42,0.455,4135055.0,0.4419,423
RXL:TRADES:2Y,2025-12-22,0.455,0.485,0.448,0.475,4269685.0,0.4704,595
RXL:TRADES:2Y,2025-12-23,0.475,0.49,0.46,0.48,7225186.0,0.4726,1043
RXL:TRADES:2Y,2025-12-24,0.485,0.492,0.477,0.48,4243389.0,0.4841,700
RXL:TRADES:2Y,2025-12-29,0.49,0.505,0.475,0.5,4880364.0,0.4917,751
RXL:TRADES:2Y,2025-12-30,0.485,0.495,0.455,0.49,3439087.0,0.4796,942
RXL:TRADES:2Y,2025-12-31,0.49,0.495,0.475,0.495,4267348.0,0.4829,781
RXL:TRADES:2Y,2026-01-02,0.49,0.495,0.48,0.485,1993711.0,0.4852,562
RXL:TRADES:2Y,2026-01-05,0.49,0.5,0.482,0.495,2839548.0,0.4958,643
RXL:TRADES:2Y,2026-01-06,0.5,0.515,0.495,0.51,2700311.0,0.5049,428
RXL:TRADES:2Y,2026-01-07,0.52,0.53,0.515,0.525,3740119.0,0.5221,865
RXL:TRADES:2Y,2026-01-08,0.525,0.53,0.51,0.515,1978784.0,0.5159,633
RXL:TRADES:2Y,2026-01-09,0.515,0.527,0.505,0.515,3231488.0,0.5188,725
RXL:TRADES:2Y,2026-01-12,0.525,0.57,0.522,0.56,6603540.0,0.557,900
RXL:TRADES:2Y,2026-01-13,0.56,0.585,0.557,0.57,4033011.0,0.5659,1738
RXL:TRADES:2Y,2026-01-14,0.57,0.575,0.55,0.56,5354678.0,0.5647,1400
RXL:TRADES:2Y,2026-01-15,0.57,0.605,0.55,0.555,5933507.0,0.5807,997
RXL:TRADES:2Y,2026-01-16,0.565,0.565,0.54,0.545,2672225.0,0.5503,669
RXL:TRADES:2Y,2026-01-19,0.545,0.58,0.545,0.575,2474464.0,0.5667,500
RXL:TRADES:2Y,2026-01-20,0.575,0.575,0.552,0.565,2100657.0,0.5598,587
RXL:TRADES:2Y,2026-01-21,0.58,0.58,0.56,0.57,4253006.0,0.5701,798
RXL:TRADES:2Y,2026-01-22,0.565,0.58,0.545,0.55,2974738.0,0.5606,535
RXL:TRADES:2Y,2026-01-23,0.56,0.615,0.56,0.605,7132222.0,0.5973,955
RXL:TRADES:2Y,2026-01-27,0.6,0.61,0.58,0.59,6760387.0,0.5932,1205
RXL:TRADES:2Y,2026-01-28,0.59,0.615,0.59,0.6,5388495.0,0.6011,1231
RXL:TRADES:2Y,2026-01-29,0.6,0.605,0.565,0.58,5591454.0,0.5841,1096
RXL:TRADES:2Y,2026-01-30,0.55,0.585,0.54,0.56,10083224.0,0.5594,1565
RXL:TRADES:2Y,2026-02-02,0.535,0.55,0.51,0.54,6063385.0,0.5328,1091
RXL:TRADES:2Y,2026-02-03,0.54,0.565,0.54,0.555,2301498.0,0.5571,744
RXL:TRADES:2Y,2026-02-04,0.565,0.575,0.55,0.56,2784020.0,0.5647,856
RXL:TRADES:2Y,2026-02-05,0.565,0.565,0.505,0.52,3293213.0,0.5284,920
RXL:TRADES:2Y,2026-02-06,0.51,0.52,0.48,0.49,6693278.0,0.4926,1038
RXL:TRADES:2Y,2026-02-09,0.51,0.53,0.51,0.525,1272099.0,0.5192,396
RXL:TRADES:2Y,2026-02-10,0.53,0.545,0.515,0.53,2010133.0,0.5308,415
RXL:TRADES:2Y,2026-02-11,0.545,0.545,0.515,0.53,2063170.0,0.5283,596
RXL:TRADES:2Y,2026-02-12,0.535,0.542,0.52,0.52,1858206.0,0.5309,740
RXL:TRADES:2Y,2026-02-13,0.505,0.51,0.49,0.495,1206743.0,0.4984,551
RXL:TRADES:2Y,2026-02-16,0.51,0.51,0.49,0.495,2061685.0,0.4998,682
RXL:TRADES:2Y,2026-02-17,0.5,0.51,0.49,0.505,864891.0,0.4979,487
RXL:TRADES:2Y,2026-02-18,0.5,0.5,0.475,0.49,1978469.0,0.4851,475
RXL:TRADES:2Y,2026-02-19,0.49,0.5,0.475,0.495,2953555.0,0.488,608
RXL:TRADES:2Y,2026-02-20,0.49,0.515,0.49,0.51,2055814.0,0.5058,484
RXL:TRADES:2Y,2026-02-23,0.545,0.555,0.525,0.545,1861240.0,0.5405,463
RXL:TRADES:2Y,2026-02-24,0.55,0.555,0.525,0.535,1688861.0,0.54,771
RXL:TRADES:2Y,2026-02-25,0.535,0.55,0.53,0.545,1859701.0,0.5389,677
RXL:TRADES:2Y,2026-02-26,0.545,0.55,0.52,0.545,1531405.0,0.535,526
RXL:TRADES:2Y,2026-02-27,0.54,0.575,0.54,0.575,2419292.0,0.5672,905
RXL:TRADES:2Y,2026-03-02,0.58,0.58,0.555,0.565,2492013.0,0.5647,963
RXL:TRADES:2Y,2026-03-03,0.555,0.575,0.555,0.57,2267443.0,0.5635,737
RXL:TRADES:2Y,2026-03-04,0.55,0.56,0.535,0.55,2231993.0,0.5471,735
RXL:TRADES:2Y,2026-03-05,0.55,0.55,0.525,0.54,1205353.0,0.5328,741
RXL:TRADES:2Y,2026-03-06,0.525,0.53,0.505,0.52,2724049.0,0.5196,773
RXL:TRADES:2Y,2026-03-09,0.53,0.53,0.48,0.5,5707412.0,0.4975,1437
RXL:TRADES:2Y,2026-03-10,0.51,0.535,0.505,0.52,3374888.0,0.5187,1298
RXL:TRADES:2Y,2026-03-11,0.54,0.552,0.532,0.545,2175186.0,0.5456,955
RXL:TRADES:2Y,2026-03-12,0.54,0.54,0.525,0.525,1303831.0,0.5307,745
RXL:TRADES:2Y,2026-03-13,0.52,0.535,0.472,0.505,3995040.0,0.4956,922
RXL:TRADES:2Y,2026-03-16,0.49,0.505,0.47,0.5,5939892.0,0.493,1518
RXL:TRADES:2Y,2026-03-17,0.5,0.515,0.49,0.51,3486167.0,0.5032,1138
RXL:TRADES:2Y,2026-03-18,0.52,0.545,0.51,0.52,2642326.0,0.5261,1256
RXL:TRADES:2Y,2026-03-19,0.51,0.51,0.465,0.465,3256729.0,0.4829,819
RXL:TRADES:2Y,2026-03-20,0.45,0.455,0.43,0.435,5155392.0,0.44,2303
RXL:TRADES:2Y,2026-03-23,0.42,0.425,0.39,0.39,5092796.0,0.4029,1124
RXL:TRADES:2Y,2026-03-24,0.415,0.43,0.405,0.43,3901275.0,0.4185,578
RXL:TRADES:2Y,2026-03-25,0.445,0.465,0.435,0.46,2230414.0,0.4502,826
RXL:TRADES:2Y,2026-03-26,0.455,0.455,0.43,0.44,2245940.0,0.4407,577
RXL:TRADES:2Y,2026-03-27,0.42,0.435,0.42,0.42,981760.0,0.4237,353
RXL:TRADES:2Y,2026-03-30,0.42,0.425,0.4,0.425,1930259.0,0.4135,717
RXL:TRADES:2Y,2026-03-31,0.43,0.45,0.41,0.45,1999636.0,0.4416,587
RXL:TRADES:2Y,2026-04-01,0.465,0.475,0.455,0.47,1242848.0,0.4641,426
RXL:TRADES:2Y,2026-04-02,0.48,0.48,0.435,0.44,1296240.0,0.4544,353
RXL:TRADES:2Y,2026-04-07,0.46,0.46,0.43,0.435,910096.0,0.4431,439
RXL:TRADES:2Y,2026-04-08,0.455,0.48,0.455,0.475,2935989.0,0.4726,593
RXL:TRADES:2Y,2026-04-09,0.47,0.47,0.45,0.46,1228068.0,0.4577,462
RXL:TRADES:2Y,2026-04-10,0.46,0.465,0.45,0.465,1661599.0,0.46,789
RXL:TRADES:2Y,2026-04-13,0.465,0.465,0.44,0.46,1530623.0,0.4515,417
RXL:TRADES:2Y,2026-04-14,0.465,0.465,0.45,0.465,790826.0,0.4578,436
RXL:TRADES:2Y,2026-04-15,0.47,0.48,0.465,0.465,1413354.0,0.4703,578
RXL:TRADES:2Y,2026-04-16,0.47,0.48,0.463,0.47,667033.0,0.4704,450
RXL:TRADES:2Y,2026-04-17,0.47,0.47,0.44,0.44,1921768.0,0.4541,761
RXL:TRADES:2Y,2026-04-20,0.45,0.46,0.43,0.45,1373932.0,0.4474,1589
RXL:TRADES:2Y,2026-04-21,0.46,0.465,0.44,0.45,1129455.0,0.451,546
RXL:TRADES:2Y,2026-04-22,0.44,0.45,0.43,0.445,338983.0,0.4426,402
RXL:TRADES:2Y,2026-04-23,0.45,0.45,0.44,0.44,2190308.0,0.4441,790
RXL:TRADES:2Y,2026-04-24,0.445,0.445,0.43,0.435,1610317.0,0.4321,764
RXL:TRADES:2Y,2026-04-27,0.435,0.445,0.425,0.44,533067.0,0.4338,580
RXL:TRADES:2Y,2026-04-28,0.44,0.44,0.42,0.44,4552671.0,0.4336,939
RXL:TRADES:2Y,2026-04-29,0.42,0.43,0.42,0.42,560291.0,0.423,538
RXL:TRADES:2Y,2026-04-30,0.42,0.42,0.4,0.405,1793067.0,0.4048,1129
RXL:TRADES:2Y,2026-05-01,0.41,0.415,0.395,0.41,1042206.0,0.4062,1389
RXL:TRADES:2Y,2026-05-04,0.415,0.42,0.405,0.415,771608.0,0.4123,495
RXL:TRADES:2Y,2026-05-05,0.405,0.42,0.4,0.405,1340023.0,0.4101,982
RXL:TRADES:2Y,2026-05-06,0.41,0.425,0.405,0.42,1150750.0,0.4138,1385
RXL:TRADES:2Y,2026-05-07,0.43,0.445,0.42,0.445,1035177.0,0.4351,1170
RXL:TRADES:2Y,2026-05-08,0.45,0.45,0.435,0.435,1028141.0,0.444,1409
RXL:TRADES:2Y,2026-05-11,0.45,0.45,0.44,0.44,976409.0,0.4423,617
RXL:TRADES:2Y,2026-05-12,0.45,0.465,0.45,0.46,1663271.0,0.4572,651
RXL:TRADES:2Y,2026-05-13,0.46,0.485,0.455,0.485,1986691.0,0.4723,578
RXL:TRADES:2Y,2026-05-14,0.49,0.495,0.465,0.475,2075645.0,0.479,1065
RXL:TRADES:2Y,2026-05-15,0.485,0.485,0.445,0.45,1788426.0,0.4587,1014
RXL:TRADES:2Y,2026-05-18,0.45,0.45,0.425,0.43,1769310.0,0.4308,659
RXL:TRADES:2Y,2026-05-19,0.43,0.44,0.42,0.425,941452.0,0.4255,830
RXL:TRADES:2Y,2026-05-20,0.44,0.44,0.4,0.405,1557777.0,0.4107,1047
RXL:TRADES:2Y,2026-05-21,0.425,0.425,0.412,0.425,788782.0,0.42,714
RXL:TRADES:2Y,2026-05-22,0.44,0.44,0.415,0.415,1528264.0,0.4251,1126
RXL:TRADES:2Y,2026-05-25,0.42,0.435,0.417,0.425,1134761.0,0.4266,409
RXL:TRADES:2Y,2026-05-26,0.43,0.435,0.42,0.43,776127.0,0.4282,891
RXL:TRADES:2Y,2026-05-27,0.43,0.435,0.415,0.425,1086773.0,0.4257,766
RXL:TRADES:2Y,2026-05-28,0.42,0.42,0.4,0.405,2442331.0,0.4093,1186
RXL:TRADES:2Y,2026-05-29,0.415,0.43,0.405,0.425,790538.0,0.4184,540
RXL:TRADES:2Y,2026-06-01,0.425,0.435,0.42,0.43,612846.0,0.4291,279
RXL:TRADES:2Y,2026-06-02,0.425,0.435,0.415,0.435,585243.0,0.4264,359
RXL:TRADES:2Y,2026-06-03,0.435,0.45,0.43,0.45,1002929.0,0.4395,465
RXL:TRADES:2Y,2026-06-04,0.445,0.45,0.42,0.445,1538506.0,0.4394,574
RXL:TRADES:2Y,2026-06-05,0.445,0.455,0.435,0.455,850655.0,0.4456,302
RXL:TRADES:2Y,2026-06-09,0.445,0.445,0.42,0.43,1316972.0,0.43,800
RXL:TRADES:2Y,2026-06-10,0.44,0.44,0.4,0.405,3455204.0,0.4153,1437
RXL:TRADES:2Y,2026-06-11,0.4,0.415,0.393,0.41,1361108.0,0.4007,974
RXL:TRADES:2Y,2026-06-12,0.42,0.43,0.415,0.422,1123694.0,0.4226,438
RXL:TRADES:2Y,2026-06-15,0.43,0.47,0.43,0.463,1322197.0,0.4554,365
RXL:TRADES:2Y,2026-06-16,0.465,0.48,0.46,0.465,721763.0,0.4687,296
RXL:TRADES:2Y,2026-06-17,0.47,0.495,0.47,0.492,1853410.0,0.4841,458
RXL:TRADES:2Y,2026-06-18,0.485,0.485,0.46,0.465,833899.0,0.4735,431
RXL:TRADES:2Y,2026-06-19,0.465,0.465,0.44,0.445,518200.0,0.4553,174
RXL:TRADES:2Y,2026-06-22,0.45,0.45,0.43,0.438,803497.0,0.4398,369
RXL:TRADES:2Y,2026-06-23,0.435,0.435,0.42,0.425,856799.0,0.4273,289
RXL:TRADES:2Y,2026-06-24,0.43,0.43,0.415,0.42,411898.0,0.4224,162
RXL:TRADES:2Y,2026-06-25,0.42,0.42,0.395,0.405,1407633.0,0.404,207
RXL:TRADES:2Y,2026-06-26,0.41,0.41,0.375,0.385,1687614.0,0.3877,906
RXL:TRADES:2Y,2026-06-29,0.39,0.4,0.38,0.385,2690986.0,0.3863,1364
RXL:TRADES:2Y,2026-06-30,0.39,0.395,0.375,0.39,2385734.0,0.3837,629
RXL:TRADES:2Y,2026-07-01,0.4,0.4,0.385,0.395,1007445.0,0.3943,342
RXL:TRADES:2Y,2026-07-02,0.4,0.41,0.385,0.41,834784.0,0.3938,330
RXL:TRADES:2Y,2026-07-03,0.41,0.42,0.41,0.41,814608.0,0.4153,227
RXL:TRADES:2Y,2026-07-06,0.415,0.425,0.41,0.412,540160.0,0.4162,157
RXL:TRADES:2Y,2026-07-07,0.415,0.415,0.395,0.4,1009561.0,0.4036,359
RXL:TRADES:2Y,2026-07-08,0.4,0.4,0.385,0.4,390867.0,0.3961,126
RXL:TRADES:2Y,2026-07-09,0.39,0.395,0.385,0.39,300505.0,0.3906,372
RXL:TRADES:2Y,2026-07-10,0.4,0.415,0.395,0.41,867646.0,0.4052,448
RXL:TRADES:2Y,2026-07-13,0.415,0.425,0.39,0.4,2257071.0,0.4043,920
RXL:TRADES:2Y,2026-07-14,0.405,0.405,0.385,0.395,1381783.0,0.3923,296
RXL:TRADES:2Y,2026-07-15,0.4,0.403,0.385,0.39,572663.0,0.3934,108
RXL:TRADES:2Y,2026-07-16,0.39,0.405,0.39,0.4,1502467.0,0.3974,199
RXL:TRADES:2Y,2026-07-17,0.395,0.395,0.37,0.383,3353709.0,0.3824,423
RXL:TRADES:2Y,2026-07-20,0.38,0.385,0.37,0.37,1963396.0,0.3735,394
RXL:TRADES:2Y,2026-07-21,0.37,0.39,0.355,0.385,5448332.0,0.3695,1179
RXL:TRADES:2Y,2026-07-22,0.38,0.385,0.37,0.375,1633623.0,0.3768,258
RXL:TRADES:2Y,2026-07-23,0.38,0.383,0.37,0.375,2249662.0,0.3765,294
RXL:TRADES:2Y,2026-07-24,0.375,0.38,0.37,0.38,544569.0,0.3735,106
RXL:TRADES:2Y,2026-07-27,0.38,0.405,0.38,0.4,3334762.0,0.3951,323
RXL:TRADES:2Y,2026-07-28,0.4,0.4,0.385,0.385,1893876.0,0.3898,260
RXL:TRADES:2Y,2026-07-29,0.385,0.39,0.365,0.37,4867203.0,0.3737,491
RXL:TRADES:2Y,2026-07-30,0.37,0.37,0.35,0.362,4876844.0,0.3607,347
RXL:TRADES:2Y,2026-07-31,0.375,0.385,0.372,0.38,1584270.0,0.3802,219
RXL:TRADES:2Y,2026-08-03,0.385,0.385,0.365,0.378,2196998.0,0.3797,399
RXL:TRADES:2Y,2026-08-04,0.385,0.385,0.36,0.365,5005489.0,0.3683,446
RXL:TRADES:2Y,2026-08-05,0.365,0.42,0.36,0.417,6257987.0,0.3979,510
RXL:TRADES:2Y,2026-08-06,0.425,0.465,0.425,0.46,3403967.0,0.4539,542
RXL:TRADES:2Y,2026-08-07,0.455,0.47,0.455,0.468,1670441.0,0.4637,192
RXL:TRADES:2Y,2026-08-10,0.48,0.5,0.48,0.49,2371477.0,0.4901,439
RXL:TRADES:2Y,2026-08-11,0.49,0.5,0.487,0.49,1955864.0,0.4942,341
RXL:TRADES:2Y,2026-08-12,0.49,0.505,0.487,0.49,1634610.0,0.4968,428
RXL:TRADES:2Y,2026-08-13,0.49,0.497,0.48,0.485,1057661.0,0.4913,362
RXL:TRADES:2Y,2026-08-14,0.47,0.48,0.46,0.475,1325573.0,0.4719,234
RXL:TRADES:2Y,2026-08-17,0.485,0.515,0.485,0.51,1745689.0,0.5036,553
RXL:TRADES:2Y,2026-08-18,0.525,0.56,0.522,0.555,3966468.0,0.5437,872
RXL:TRADES:2Y,2026-08-19,0.545,0.57,0.525,0.547,3601560.0,0.5513,589
RXL:TRADES:2Y,2026-08-20,0.56,0.6,0.55,0.555,6260039.0,0.568,1151
RXL:TRADES:2Y,2026-08-21,0.56,0.57,0.555,0.56,1606167.0,0.5615,531
RXL:TRADES:2Y,2026-08-24,0.585,0.585,0.56,0.58,3966742.0,0.5744,1597
RXL:BID_ASK:3M,2026-05-27,0.4236,0.44,0.415,0.4276,-1.0,-1.0,-1
RXL:BID_ASK:3M,2026-05-28,0.4099,0.42,0.4,0.4134,-1.0,-1.0,-1
RXL:BID_ASK:3M,2026-05-29,0.4167,0.43,0.4,0.4204,-1.0,-1.0,-1
RXL:BID_ASK:3M,2026-06-01,0.4242,0.44,0.415,0.4288,-1.0,-1.0,-1
RXL:BID_ASK:3M,2026-06-02,0.4235,0.435,0.415,0.4274,-1.0,-1.0,-1
RXL:BID_ASK:3M,2026-06-03,0.4383,0.45,0.425,0.4426,-1.0,-1.0,-1
RXL:BID_ASK:3M,2026-06-04,0.4373,0.45,0.42,0.4415,-1.0,-1.0,-1
RXL:BID_ASK:3M,2026-06-05,0.4397,0.455,0.435,0.4455,-1.0,-1.0,-1
RXL:BID_ASK:3M,2026-06-09,0.4231,0.45,0.42,0.4267,-1.0,-1.0,-1
RXL:BID_ASK:3M,2026-06-10,0.4122,0.45,0.4,0.4157,-1.0,-1.0,-1
RXL:BID_ASK:3M,2026-06-11,0.4001,0.415,0.39,0.4056,-1.0,-1.0,-1
RXL:BID_ASK:3M,2026-06-12,0.4173,0.43,0.415,0.4248,-1.0,-1.0,-1
RXL:BID_ASK:3M,2026-06-15,0.4532,0.47,0.43,0.4608,-1.0,-1.0,-1
RXL:BID_ASK:3M,2026-06-16,0.4637,0.48,0.43,0.4704,-1.0,-1.0,-1
RXL:BID_ASK:3M,2026-06-17,0.484,0.5,0.465,0.4905,-1.0,-1.0,-1
RXL:BID_ASK:3M,2026-06-18,0.4674,0.495,0.46,0.4747,-1.0,-1.0,-1
RXL:BID_ASK:3M,2026-06-19,0.4433,0.47,0.44,0.4492,-1.0,-1.0,-1
RXL:BID_ASK:3M,2026-06-22,0.4356,0.45,0.43,0.4408,-1.0,-1.0,-1
RXL:BID_ASK:3M,2026-06-23,0.4252,0.435,0.42,0.4314,-1.0,-1.0,-1
RXL:BID_ASK:3M,2026-06-24,0.4181,0.43,0.415,0.424,-1.0,-1.0,-1
RXL:BID_ASK:3M,2026-06-25,0.4005,0.425,0.395,0.4068,-1.0,-1.0,-1
RXL:BID_ASK:3M,2026-06-26,0.3851,0.41,0.375,0.3906,-1.0,-1.0,-1
RXL:BID_ASK:3M,2026-06-29,0.3836,0.405,0.38,0.3894,-1.0,-1.0,-1
RXL:BID_ASK:3M,2026-06-30,0.382,0.4,0.375,0.3874,-1.0,-1.0,-1
RXL:BID_ASK:3M,2026-07-01,0.3891,0.405,0.385,0.3944,-1.0,-1.0,-1
RXL:BID_ASK:3M,2026-07-02,0.3938,0.41,0.38,0.4019,-1.0,-1.0,-1
RXL:BID_ASK:3M,2026-07-03,0.4129,0.425,0.41,0.4184,-1.0,-1.0,-1
RXL:BID_ASK:3M,2026-07-06,0.4127,0.425,0.41,0.4186,-1.0,-1.0,-1
RXL:BID_ASK:3M,2026-07-07,0.3994,0.42,0.395,0.4049,-1.0,-1.0,-1
RXL:BID_ASK:3M,2026-07-08,0.3919,0.425,0.385,0.3996,-1.0,-1.0,-1
RXL:BID_ASK:3M,2026-07-09,0.3897,0.425,0.385,0.3966,-1.0,-1.0,-1
RXL:BID_ASK:3M,2026-07-10,0.4016,0.425,0.39,0.4072,-1.0,-1.0,-1
RXL:BID_ASK:3M,2026-07-13,0.4028,0.425,0.39,0.4079,-1.0,-1.0,-1
RXL:BID_ASK:3M,2026-07-14,0.3903,0.405,0.385,0.3963,-1.0,-1.0,-1
RXL:BID_ASK:3M,2026-07-15,0.3865,0.41,0.385,0.3918,-1.0,-1.0,-1
RXL:BID_ASK:3M,2026-07-16,0.3991,0.41,0.385,0.4043,-1.0,-1.0,-1
RXL:BID_ASK:3M,2026-07-17,0.3807,0.405,0.37,0.3861,-1.0,-1.0,-1
RXL:BID_ASK:3M,2026-07-20,0.3713,0.385,0.37,0.3765,-1.0,-1.0,-1
RXL:BID_ASK:3M,2026-07-21,0.3693,0.39,0.355,0.3744,-1.0,-1.0,-1
RXL:BID_ASK:3M,2026-07-22,0.3757,0.39,0.37,0.3815,-1.0,-1.0,-1
RXL:BID_ASK:3M,2026-07-23,0.3738,0.385,0.37,0.3793,-1.0,-1.0,-1
RXL:BID_ASK:3M,2026-07-24,0.3708,0.385,0.365,0.3762,-1.0,-1.0,-1
RXL:BID_ASK:3M,2026-07-27,0.3958,0.41,0.375,0.4008,-1.0,-1.0,-1
RXL:BID_ASK:3M,2026-07-28,0.3868,0.4,0.385,0.3922,-1.0,-1.0,-1
RXL:BID_ASK:3M,2026-07-29,0.3701,0.39,0.365,0.3756,-1.0,-1.0,-1
RXL:BID_ASK:3M,2026-07-30,0.3607,0.37,0.35,0.3658,-1.0,-1.0,-1
RXL:BID_ASK:3M,2026-07-31,0.3778,0.39,0.365,0.3838,-1.0,-1.0,-1
RXL:BID_ASK:3M,2026-08-03,0.3783,0.39,0.365,0.3834,-1.0,-1.0,-1
RXL:BID_ASK:3M,2026-08-04,0.3649,0.385,0.355,0.3701,-1.0,-1.0,-1
RXL:BID_ASK:3M,2026-08-05,0.3985,0.42,0.36,0.4039,-1.0,-1.0,-1
RXL:BID_ASK:3M,2026-08-06,0.4525,0.47,0.425,0.4585,-1.0,-1.0,-1
RXL:BID_ASK:3M,2026-08-07,0.4608,0.47,0.45,0.4662,-1.0,-1.0,-1
RXL:BID_ASK:3M,2026-08-10,0.4853,0.5,0.48,0.4903,-1.0,-1.0,-1
RXL:BID_ASK:3M,2026-08-11,0.4928,0.5,0.485,0.4984,-1.0,-1.0,-1
RXL:BID_ASK:3M,2026-08-12,0.4945,0.51,0.485,0.4999,-1.0,-1.0,-1
RXL:BID_ASK:3M,2026-08-13,0.4865,0.5,0.48,0.4923,-1.0,-1.0,-1
RXL:BID_ASK:3M,2026-08-14,0.4697,0.485,0.46,0.4753,-1.0,-1.0,-1
RXL:BID_ASK:3M,2026-08-17,0.4982,0.515,0.485,0.5034,-1.0,-1.0,-1
RXL:BID_ASK:3M,2026-08-18,0.5422,0.56,0.52,0.5476,-1.0,-1.0,-1
RXL:BID_ASK:3M,2026-08-19,0.5508,0.57,0.525,0.5568,-1.0,-1.0,-1
RXL:BID_ASK:3M,2026-08-20,0.5622,0.6,0.55,0.5674,-1.0,-1.0,-1
RXL:BID_ASK:3M,2026-08-21,0.5589,0.57,0.55,0.5643,-1.0,-1.0,-1
RXL:BID_ASK:3M,2026-08-24,0.5726,0.585,0.555,0.5777,-1.0,-1.0,-1
AAR:TRADES:2Y,2024-08-26,0.081,0.084,0.081,0.084,661624.0,0.0817,21
AAR:TRADES:2Y,2024-08-27,0.083,0.083,0.082,0.082,74363.0,0.0825,5
AAR:TRADES:2Y,2024-08-28,0.081,0.083,0.08,0.083,763331.0,0.0813,14
AAR:TRADES:2Y,2024-08-29,0.082,0.092,0.082,0.091,3343531.0,0.0883,69
AAR:TRADES:2Y,2024-08-30,0.091,0.105,0.091,0.098,4114069.0,0.0965,97
AAR:TRADES:2Y,2024-09-02,0.099,0.105,0.097,0.097,2307595.0,0.0995,75
AAR:TRADES:2Y,2024-09-03,0.098,0.11,0.097,0.1,2661693.0,0.1004,89
AAR:TRADES:2Y,2024-09-04,0.105,0.105,0.099,0.105,1889437.0,0.1024,58
AAR:TRADES:2Y,2024-09-05,0.11,0.11,0.102,0.105,6443810.0,0.1074,134
AAR:TRADES:2Y,2024-09-06,0.105,0.11,0.105,0.11,1648824.0,0.1088,87
AAR:TRADES:2Y,2024-09-09,0.11,0.12,0.11,0.12,3693277.0,0.1145,92
AAR:TRADES:2Y,2024-09-10,0.12,0.12,0.105,0.11,566419.0,0.1129,33
AAR:TRADES:2Y,2024-09-11,0.11,0.115,0.11,0.115,717431.0,0.111,26
AAR:TRADES:2Y,2024-09-12,0.115,0.115,0.105,0.105,1205750.0,0.1101,31
AAR:TRADES:2Y,2024-09-13,0.11,0.11,0.105,0.105,1244916.0,0.1074,41
AAR:TRADES:2Y,2024-09-16,0.105,0.105,0.095,0.096,2311013.0,0.1,70
AAR:TRADES:2Y,2024-09-17,0.098,0.11,0.097,0.11,1121737.0,0.1017,47
AAR:TRADES:2Y,2024-09-18,0.11,0.11,0.1,0.105,939854.0,0.1022,46
AAR:TRADES:2Y,2024-09-19,0.11,0.115,0.107,0.11,1967902.0,0.1112,60
AAR:TRADES:2Y,2024-09-20,0.11,0.113,0.11,0.11,237848.0,0.1102,17
AAR:TRADES:2Y,2024-09-25,0.1,0.113,0.1,0.105,4968400.0,0.1056,152
AAR:TRADES:2Y,2024-09-26,0.105,0.113,0.105,0.11,2223174.0,0.11,91
AAR:TRADES:2Y,2024-09-27,0.11,0.11,0.105,0.105,2873504.0,0.1056,55
AAR:TRADES:2Y,2024-09-30,0.11,0.135,0.11,0.12,9374230.0,0.1183,260
AAR:TRADES:2Y,2024-10-01,0.115,0.12,0.11,0.115,7798220.0,0.1155,168
AAR:TRADES:2Y,2024-10-02,0.11,0.12,0.11,0.12,4244506.0,0.1174,105
AAR:TRADES:2Y,2024-10-03,0.12,0.12,0.115,0.115,1679145.0,0.1185,79
AAR:TRADES:2Y,2024-10-04,0.12,0.12,0.11,0.11,4306127.0,0.1129,189
AAR:TRADES:2Y,2024-10-07,0.115,0.115,0.11,0.11,914831.0,0.1137,83
AAR:TRADES:2Y,2024-10-08,0.115,0.115,0.105,0.105,3260213.0,0.1075,162
AAR:TRADES:2Y,2024-10-09,0.105,0.11,0.1,0.11,2960020.0,0.1069,223
AAR:TRADES:2Y,2024-10-10,0.11,0.11,0.105,0.105,1269154.0,0.1065,112
AAR:TRADES:2Y,2024-10-11,0.105,0.11,0.105,0.105,2557541.0,0.1065,220
AAR:TRADES:2Y,2024-10-14,0.105,0.115,0.105,0.115,915164.0,0.1094,124
AAR:TRADES:2Y,2024-10-15,0.115,0.12,0.113,0.12,1090429.0,0.1158,40
AAR:TRADES:2Y,2024-10-16,0.12,0.12,0.115,0.12,800845.0,0.1187,25
AAR:TRADES:2Y,2024-10-17,0.12,0.125,0.117,0.12,4288165.0,0.12,87
AAR:TRADES:2Y,2024-10-18,0.125,0.125,0.12,0.12,4352746.0,0.1208,116
AAR:TRADES:2Y,2024-10-21,0.125,0.135,0.125,0.125,8682480.0,0.1282,161
AAR:TRADES:2Y,2024-10-22,0.125,0.125,0.12,0.125,1631035.0,0.1244,51
AAR:TRADES:2Y,2024-10-23,0.135,0.14,0.125,0.14,12785530.0,0.1348,265
AAR:TRADES:2Y,2024-10-24,0.13,0.14,0.13,0.135,3912807.0,0.1381,95
AAR:TRADES:2Y,2024-10-25,0.135,0.145,0.135,0.145,3822378.0,0.1407,116
AAR:TRADES:2Y,2024-10-28,0.15,0.165,0.15,0.16,6108958.0,0.1559,193
AAR:TRADES:2Y,2024-10-29,0.16,0.17,0.152,0.165,7657937.0,0.163,179
AAR:TRADES:2Y,2024-10-30,0.165,0.17,0.155,0.16,1741997.0,0.1616,88
AAR:TRADES:2Y,2024-10-31,0.16,0.16,0.15,0.15,744378.0,0.1562,50
AAR:TRADES:2Y,2024-11-01,0.15,0.15,0.14,0.15,2551788.0,0.1466,120
AAR:TRADES:2Y,2024-11-04,0.15,0.152,0.14,0.145,1975379.0,0.1461,131
AAR:TRADES:2Y,2024-11-05,0.14,0.145,0.14,0.14,1838720.0,0.1411,69
AAR:TRADES:2Y,2024-11-06,0.14,0.14,0.138,0.14,595469.0,0.14,33
AAR:TRADES:2Y,2024-11-07,0.135,0.135,0.128,0.13,3554220.0,0.1311,131
AAR:TRADES:2Y,2024-11-08,0.14,0.14,0.138,0.14,1124392.0,0.14,46
AAR:TRADES:2Y,2024-11-11,0.14,0.14,0.135,0.14,2131638.0,0.1386,67
AAR:TRADES:2Y,2024-11-12,0.135,0.135,0.12,0.13,2387415.0,0.1279,109
AAR:TRADES:2Y,2024-11-13,0.125,0.13,0.125,0.125,2038058.0,0.1258,69
AAR:TRADES:2Y,2024-11-14,0.125,0.135,0.125,0.13,2236231.0,0.131,83
AAR:TRADES:2Y,2024-11-15,0.13,0.14,0.13,0.135,730354.0,0.1351,37
AAR:TRADES:2Y,2024-11-18,0.135,0.14,0.13,0.135,1302543.0,0.1356,64
AAR:TRADES:2Y,2024-11-19,0.14,0.14,0.13,0.135,871693.0,0.1345,45
AAR:TRADES:2Y,2024-11-20,0.135,0.135,0.125,0.125,959459.0,0.1307,41
AAR:TRADES:2Y,2024-11-21,0.13,0.135,0.13,0.135,958368.0,0.1317,39
AAR:TRADES:2Y,2024-11-22,0.135,0.135,0.13,0.13,771889.0,0.1327,36
AAR:TRADES:2Y,2024-11-25,0.13,0.14,0.13,0.13,334538.0,0.1335,25
AAR:TRADES:2Y,2024-11-26,0.135,0.135,0.13,0.13,803829.0,0.1339,46
AAR:TRADES:2Y,2024-11-27,0.13,0.135,0.13,0.13,1044481.0,0.13,27
AAR:TRADES:2Y,2024-11-28,0.135,0.135,0.13,0.13,234325.0,0.1318,25
AAR:TRADES:2Y,2024-11-29,0.135,0.135,0.13,0.13,83197.0,0.1308,14
AAR:TRADES:2Y,2024-12-02,0.13,0.145,0.13,0.145,3139570.0,0.1352,82
AAR:TRADES:2Y,2024-12-03,0.145,0.15,0.135,0.145,1962213.0,0.1438,56
AAR:TRADES:2Y,2024-12-04,0.14,0.145,0.135,0.135,1573516.0,0.1391,63
AAR:TRADES:2Y,2024-12-05,0.135,0.138,0.135,0.135,1109736.0,0.135,60
AAR:TRADES:2Y,2024-12-06,0.135,0.145,0.135,0.145,1692721.0,0.1409,46
AAR:TRADES:2Y,2024-12-09,0.14,0.15,0.14,0.15,2343572.0,0.1477,59
AAR:TRADES:2Y,2024-12-10,0.15,0.16,0.15,0.155,2998827.0,0.1561,84
AAR:TRADES:2Y,2024-12-11,0.16,0.17,0.155,0.155,3525067.0,0.1633,97
AAR:TRADES:2Y,2024-12-12,0.155,0.165,0.155,0.165,2519456.0,0.1616,75
AAR:TRADES:2Y,2024-12-13,0.155,0.163,0.15,0.16,2177985.0,0.1581,65
AAR:TRADES:2Y,2024-12-16,0.16,0.16,0.15,0.15,1834814.0,0.1549,84
AAR:TRADES:2Y,2024-12-17,0.15,0.15,0.145,0.15,1212131.0,0.1479,53
AAR:TRADES:2Y,2024-12-18,0.145,0.15,0.145,0.15,547755.0,0.1488,27
AAR:TRADES:2Y,2024-12-19,0.145,0.145,0.135,0.145,1914481.0,0.1402,68
AAR:TRADES:2Y,2024-12-20,0.14,0.14,0.135,0.14,365917.0,0.1375,22
AAR:TRADES:2Y,2024-12-23,0.14,0.15,0.14,0.15,777282.0,0.1465,20
AAR:TRADES:2Y,2024-12-24,0.15,0.15,0.15,0.15,16060.0,0.15,2
AAR:TRADES:2Y,2024-12-30,0.15,0.15,0.135,0.14,1330483.0,0.1407,38
AAR:TRADES:2Y,2024-12-31,0.14,0.14,0.135,0.135,47751.0,0.1377,9
AAR:TRADES:2Y,2025-01-02,0.14,0.14,0.13,0.13,1289041.0,0.1347,29
AAR:TRADES:2Y,2025-01-03,0.135,0.145,0.135,0.14,1377759.0,0.1409,52
AAR:TRADES:2Y,2025-01-06,0.14,0.14,0.138,0.14,478810.0,0.1392,29
AAR:TRADES:2Y,2025-01-07,0.14,0.14,0.135,0.14,483428.0,0.1389,17
AAR:TRADES:2Y,2025-01-08,0.14,0.14,0.135,0.135,1020494.0,0.1395,35
AAR:TRADES:2Y,2025-01-09,0.14,0.14,0.135,0.14,2286342.0,0.14,37
AAR:TRADES:2Y,2025-01-10,0.14,0.145,0.14,0.145,487648.0,0.143,29
AAR:TRADES:2Y,2025-01-13,0.145,0.145,0.135,0.135,1663203.0,0.1398,33
AAR:TRADES:2Y,2025-01-14,0.14,0.14,0.135,0.135,476553.0,0.1395,14
AAR:TRADES:2Y,2025-01-15,0.135,0.138,0.135,0.138,27962.0,0.1353,8
AAR:TRADES:2Y,2025-01-16,0.14,0.14,0.135,0.135,946495.0,0.1396,31
AAR:TRADES:2Y,2025-01-17,0.14,0.145,0.14,0.14,2671495.0,0.142,56
AAR:TRADES:2Y,2025-01-20,0.14,0.14,0.135,0.135,2208456.0,0.1396,46
AAR:TRADES:2Y,2025-01-21,0.135,0.14,0.135,0.14,1206827.0,0.1397,40
AAR:TRADES:2Y,2025-01-22,0.145,0.145,0.14,0.145,1738444.0,0.1407,50
AAR:TRADES:2Y,2025-01-23,0.14,0.16,0.14,0.145,4295438.0,0.1469,99
AAR:TRADES:2Y,2025-01-24,0.145,0.15,0.145,0.15,500906.0,0.1454,134
AAR:TRADES:2Y,2025-01-28,0.145,0.15,0.14,0.14,2264925.0,0.1424,218
AAR:TRADES:2Y,2025-01-29,0.145,0.15,0.14,0.15,1711493.0,0.145,196
AAR:TRADES:2Y,2025-01-30,0.15,0.155,0.145,0.15,1115577.0,0.1481,123
AAR:TRADES:2Y,2025-01-31,0.15,0.15,0.145,0.15,1352867.0,0.1488,241
AAR:TRADES:2Y,2025-02-03,0.145,0.145,0.14,0.14,3193632.0,0.1421,264
AAR:TRADES:2Y,2025-02-04,0.14,0.145,0.14,0.145,1626747.0,0.1429,88
AAR:TRADES:2Y,2025-02-05,0.145,0.145,0.14,0.145,1011762.0,0.1431,127
AAR:TRADES:2Y,2025-02-06,0.145,0.145,0.14,0.14,859514.0,0.1413,42
AAR:TRADES:2Y,2025-02-07,0.14,0.14,0.135,0.135,1550123.0,0.1393,77
AAR:TRADES:2Y,2025-02-10,0.135,0.14,0.135,0.14,744588.0,0.1394,37
AAR:TRADES:2Y,2025-02-11,0.14,0.145,0.135,0.145,1775927.0,0.1399,75
AAR:TRADES:2Y,2025-02-12,0.145,0.145,0.135,0.14,978740.0,0.139,56
AAR:TRADES:2Y,2025-02-13,0.135,0.14,0.135,0.14,1521529.0,0.1395,35
AAR:TRADES:2Y,2025-02-14,0.14,0.145,0.135,0.135,1443957.0,0.1399,100
AAR:TRADES:2Y,2025-02-17,0.135,0.142,0.135,0.14,1648498.0,0.1398,59
AAR:TRADES:2Y,2025-02-18,0.14,0.145,0.14,0.145,660346.0,0.1404,20
AAR:TRADES:2Y,2025-02-19,0.145,0.145,0.14,0.14,1753187.0,0.1401,65
AAR:TRADES:2Y,2025-02-20,0.14,0.15,0.14,0.15,1881763.0,0.1427,106
AAR:TRADES:2Y,2025-02-21,0.15,0.155,0.14,0.14,2455337.0,0.1486,78
AAR:TRADES:2Y,2025-02-24,0.14,0.145,0.133,0.135,4694017.0,0.1365,111
AAR:TRADES:2Y,2025-02-25,0.135,0.135,0.13,0.135,1026267.0,0.1327,36
AAR:TRADES:2Y,2025-02-26,0.13,0.135,0.13,0.135,460381.0,0.1334,25
AAR:TRADES:2Y,2025-02-27,0.135,0.135,0.13,0.135,774221.0,0.135,12
AAR:TRADES:2Y,2025-02-28,0.135,0.135,0.13,0.135,683885.0,0.1335,30
AAR:TRADES:2Y,2025-03-03,0.135,0.135,0.13,0.135,486062.0,0.1328,29
AAR:TRADES:2Y,2025-03-04,0.135,0.14,0.133,0.14,2901955.0,0.1353,395
AAR:TRADES:2Y,2025-03-05,0.14,0.14,0.135,0.135,935264.0,0.1398,25
AAR:TRADES:2Y,2025-03-06,0.14,0.14,0.135,0.135,695475.0,0.1368,17
AAR:TRADES:2Y,2025-03-07,0.14,0.14,0.135,0.135,1179236.0,0.1365,27
AAR:TRADES:2Y,2025-03-10,0.135,0.135,0.13,0.135,1924330.0,0.1343,31
AAR:TRADES:2Y,2025-03-11,0.135,0.135,0.133,0.135,543654.0,0.1343,15
AAR:TRADES:2Y,2025-03-12,0.135,0.14,0.135,0.14,2301003.0,0.1369,50
AAR:TRADES:2Y,2025-03-13,0.14,0.145,0.14,0.145,3114246.0,0.1411,38
AAR:TRADES:2Y,2025-03-14,0.145,0.145,0.14,0.14,2253472.0,0.1434,87
AAR:TRADES:2Y,2025-03-17,0.145,0.155,0.14,0.155,6736586.0,0.1522,225
AAR:TRADES:2Y,2025-03-18,0.15,0.155,0.15,0.155,2330269.0,0.1511,97
AAR:TRADES:2Y,2025-03-19,0.15,0.155,0.147,0.155,1795506.0,0.1504,59
AAR:TRADES:2Y,2025-03-20,0.155,0.16,0.15,0.16,1269474.0,0.1572,44
AAR:TRADES:2Y,2025-03-21,0.155,0.158,0.155,0.155,1446410.0,0.1552,40
AAR:TRADES:2Y,2025-03-24,0.16,0.163,0.155,0.16,7381138.0,0.1589,152
AAR:TRADES:2Y,2025-03-25,0.155,0.16,0.15,0.155,4246358.0,0.1535,87
AAR:TRADES:2Y,2025-03-26,0.15,0.155,0.145,0.15,4411376.0,0.1517,88
AAR:TRADES:2Y,2025-03-27,0.15,0.16,0.15,0.16,1083176.0,0.1548,43
AAR:TRADES:2Y,2025-03-28,0.16,0.163,0.16,0.16,6907242.0,0.1601,87
AAR:TRADES:2Y,2025-03-31,0.16,0.163,0.15,0.155,2418741.0,0.1571,95
AAR:TRADES:2Y,2025-04-01,0.16,0.175,0.16,0.175,4719201.0,0.1685,115
AAR:TRADES:2Y,2025-04-02,0.17,0.17,0.165,0.165,1879863.0,0.168,77
AAR:TRADES:2Y,2025-04-03,0.17,0.18,0.17,0.17,3645866.0,0.1741,103
AAR:TRADES:2Y,2025-04-04,0.165,0.17,0.155,0.155,3653715.0,0.162,137
AAR:TRADES:2Y,2025-04-07,0.14,0.15,0.13,0.14,6773694.0,0.1399,182
AAR:TRADES:2Y,2025-04-08,0.145,0.155,0.145,0.145,2018772.0,0.1505,78
AAR:TRADES:2Y,2025-04-09,0.145,0.145,0.135,0.135,2795211.0,0.1386,87
AAR:TRADES:2Y,2025-04-10,0.15,0.16,0.147,0.16,5022906.0,0.1509,101
AAR:TRADES:2Y,2025-04-11,0.16,0.17,0.158,0.165,2058425.0,0.1643,70
AAR:TRADES:2Y,2025-04-14,0.175,0.175,0.17,0.17,3948473.0,0.1725,118
AAR:TRADES:2Y,2025-04-15,0.17,0.175,0.165,0.17,2432193.0,0.1701,92
AAR:TRADES:2Y,2025-04-16,0.165,0.175,0.16,0.17,5605805.0,0.1694,251
AAR:TRADES:2Y,2025-04-17,0.17,0.18,0.165,0.17,9543554.0,0.1733,207
AAR:TRADES:2Y,2025-04-22,0.17,0.175,0.165,0.17,3862596.0,0.1708,112
AAR:TRADES:2Y,2025-04-23,0.17,0.17,0.16,0.165,2490370.0,0.1667,93
AAR:TRADES:2Y,2025-04-24,0.165,0.17,0.16,0.165,2852775.0,0.1649,186
AAR:TRADES:2Y,2025-04-28,0.165,0.165,0.158,0.158,1460841.0,0.1605,78
AAR:TRADES:2Y,2025-04-29,0.16,0.163,0.16,0.16,1252185.0,0.1613,91
AAR:TRADES:2Y,2025-04-30,0.16,0.165,0.155,0.16,780417.0,0.16,199
AAR:TRADES:2Y,2025-05-01,0.155,0.155,0.152,0.155,1264507.0,0.1535,70
AAR:TRADES:2Y,2025-05-02,0.15,0.155,0.15,0.15,795322.0,0.1512,64
AAR:TRADES:2Y,2025-05-05,0.15,0.155,0.145,0.15,1797088.0,0.1504,119
AAR:TRADES:2Y,2025-05-06,0.155,0.16,0.15,0.155,1399227.0,0.155,70
AAR:TRADES:2Y,2025-05-07,0.16,0.165,0.155,0.16,788408.0,0.1597,65
AAR:TRADES:2Y,2025-05-08,0.16,0.165,0.155,0.16,1581878.0,0.1607,70
AAR:TRADES:2Y,2025-05-09,0.16,0.16,0.155,0.16,1263672.0,0.159,89
AAR:TRADES:2Y,2025-05-12,0.16,0.165,0.155,0.155,598206.0,0.16,50
AAR:TRADES:2Y,2025-05-13,0.155,0.16,0.14,0.145,3686225.0,0.1503,142
AAR:TRADES:2Y,2025-05-14,0.15,0.155,0.145,0.155,1292944.0,0.1498,68
AAR:TRADES:2Y,2025-05-15,0.15,0.15,0.145,0.145,817204.0,0.1465,27
AAR:TRADES:2Y,2025-05-16,0.15,0.155,0.15,0.15,1825019.0,0.1518,49
AAR:TRADES:2Y,2025-05-19,0.15,0.16,0.15,0.155,1399277.0,0.1542,86
AAR:TRADES:2Y,2025-05-20,0.15,0.16,0.15,0.155,335756.0,0.1545,48
AAR:TRADES:2Y,2025-05-21,0.16,0.16,0.155,0.155,1618699.0,0.1571,58
AAR:TRADES:2Y,2025-05-22,0.155,0.165,0.155,0.165,2382860.0,0.1596,72
AAR:TRADES:2Y,2025-05-23,0.16,0.175,0.16,0.17,8948558.0,0.1681,172
AAR:TRADES:2Y,2025-05-26,0.175,0.175,0.17,0.175,3403345.0,0.1739,93
AAR:TRADES:2Y,2025-05-27,0.17,0.18,0.17,0.175,2635504.0,0.1746,88
AAR:TRADES:2Y,2025-05-28,0.175,0.177,0.17,0.17,5788042.0,0.1748,86
AAR:TRADES:2Y,2025-05-29,0.17,0.175,0.17,0.175,1990309.0,0.1746,52
AAR:TRADES:2Y,2025-05-30,0.175,0.18,0.17,0.18,1368127.0,0.1747,58
AAR:TRADES:2Y,2025-06-02,0.18,0.18,0.175,0.18,930733.0,0.1799,47
AAR:TRADES:2Y,2025-06-03,0.18,0.19,0.18,0.18,6388113.0,0.1835,132
AAR:TRADES:2Y,2025-06-04,0.185,0.19,0.18,0.19,1870103.0,0.1858,62
AAR:TRADES:2Y,2025-06-05,0.19,0.195,0.185,0.195,2150598.0,0.1907,60
AAR:TRADES:2Y,2025-06-06,0.19,0.195,0.185,0.19,1426405.0,0.1905,86
AAR:TRADES:2Y,2025-06-10,0.19,0.195,0.175,0.175,2744105.0,0.1835,84
AAR:TRADES:2Y,2025-06-11,0.18,0.18,0.165,0.18,1891377.0,0.1726,168
AAR:TRADES:2Y,2025-06-12,0.18,0.18,0.17,0.18,2086586.0,0.1762,156
AAR:TRADES:2Y,2025-06-13,0.18,0.185,0.175,0.185,1407106.0,0.1827,56
AAR:TRADES:2Y,2025-06-16,0.185,0.185,0.17,0.175,1398016.0,0.1776,69
AAR:TRADES:2Y,2025-06-17,0.18,0.18,0.175,0.18,208795.0,0.1766,28
AAR:TRADES:2Y,2025-06-18,0.18,0.195,0.175,0.19,4688551.0,0.1878,120
AAR:TRADES:2Y,2025-06-19,0.19,0.19,0.18,0.185,1712539.0,0.1861,68
AAR:TRADES:2Y,2025-06-20,0.185,0.185,0.17,0.175,2035883.0,0.1769,97
AAR:TRADES:2Y,2025-06-23,0.18,0.18,0.17,0.175,2000748.0,0.1736,119
AAR:TRADES:2Y,2025-06-24,0.175,0.18,0.17,0.175,1871537.0,0.1748,91
AAR:TRADES:2Y,2025-06-25,0.185,0.195,0.155,0.165,9943754.0,0.1715,383
AAR:TRADES:2Y,2025-06-26,0.17,0.18,0.165,0.17,4570958.0,0.1735,189
AAR:TRADES:2Y,2025-06-27,0.17,0.18,0.17,0.17,1978746.0,0.1731,91
AAR:TRADES:2Y,2025-06-30,0.17,0.17,0.16,0.165,2275049.0,0.165,168
AAR:TRADES:2Y,2025-07-01,0.165,0.17,0.16,0.16,2001632.0,0.1651,97
AAR:TRADES:2Y,2025-07-02,0.16,0.165,0.16,0.16,507748.0,0.1621,69
AAR:TRADES:2Y,2025-07-03,0.16,0.16,0.155,0.155,2573255.0,0.1578,142
AAR:TRADES:2Y,2025-07-04,0.155,0.16,0.155,0.155,807007.0,0.1566,110
AAR:TRADES:2Y,2025-07-07,0.155,0.16,0.152,0.16,1865303.0,0.1552,87
AAR:TRADES:2Y,2025-07-08,0.16,0.165,0.155,0.16,2049141.0,0.1582,70
AAR:TRADES:2Y,2025-07-09,0.155,0.16,0.145,0.15,3691040.0,0.1523,106
AAR:TRADES:2Y,2025-07-10,0.15,0.155,0.145,0.15,822447.0,0.1494,43
AAR:TRADES:2Y,2025-07-11,0.15,0.15,0.14,0.15,1723475.0,0.1455,140
AAR:TRADES:2Y,2025-07-14,0.15,0.155,0.138,0.15,9434697.0,0.1425,203
AAR:TRADES:2Y,2025-07-15,0.15,0.155,0.145,0.155,573717.0,0.1544,57
AAR:TRADES:2Y,2025-07-16,0.155,0.155,0.15,0.15,1148560.0,0.1518,134
AAR:TRADES:2Y,2025-07-17,0.155,0.16,0.15,0.16,2931248.0,0.1576,204
AAR:TRADES:2Y,2025-07-18,0.165,0.165,0.155,0.155,1835138.0,0.1587,152
AAR:TRADES:2Y,2025-07-21,0.155,0.165,0.15,0.155,2267628.0,0.1576,163
AAR:TRADES:2Y,2025-07-22,0.16,0.165,0.16,0.165,1950640.0,0.1638,139
AAR:TRADES:2Y,2025-07-23,0.165,0.175,0.165,0.17,4844075.0,0.1681,357
AAR:TRADES:2Y,2025-07-24,0.17,0.17,0.16,0.16,2410673.0,0.1652,135
AAR:TRADES:2Y,2025-07-25,0.165,0.17,0.165,0.165,4266634.0,0.165,146
AAR:TRADES:2Y,2025-07-28,0.165,0.17,0.163,0.165,874037.0,0.1651,174
AAR:TRADES:2Y,2025-07-29,0.165,0.165,0.155,0.155,2049361.0,0.16,86
AAR:TRADES:2Y,2025-07-30,0.165,0.165,0.16,0.16,1084658.0,0.1613,69
AAR:TRADES:2Y,2025-07-31,0.16,0.16,0.155,0.16,2565157.0,0.1573,100
AAR:TRADES:2Y,2025-08-01,0.155,0.155,0.15,0.155,279046.0,0.1538,93
AAR:TRADES:2Y,2025-08-04,0.155,0.155,0.15,0.155,487376.0,0.1542,55
AAR:TRADES:2Y,2025-08-05,0.155,0.165,0.155,0.16,1747723.0,0.1592,87
AAR:TRADES:2Y,2025-08-06,0.16,0.165,0.16,0.165,6073755.0,0.1638,121
AAR:TRADES:2Y,2025-08-07,0.17,0.17,0.165,0.165,2947376.0,0.1696,104
AAR:TRADES:2Y,2025-08-08,0.165,0.17,0.165,0.17,242887.0,0.1675,48
AAR:TRADES:2Y,2025-08-11,0.17,0.17,0.165,0.17,1815911.0,0.1696,106
AAR:TRADES:2Y,2025-08-12,0.17,0.17,0.16,0.165,1251037.0,0.1659,88
AAR:TRADES:2Y,2025-08-13,0.165,0.17,0.16,0.17,892979.0,0.1659,230
AAR:TRADES:2Y,2025-08-14,0.17,0.17,0.16,0.165,592568.0,0.1663,54
AAR:TRADES:2Y,2025-08-15,0.165,0.17,0.165,0.17,654369.0,0.1672,83
AAR:TRADES:2Y,2025-08-18,0.17,0.17,0.16,0.17,619325.0,0.1673,110
AAR:TRADES:2Y,2025-08-19,0.165,0.165,0.16,0.16,482273.0,0.163,47
AAR:TRADES:2Y,2025-08-20,0.16,0.163,0.155,0.155,4485949.0,0.1587,107
AAR:TRADES:2Y,2025-08-21,0.16,0.165,0.155,0.16,1632576.0,0.1602,79
AAR:TRADES:2Y,2025-08-22,0.16,0.165,0.155,0.165,330735.0,0.1605,81
AAR:TRADES:2Y,2025-08-25,0.165,0.165,0.16,0.16,1507660.0,0.1619,84
AAR:TRADES:2Y,2025-08-26,0.16,0.165,0.16,0.165,1896990.0,0.164,120
AAR:TRADES:2Y,2025-08-27,0.165,0.17,0.16,0.165,3863989.0,0.1661,305
AAR:TRADES:2Y,2025-08-28,0.165,0.17,0.16,0.165,2769884.0,0.1647,225
AAR:TRADES:2Y,2025-08-29,0.165,0.175,0.16,0.165,3330340.0,0.1689,281
AAR:TRADES:2Y,2025-09-01,0.17,0.182,0.17,0.18,3085692.0,0.1775,118
AAR:TRADES:2Y,2025-09-02,0.18,0.182,0.175,0.18,828002.0,0.1795,365
AAR:TRADES:2Y,2025-09-03,0.185,0.19,0.18,0.18,2826543.0,0.184,313
AAR:TRADES:2Y,2025-09-04,0.18,0.18,0.16,0.165,6626926.0,0.1674,441
AAR:TRADES:2Y,2025-09-05,0.165,0.17,0.16,0.165,3314278.0,0.164,314
AAR:TRADES:2Y,2025-09-08,0.175,0.18,0.165,0.18,6733699.0,0.1733,538
AAR:TRADES:2Y,2025-09-09,0.175,0.195,0.175,0.19,9827673.0,0.1867,364
AAR:TRADES:2Y,2025-09-10,0.19,0.193,0.18,0.19,3389735.0,0.1865,216
AAR:TRADES:2Y,2025-09-11,0.19,0.19,0.185,0.19,2470900.0,0.1872,103
AAR:TRADES:2Y,2025-09-12,0.185,0.195,0.185,0.19,4194305.0,0.1888,92
AAR:TRADES:2Y,2025-09-15,0.19,0.195,0.185,0.195,3797328.0,0.189,123
AAR:TRADES:2Y,2025-09-16,0.195,0.195,0.185,0.19,2434107.0,0.1903,171
AAR:TRADES:2Y,2025-09-17,0.195,0.195,0.185,0.185,1908076.0,0.1913,190
AAR:TRADES:2Y,2025-09-18,0.185,0.215,0.185,0.21,8808628.0,0.2026,488
AAR:TRADES:2Y,2025-09-19,0.215,0.22,0.205,0.21,3815781.0,0.2127,259
AAR:TRADES:2Y,2025-09-22,0.215,0.22,0.21,0.215,7333667.0,0.214,287
AAR:TRADES:2Y,2025-09-23,0.215,0.235,0.215,0.225,8053183.0,0.2221,225
AAR:TRADES:2Y,2025-09-24,0.23,0.245,0.225,0.24,3743344.0,0.2351,209
AAR:TRADES:2Y,2025-09-25,0.235,0.24,0.23,0.23,1298029.0,0.2342,96
AAR:TRADES:2Y,2025-09-26,0.235,0.24,0.22,0.24,1460671.0,0.2328,156
AAR:TRADES:2Y,2025-09-29,0.24,0.25,0.237,0.24,5866806.0,0.243,300
AAR:TRADES:2Y,2025-09-30,0.25,0.25,0.235,0.235,2679284.0,0.2412,166
AAR:TRADES:2Y,2025-10-01,0.235,0.245,0.23,0.235,4943338.0,0.236,280
AAR:TRADES:2Y,2025-10-02,0.24,0.245,0.23,0.245,2869588.0,0.2398,148
AAR:TRADES:2Y,2025-10-03,0.25,0.25,0.235,0.245,4064837.0,0.2449,577
AAR:TRADES:2Y,2025-10-06,0.245,0.25,0.24,0.24,1739843.0,0.2417,160
AAR:TRADES:2Y,2025-10-07,0.25,0.25,0.235,0.24,2341134.0,0.2453,177
AAR:TRADES:2Y,2025-10-08,0.24,0.245,0.23,0.24,2832883.0,0.2383,188
AAR:TRADES:2Y,2025-10-09,0.255,0.255,0.24,0.25,10483955.0,0.2486,451
AAR:TRADES:2Y,2025-10-10,0.245,0.245,0.233,0.235,5038490.0,0.2387,356
AAR:TRADES:2Y,2025-10-13,0.235,0.245,0.235,0.24,4215908.0,0.2404,231
AAR:TRADES:2Y,2025-10-14,0.245,0.25,0.24,0.245,2148436.0,0.244,163
AAR:TRADES:2Y,2025-10-15,0.24,0.28,0.24,0.275,15913629.0,0.2607,582
AAR:TRADES:2Y,2025-10-16,0.275,0.275,0.26,0.265,4390298.0,0.2679,296
AAR:TRADES:2Y,2025-10-17,0.27,0.27,0.255,0.26,3258621.0,0.2639,294
AAR:TRADES:2Y,2025-10-20,0.265,0.265,0.25,0.255,3937260.0,0.255,437
AAR:TRADES:2Y,2025-10-21,0.26,0.265,0.25,0.25,3295927.0,0.2535,262
AAR:TRADES:2Y,2025-10-22,0.245,0.245,0.225,0.225,6102628.0,0.2325,439
AAR:TRADES:2Y,2025-10-23,0.23,0.237,0.225,0.235,2314551.0,0.2312,254
AAR:TRADES:2Y,2025-10-24,0.235,0.235,0.22,0.225,4642222.0,0.2288,437
AAR:TRADES:2Y,2025-10-27,0.225,0.235,0.21,0.215,4437651.0,0.223,378
AAR:TRADES:2Y,2025-10-28,0.21,0.215,0.195,0.2,3389298.0,0.2018,233
AAR:TRADES:2Y,2025-10-29,0.205,0.21,0.2,0.21,4255142.0,0.2087,204
AAR:TRADES:2Y,2025-10-30,0.21,0.21,0.195,0.2,4411034.0,0.2035,338
AAR:TRADES:2Y,2025-10-31,0.205,0.215,0.2,0.205,3432297.0,0.2082,240
AAR:TRADES:2Y,2025-11-03,0.215,0.215,0.2,0.2,582611.0,0.2071,77
AAR:TRADES:2Y,2025-11-04,0.21,0.21,0.195,0.195,2154932.0,0.1996,178
AAR:TRADES:2Y,2025-11-05,0.19,0.195,0.175,0.18,5968058.0,0.1819,310
AAR:TRADES:2Y,2025-11-06,0.19,0.19,0.182,0.185,4390890.0,0.1851,168
AAR:TRADES:2Y,2025-11-07,0.18,0.182,0.175,0.18,5147755.0,0.18,340
AAR:TRADES:2Y,2025-11-10,0.18,0.2,0.175,0.195,4300799.0,0.1897,161
AAR:TRADES:2Y,2025-11-11,0.2,0.205,0.195,0.2,3476740.0,0.1996,160
AAR:TRADES:2Y,2025-11-12,0.2,0.205,0.195,0.2,1483535.0,0.1972,119
AAR:TRADES:2Y,2025-11-13,0.205,0.21,0.2,0.2,2580365.0,0.2032,139
AAR:TRADES:2Y,2025-11-14,0.2,0.21,0.19,0.21,3052299.0,0.1998,168
AAR:TRADES:2Y,2025-11-17,0.205,0.215,0.2,0.205,3707509.0,0.2071,167
AAR:TRADES:2Y,2025-11-18,0.195,0.2,0.19,0.195,2205194.0,0.1948,242
AAR:TRADES:2Y,2025-11-19,0.2,0.207,0.198,0.2,1172478.0,0.2025,80
AAR:TRADES:2Y,2025-11-20,0.2,0.215,0.2,0.215,2241696.0,0.2104,161
AAR:TRADES:2Y,2025-11-21,0.215,0.217,0.195,0.195,5387185.0,0.2077,214
AAR:TRADES:2Y,2025-11-24,0.2,0.21,0.195,0.195,3012646.0,0.2031,226
AAR:TRADES:2Y,2025-11-25,0.205,0.22,0.205,0.205,2080698.0,0.2116,243
AAR:TRADES:2Y,2025-11-26,0.21,0.21,0.195,0.21,1550583.0,0.2029,172
AAR:TRADES:2Y,2025-11-27,0.21,0.215,0.205,0.21,1822166.0,0.2078,186
AAR:TRADES:2Y,2025-11-28,0.21,0.215,0.205,0.215,831127.0,0.21,158
AAR:TRADES:2Y,2025-12-01,0.225,0.235,0.215,0.235,6416871.0,0.229,323
AAR:TRADES:2Y,2025-12-02,0.23,0.23,0.22,0.225,2943058.0,0.2284,141
AAR:TRADES:2Y,2025-12-03,0.225,0.24,0.225,0.235,2814012.0,0.2303,233
AAR:TRADES:2Y,2025-12-04,0.24,0.24,0.225,0.225,3397408.0,0.2313,203
AAR:TRADES:2Y,2025-12-05,0.23,0.235,0.22,0.22,1795013.0,0.2254,152
AAR:TRADES:2Y,2025-12-10,0.21,0.22,0.205,0.215,4487937.0,0.2132,434
AAR:TRADES:2Y,2025-12-11,0.22,0.22,0.205,0.21,2673004.0,0.2141,242
AAR:TRADES:2Y,2025-12-12,0.215,0.23,0.215,0.23,3850543.0,0.2199,181
AAR:TRADES:2Y,2025-12-15,0.23,0.23,0.22,0.225,2391996.0,0.2241,154
AAR:TRADES:2Y,2025-12-16,0.225,0.225,0.215,0.215,5506137.0,0.2208,234
AAR:TRADES:2Y,2025-12-17,0.225,0.245,0.215,0.24,3311189.0,0.2329,178
AAR:TRADES:2Y,2025-12-18,0.235,0.235,0.22,0.23,5143430.0,0.2273,257
AAR:TRADES:2Y,2025-12-19,0.225,0.24,0.225,0.235,2474405.0,0.2352,235
AAR:TRADES:2Y,2025-12-22,0.24,0.25,0.235,0.245,5651322.0,0.2412,408
AAR:TRADES:2Y,2025-12-23,0.25,0.26,0.245,0.25,8226713.0,0.2515,331
AAR:TRADES:2Y,2025-12-24,0.26,0.265,0.255,0.265,4409088.0,0.2602,341
AAR:TRADES:2Y,2025-12-29,0.265,0.275,0.26,0.27,5053181.0,0.2665,447
AAR:TRADES:2Y,2025-12-30,0.26,0.265,0.245,0.26,3817910.0,0.2566,241
AAR:TRADES:2Y,2025-12-31,0.265,0.265,0.255,0.265,1340382.0,0.2618,191
AAR:TRADES:2Y,2026-01-02,0.265,0.265,0.255,0.26,1369730.0,0.2617,148
AAR:TRADES:2Y,2026-01-05,0.26,0.265,0.255,0.265,1609296.0,0.2584,333
AAR:TRADES:2Y,2026-01-06,0.265,0.268,0.258,0.265,4699180.0,0.2613,205
AAR:TRADES:2Y,2026-01-07,0.265,0.27,0.26,0.26,2391500.0,0.2642,183
AAR:TRADES:2Y,2026-01-08,0.26,0.265,0.26,0.265,1968132.0,0.2621,244
AAR:TRADES:2Y,2026-01-09,0.265,0.27,0.26,0.265,7253985.0,0.2675,316
AAR:TRADES:2Y,2026-01-12,0.265,0.28,0.26,0.27,6991931.0,0.2734,323
AAR:TRADES:2Y,2026-01-13,0.275,0.28,0.25,0.255,11304010.0,0.2649,610
AAR:TRADES:2Y,2026-01-14,0.255,0.27,0.245,0.265,4414974.0,0.2529,302
AAR:TRADES:2Y,2026-01-15,0.265,0.27,0.255,0.265,6196869.0,0.2615,230
AAR:TRADES:2Y,2026-01-16,0.265,0.265,0.245,0.245,3653536.0,0.2528,275
AAR:TRADES:2Y,2026-01-19,0.245,0.265,0.245,0.265,3450158.0,0.2558,219
AAR:TRADES:2Y,2026-01-20,0.26,0.26,0.25,0.26,2551054.0,0.2558,205
AAR:TRADES:2Y,2026-01-21,0.27,0.28,0.265,0.27,22875379.0,0.271,510
AAR:TRADES:2Y,2026-01-22,0.26,0.27,0.255,0.265,9216309.0,0.2617,381
AAR:TRADES:2Y,2026-01-23,0.27,0.29,0.265,0.275,12094534.0,0.2783,288
AAR:TRADES:2Y,2026-01-27,0.28,0.29,0.255,0.265,11917107.0,0.271,471
AAR:TRADES:2Y,2026-01-28,0.27,0.28,0.26,0.275,5634452.0,0.2721,254
AAR:TRADES:2Y,2026-01-29,0.275,0.285,0.26,0.275,13581169.0,0.2741,481
AAR:TRADES:2Y,2026-01-30,0.27,0.27,0.23,0.245,20816610.0,0.2519,595
AAR:TRADES:2Y,2026-02-02,0.23,0.245,0.23,0.24,11697568.0,0.238,536
AAR:TRADES:2Y,2026-02-03,0.24,0.265,0.24,0.265,6929618.0,0.2545,409
AAR:TRADES:2Y,2026-02-04,0.265,0.28,0.26,0.275,12495126.0,0.2721,485
AAR:TRADES:2Y,2026-02-05,0.275,0.29,0.265,0.275,8949071.0,0.2789,414
AAR:TRADES:2Y,2026-02-06,0.265,0.27,0.255,0.265,6157266.0,0.26,559
AAR:TRADES:2Y,2026-02-09,0.275,0.29,0.273,0.29,9887414.0,0.2842,401
AAR:TRADES:2Y,2026-02-10,0.295,0.295,0.28,0.29,5806772.0,0.2885,472
AAR:TRADES:2Y,2026-02-11,0.295,0.295,0.27,0.275,9799006.0,0.2831,440
AAR:TRADES:2Y,2026-02-12,0.275,0.28,0.265,0.27,4895300.0,0.2709,244
AAR:TRADES:2Y,2026-02-13,0.26,0.265,0.25,0.255,4958258.0,0.2558,379
AAR:TRADES:2Y,2026-02-16,0.26,0.268,0.255,0.255,4014661.0,0.2594,209
AAR:TRADES:2Y,2026-02-17,0.265,0.265,0.245,0.25,6800678.0,0.2512,232
AAR:TRADES:2Y,2026-02-18,0.25,0.28,0.24,0.27,4404381.0,0.2508,384
AAR:TRADES:2Y,2026-02-19,0.27,0.27,0.25,0.265,3321331.0,0.2576,293
AAR:TRADES:2Y,2026-02-20,0.27,0.27,0.25,0.255,3349819.0,0.2566,354
AAR:TRADES:2Y,2026-02-23,0.26,0.27,0.255,0.265,5250871.0,0.2615,588
AAR:TRADES:2Y,2026-02-24,0.265,0.275,0.25,0.26,4473757.0,0.2625,315
AAR:TRADES:2Y,2026-02-25,0.255,0.27,0.25,0.265,7210911.0,0.2567,322
AAR:TRADES:2Y,2026-02-26,0.265,0.265,0.25,0.26,5901455.0,0.2614,306
AAR:TRADES:2Y,2026-02-27,0.265,0.287,0.26,0.28,11638868.0,0.2782,475
AAR:TRADES:2Y,2026-03-02,0.285,0.285,0.27,0.28,9270549.0,0.2785,769
AAR:TRADES:2Y,2026-03-03,0.28,0.28,0.265,0.27,3334935.0,0.2719,334
AAR:TRADES:2Y,2026-03-04,0.255,0.265,0.253,0.265,3538030.0,0.2599,344
AAR:TRADES:2Y,2026-03-05,0.265,0.285,0.265,0.285,5109494.0,0.2736,332
AAR:TRADES:2Y,2026-03-06,0.275,0.28,0.265,0.27,5306419.0,0.2738,244
AAR:TRADES:2Y,2026-03-09,0.27,0.27,0.235,0.235,8816359.0,0.2479,386
AAR:TRADES:2Y,2026-03-10,0.25,0.255,0.242,0.245,3303506.0,0.2481,435
AAR:TRADES:2Y,2026-03-11,0.25,0.26,0.245,0.245,3241892.0,0.2494,229
AAR:TRADES:2Y,2026-03-12,0.25,0.25,0.235,0.24,4096164.0,0.2419,303
AAR:TRADES:2Y,2026-03-13,0.235,0.235,0.22,0.22,6100380.0,0.2248,378
AAR:TRADES:2Y,2026-03-16,0.215,0.215,0.2,0.205,9423197.0,0.2089,765
AAR:TRADES:2Y,2026-03-17,0.21,0.215,0.2,0.205,7821542.0,0.2077,365
AAR:TRADES:2Y,2026-03-18,0.215,0.22,0.205,0.215,6125223.0,0.2145,361
AAR:TRADES:2Y,2026-03-19,0.205,0.205,0.185,0.19,9621716.0,0.1937,435
AAR:TRADES:2Y,2026-03-20,0.18,0.19,0.175,0.175,12773527.0,0.1812,500
AAR:TRADES:2Y,2026-03-23,0.165,0.17,0.16,0.17,13730208.0,0.1654,846
AAR:TRADES:2Y,2026-03-24,0.17,0.175,0.16,0.165,20380875.0,0.1679,531
AAR:TRADES:2Y,2026-03-25,0.185,0.185,0.177,0.18,9515088.0,0.1803,361
AAR:TRADES:2Y,2026-03-26,0.185,0.185,0.172,0.175,2412140.0,0.1777,184
AAR:TRADES:2Y,2026-03-27,0.165,0.175,0.165,0.175,3284907.0,0.1687,491
AAR:TRADES:2Y,2026-03-30,0.18,0.18,0.17,0.17,3393088.0,0.1721,178
AAR:TRADES:2Y,2026-03-31,0.17,0.185,0.17,0.18,2197199.0,0.1765,173
AAR:TRADES:2Y,2026-04-01,0.19,0.195,0.185,0.19,5067450.0,0.1907,330
AAR:TRADES:2Y,2026-04-02,0.19,0.195,0.175,0.18,4507984.0,0.1848,291
AAR:TRADES:2Y,2026-04-07,0.185,0.185,0.175,0.18,763692.0,0.1807,136
AAR:TRADES:2Y,2026-04-08,0.195,0.21,0.195,0.205,10863673.0,0.2028,735
AAR:TRADES:2Y,2026-04-09,0.2,0.2,0.193,0.2,3696489.0,0.1974,368
AAR:TRADES:2Y,2026-04-10,0.2,0.2,0.195,0.2,1243806.0,0.1998,160
AAR:TRADES:2Y,2026-04-13,0.195,0.195,0.185,0.185,2173729.0,0.1909,142
AAR:TRADES:2Y,2026-04-14,0.195,0.195,0.185,0.19,3617835.0,0.1925,248
AAR:TRADES:2Y,2026-04-15,0.195,0.2,0.19,0.195,3798776.0,0.1947,363
AAR:TRADES:2Y,2026-04-16,0.2,0.2,0.19,0.19,3176963.0,0.1924,488
AAR:TRADES:2Y,2026-04-17,0.19,0.19,0.18,0.185,3799153.0,0.1853,755
AAR:TRADES:2Y,2026-04-20,0.18,0.195,0.175,0.19,9479166.0,0.1861,822
AAR:TRADES:2Y,2026-04-21,0.195,0.195,0.185,0.19,8298210.0,0.1901,627
AAR:TRADES:2Y,2026-04-22,0.18,0.195,0.18,0.19,7133825.0,0.1892,456
AAR:TRADES:2Y,2026-04-23,0.19,0.195,0.185,0.185,4354093.0,0.1905,357
AAR:TRADES:2Y,2026-04-24,0.18,0.185,0.17,0.17,9279135.0,0.1742,627
AAR:TRADES:2Y,2026-04-27,0.17,0.175,0.165,0.17,5427633.0,0.1696,440
AAR:TRADES:2Y,2026-04-28,0.17,0.175,0.165,0.165,4055716.0,0.1696,314
AAR:TRADES:2Y,2026-04-29,0.165,0.17,0.16,0.165,7358257.0,0.1644,325
AAR:TRADES:2Y,2026-04-30,0.165,0.165,0.155,0.165,6346585.0,0.1608,545
AAR:TRADES:2Y,2026-05-01,0.16,0.17,0.16,0.165,3624162.0,0.1652,672
AAR:TRADES:2Y,2026-05-04,0.16,0.165,0.16,0.16,1772182.0,0.1632,478
AAR:TRADES:2Y,2026-05-05,0.16,0.16,0.155,0.155,4240668.0,0.1567,462
AAR:TRADES:2Y,2026-05-06,0.155,0.16,0.15,0.155,13356542.0,0.1527,824
AAR:TRADES:2Y,2026-05-07,0.165,0.165,0.135,0.155,24254231.0,0.1526,1221
AAR:TRADES:2Y,2026-05-08,0.155,0.16,0.152,0.16,3640841.0,0.1563,337
AAR:TRADES:2Y,2026-05-11,0.155,0.16,0.155,0.155,4187697.0,0.1555,331
AAR:TRADES:2Y,2026-05-12,0.155,0.16,0.15,0.155,4236928.0,0.1544,392
AAR:TRADES:2Y,2026-05-13,0.155,0.165,0.15,0.165,4339930.0,0.1598,353
AAR:TRADES:2Y,2026-05-14,0.165,0.168,0.16,0.16,4509378.0,0.1638,304
AAR:TRADES:2Y,2026-05-15,0.175,0.175,0.155,0.16,7836254.0,0.1665,382
AAR:TRADES:2Y,2026-05-18,0.155,0.16,0.145,0.145,5200274.0,0.1508,382
AAR:TRADES:2Y,2026-05-19,0.15,0.15,0.14,0.145,3058306.0,0.1453,298
AAR:TRADES:2Y,2026-05-20,0.145,0.145,0.13,0.135,5915075.0,0.1373,459
AAR:TRADES:2Y,2026-05-21,0.14,0.145,0.135,0.14,6943145.0,0.14,438
AAR:TRADES:2Y,2026-05-22,0.14,0.142,0.135,0.135,6104738.0,0.1358,478
AAR:TRADES:2Y,2026-05-25,0.14,0.15,0.135,0.15,9198161.0,0.1416,677
AAR:TRADES:2Y,2026-05-26,0.145,0.155,0.142,0.145,10599977.0,0.1492,688
AAR:TRADES:2Y,2026-05-27,0.15,0.15,0.14,0.14,3889774.0,0.1436,313
AAR:TRADES:2Y,2026-05-28,0.14,0.14,0.13,0.135,8298102.0,0.1361,539
AAR:TRADES:2Y,2026-05-29,0.135,0.145,0.135,0.14,8161419.0,0.1408,720
AAR:TRADES:2Y,2026-06-01,0.14,0.145,0.135,0.14,6535392.0,0.1395,446
AAR:TRADES:2Y,2026-06-02,0.135,0.14,0.13,0.14,8983804.0,0.1352,600
AAR:TRADES:2Y,2026-06-03,0.14,0.14,0.13,0.135,5937606.0,0.1347,309
AAR:TRADES:2Y,2026-06-04,0.13,0.14,0.13,0.13,12230483.0,0.1357,538
AAR:TRADES:2Y,2026-06-05,0.135,0.14,0.125,0.13,9305906.0,0.1295,473
AAR:TRADES:2Y,2026-06-09,0.125,0.125,0.115,0.12,9260163.0,0.1192,473
AAR:TRADES:2Y,2026-06-10,0.115,0.12,0.11,0.115,11292064.0,0.1144,335
AAR:TRADES:2Y,2026-06-11,0.11,0.117,0.105,0.115,4029686.0,0.1133,284
AAR:TRADES:2Y,2026-06-12,0.125,0.13,0.117,0.12,7145500.0,0.1237,425
AAR:TRADES:2Y,2026-06-15,0.13,0.14,0.13,0.138,4859154.0,0.133,383
AAR:TRADES:2Y,2026-06-16,0.14,0.14,0.128,0.13,6429772.0,0.1339,507
AAR:TRADES:2Y,2026-06-17,0.135,0.135,0.125,0.13,5712427.0,0.1303,421
AAR:TRADES:2Y,2026-06-18,0.13,0.133,0.12,0.125,6723530.0,0.1267,652
AAR:TRADES:2Y,2026-06-19,0.125,0.125,0.12,0.122,567368.0,0.1236,112
AAR:TRADES:2Y,2026-06-22,0.12,0.13,0.12,0.125,3297432.0,0.1242,237
AAR:TRADES:2Y,2026-06-23,0.125,0.135,0.12,0.135,9378650.0,0.1273,567
AAR:TRADES:2Y,2026-06-24,0.13,0.13,0.12,0.125,9011633.0,0.1262,648
AAR:TRADES:2Y,2026-06-25,0.12,0.125,0.11,0.11,6472761.0,0.1168,545
AAR:TRADES:2Y,2026-06-26,0.12,0.12,0.115,0.117,4279917.0,0.1183,359
AAR:TRADES:2Y,2026-06-29,0.125,0.13,0.117,0.12,5671085.0,0.1234,220
AAR:TRADES:2Y,2026-06-30,0.12,0.12,0.11,0.115,9783996.0,0.1153,370
AAR:TRADES:2Y,2026-07-01,0.115,0.12,0.113,0.115,1845968.0,0.1157,274
AAR:TRADES:2Y,2026-07-02,0.115,0.12,0.11,0.12,13420501.0,0.1153,457
AAR:TRADES:2Y,2026-07-03,0.12,0.128,0.117,0.12,15226073.0,0.1235,458
AAR:TRADES:2Y,2026-07-06,0.125,0.13,0.12,0.125,23167548.0,0.1239,630
AAR:TRADES:2Y,2026-07-07,0.125,0.125,0.12,0.122,2036540.0,0.1227,222
AAR:TRADES:2Y,2026-07-08,0.12,0.12,0.113,0.115,2943728.0,0.1169,150
AAR:TRADES:2Y,2026-07-09,0.115,0.12,0.115,0.12,1196865.0,0.1164,203
AAR:TRADES:2Y,2026-07-10,0.12,0.125,0.12,0.12,1130291.0,0.1207,171
AAR:TRADES:2Y,2026-07-13,0.12,0.12,0.115,0.115,1072970.0,0.1169,85
AAR:TRADES:2Y,2026-07-14,0.115,0.12,0.11,0.117,6069886.0,0.1145,497
AAR:TRADES:2Y,2026-07-15,0.12,0.125,0.115,0.12,6045575.0,0.1197,366
AAR:TRADES:2Y,2026-07-16,0.12,0.125,0.115,0.117,3722872.0,0.1211,585
AAR:TRADES:2Y,2026-07-17,0.12,0.12,0.11,0.113,2974732.0,0.1172,97
AAR:TRADES:2Y,2026-07-20,0.115,0.125,0.115,0.12,2424579.0,0.1194,182
AAR:TRADES:2Y,2026-07-21,0.12,0.13,0.12,0.13,3668732.0,0.123,205
AAR:TRADES:2Y,2026-07-22,0.13,0.142,0.13,0.13,8870091.0,0.1356,369
AAR:TRADES:2Y,2026-07-23,0.135,0.14,0.13,0.135,7958810.0,0.1365,615
AAR:TRADES:2Y,2026-07-24,0.135,0.14,0.13,0.135,11458446.0,0.1349,554
AAR:TRADES:2Y,2026-07-27,0.135,0.14,0.135,0.138,5798483.0,0.1371,808
AAR:TRADES:2Y,2026-07-28,0.135,0.14,0.13,0.13,3946233.0,0.1336,713
AAR:TRADES:2Y,2026-07-29,0.135,0.135,0.125,0.125,2619253.0,0.1298,270
AAR:TRADES:2Y,2026-07-30,0.13,0.135,0.125,0.125,2483718.0,0.128,159
AAR:TRADES:2Y,2026-07-31,0.125,0.13,0.125,0.128,1391590.0,0.1289,145
AAR:TRADES:2Y,2026-08-03,0.13,0.133,0.125,0.13,2475761.0,0.1299,118
AAR:TRADES:2Y,2026-08-04,0.135,0.135,0.128,0.135,2942867.0,0.1306,217
AAR:TRADES:2Y,2026-08-05,0.135,0.14,0.13,0.138,2917595.0,0.1353,383
AAR:TRADES:2Y,2026-08-06,0.14,0.15,0.14,0.145,13016431.0,0.1445,856
AAR:TRADES:2Y,2026-08-07,0.15,0.152,0.145,0.145,4589527.0,0.1491,343
AAR:TRADES:2Y,2026-08-10,0.155,0.155,0.145,0.152,5205019.0,0.1512,263
AAR:TRADES:2Y,2026-08-11,0.155,0.16,0.15,0.158,4540875.0,0.156,282
AAR:TRADES:2Y,2026-08-12,0.15,0.16,0.15,0.155,1931205.0,0.1542,195
AAR:TRADES:2Y,2026-08-13,0.15,0.16,0.15,0.155,3153829.0,0.1548,139
AAR:TRADES:2Y,2026-08-14,0.155,0.158,0.15,0.152,2837635.0,0.1547,136
AAR:TRADES:2Y,2026-08-17,0.15,0.17,0.15,0.168,9018290.0,0.1627,670
AAR:TRADES:2Y,2026-08-18,0.17,0.19,0.17,0.175,7462921.0,0.1808,484
AAR:TRADES:2Y,2026-08-19,0.175,0.19,0.175,0.175,4939978.0,0.181,554
AAR:TRADES:2Y,2026-08-20,0.185,0.19,0.18,0.185,5946698.0,0.1847,510
AAR:TRADES:2Y,2026-08-21,0.19,0.195,0.18,0.19,6428917.0,0.1877,510
AAR:TRADES:2Y,2026-08-24,0.195,0.2,0.19,0.198,6680974.0,0.1951,594
AAR:BID_ASK:3M,2026-05-27,0.1431,0.15,0.14,0.1472,-1.0,-1.0,-1
AAR:BID_ASK:3M,2026-05-28,0.1345,0.145,0.13,0.1387,-1.0,-1.0,-1
AAR:BID_ASK:3M,2026-05-29,0.138,0.145,0.135,0.1428,-1.0,-1.0,-1
AAR:BID_ASK:3M,2026-06-01,0.1361,0.145,0.135,0.14,-1.0,-1.0,-1
AAR:BID_ASK:3M,2026-06-02,0.1313,0.14,0.13,0.1353,-1.0,-1.0,-1
AAR:BID_ASK:3M,2026-06-03,0.1316,0.14,0.13,0.1357,-1.0,-1.0,-1
AAR:BID_ASK:3M,2026-06-04,0.1339,0.145,0.13,0.1383,-1.0,-1.0,-1
AAR:BID_ASK:3M,2026-06-05,0.1294,0.14,0.12,0.1337,-1.0,-1.0,-1
AAR:BID_ASK:3M,2026-06-09,0.1183,0.125,0.11,0.1232,-1.0,-1.0,-1
AAR:BID_ASK:3M,2026-06-10,0.1135,0.12,0.11,0.1177,-1.0,-1.0,-1
AAR:BID_ASK:3M,2026-06-11,0.1121,0.12,0.105,0.1171,-1.0,-1.0,-1
AAR:BID_ASK:3M,2026-06-12,0.1203,0.13,0.115,0.1253,-1.0,-1.0,-1
AAR:BID_ASK:3M,2026-06-15,0.1318,0.14,0.13,0.1368,-1.0,-1.0,-1
AAR:BID_ASK:3M,2026-06-16,0.1306,0.145,0.125,0.1356,-1.0,-1.0,-1
AAR:BID_ASK:3M,2026-06-17,0.1296,0.135,0.125,0.1347,-1.0,-1.0,-1
AAR:BID_ASK:3M,2026-06-18,0.126,0.135,0.12,0.131,-1.0,-1.0,-1
AAR:BID_ASK:3M,2026-06-19,0.12,0.125,0.12,0.125,-1.0,-1.0,-1
AAR:BID_ASK:3M,2026-06-22,0.1243,0.135,0.115,0.1294,-1.0,-1.0,-1
AAR:BID_ASK:3M,2026-06-23,0.1246,0.135,0.12,0.1296,-1.0,-1.0,-1
AAR:BID_ASK:3M,2026-06-24,0.1248,0.135,0.12,0.1298,-1.0,-1.0,-1
AAR:BID_ASK:3M,2026-06-25,0.1165,0.125,0.11,0.1215,-1.0,-1.0,-1
AAR:BID_ASK:3M,2026-06-26,0.115,0.125,0.115,0.12,-1.0,-1.0,-1
AAR:BID_ASK:3M,2026-06-29,0.1206,0.13,0.115,0.1256,-1.0,-1.0,-1
AAR:BID_ASK:3M,2026-06-30,0.1148,0.125,0.11,0.1199,-1.0,-1.0,-1
AAR:BID_ASK:3M,2026-07-01,0.115,0.12,0.11,0.12,-1.0,-1.0,-1
AAR:BID_ASK:3M,2026-07-02,0.1141,0.12,0.11,0.1197,-1.0,-1.0,-1
AAR:BID_ASK:3M,2026-07-03,0.1215,0.13,0.115,0.1265,-1.0,-1.0,-1
AAR:BID_ASK:3M,2026-07-06,0.1215,0.13,0.12,0.128,-1.0,-1.0,-1
AAR:BID_ASK:3M,2026-07-07,0.12,0.125,0.12,0.125,-1.0,-1.0,-1
AAR:BID_ASK:3M,2026-07-08,0.1148,0.12,0.11,0.1198,-1.0,-1.0,-1
AAR:BID_ASK:3M,2026-07-09,0.1148,0.12,0.11,0.1199,-1.0,-1.0,-1
AAR:BID_ASK:3M,2026-07-10,0.12,0.125,0.12,0.125,-1.0,-1.0,-1
AAR:BID_ASK:3M,2026-07-13,0.115,0.12,0.115,0.12,-1.0,-1.0,-1
AAR:BID_ASK:3M,2026-07-14,0.1137,0.12,0.11,0.119,-1.0,-1.0,-1
AAR:BID_ASK:3M,2026-07-15,0.1181,0.125,0.115,0.1231,-1.0,-1.0,-1
AAR:BID_ASK:3M,2026-07-16,0.1194,0.125,0.115,0.1244,-1.0,-1.0,-1
AAR:BID_ASK:3M,2026-07-17,0.1149,0.12,0.11,0.1199,-1.0,-1.0,-1
AAR:BID_ASK:3M,2026-07-20,0.1174,0.125,0.11,0.1226,-1.0,-1.0,-1
AAR:BID_ASK:3M,2026-07-21,0.1205,0.13,0.12,0.1259,-1.0,-1.0,-1
AAR:BID_ASK:3M,2026-07-22,0.1348,0.145,0.125,0.1397,-1.0,-1.0,-1
AAR:BID_ASK:3M,2026-07-23,0.1346,0.14,0.13,0.1396,-1.0,-1.0,-1
AAR:BID_ASK:3M,2026-07-24,0.1331,0.14,0.13,0.1381,-1.0,-1.0,-1
AAR:BID_ASK:3M,2026-07-27,0.1353,0.145,0.13,0.1403,-1.0,-1.0,-1
AAR:BID_ASK:3M,2026-07-28,0.1316,0.14,0.13,0.1365,-1.0,-1.0,-1
AAR:BID_ASK:3M,2026-07-29,0.1259,0.135,0.125,0.1309,-1.0,-1.0,-1
AAR:BID_ASK:3M,2026-07-30,0.1252,0.135,0.125,0.1302,-1.0,-1.0,-1
AAR:BID_ASK:3M,2026-07-31,0.1252,0.135,0.125,0.1302,-1.0,-1.0,-1
AAR:BID_ASK:3M,2026-08-03,0.128,0.135,0.125,0.133,-1.0,-1.0,-1
AAR:BID_ASK:3M,2026-08-04,0.13,0.135,0.125,0.135,-1.0,-1.0,-1
AAR:BID_ASK:3M,2026-08-05,0.1348,0.14,0.13,0.1399,-1.0,-1.0,-1
AAR:BID_ASK:3M,2026-08-06,0.1432,0.15,0.14,0.1484,-1.0,-1.0,-1
AAR:BID_ASK:3M,2026-08-07,0.1451,0.155,0.145,0.1501,-1.0,-1.0,-1
AAR:BID_ASK:3M,2026-08-10,0.1495,0.155,0.145,0.1547,-1.0,-1.0,-1
AAR:BID_ASK:3M,2026-08-11,0.1548,0.16,0.15,0.1597,-1.0,-1.0,-1
AAR:BID_ASK:3M,2026-08-12,0.1539,0.16,0.15,0.1589,-1.0,-1.0,-1
AAR:BID_ASK:3M,2026-08-13,0.1549,0.16,0.15,0.1599,-1.0,-1.0,-1
AAR:BID_ASK:3M,2026-08-14,0.1501,0.16,0.15,0.1551,-1.0,-1.0,-1
AAR:BID_ASK:3M,2026-08-17,0.1592,0.175,0.15,0.1644,-1.0,-1.0,-1
AAR:BID_ASK:3M,2026-08-18,0.1767,0.19,0.17,0.1817,-1.0,-1.0,-1
AAR:BID_ASK:3M,2026-08-19,0.1776,0.19,0.17,0.1827,-1.0,-1.0,-1
AAR:BID_ASK:3M,2026-08-20,0.1829,0.19,0.18,0.1881,-1.0,-1.0,-1
AAR:BID_ASK:3M,2026-08-21,0.1868,0.195,0.18,0.1918,-1.0,-1.0,-1
AAR:BID_ASK:3M,2026-08-24,0.1937,0.2,0.19,0.1987,-1.0,-1.0,-1
AUC:TRADES:2Y,2024-08-26,0.365,0.38,0.365,0.365,245725.0,0.3759,40
AUC:TRADES:2Y,2024-08-27,0.365,0.375,0.365,0.375,146578.0,0.3702,42
AUC:TRADES:2Y,2024-08-28,0.375,0.395,0.375,0.39,853489.0,0.386,85
AUC:TRADES:2Y,2024-08-29,0.39,0.393,0.385,0.385,392589.0,0.3869,64
AUC:TRADES:2Y,2024-08-30,0.395,0.435,0.395,0.435,1194737.0,0.4142,114
AUC:TRADES:2Y,2024-09-02,0.425,0.425,0.39,0.395,1379195.0,0.4021,103
AUC:TRADES:2Y,2024-09-03,0.4,0.41,0.393,0.4,710875.0,0.398,80
AUC:TRADES:2Y,2024-09-04,0.4,0.41,0.385,0.39,485700.0,0.391,69
AUC:TRADES:2Y,2024-09-05,0.39,0.4,0.385,0.4,162926.0,0.3926,36
AUC:TRADES:2Y,2024-09-06,0.395,0.398,0.385,0.395,449412.0,0.392,91
AUC:TRADES:2Y,2024-09-09,0.39,0.395,0.385,0.39,526452.0,0.3897,48
AUC:TRADES:2Y,2024-09-10,0.4,0.4,0.39,0.39,380972.0,0.3919,34
AUC:TRADES:2Y,2024-09-11,0.395,0.41,0.395,0.395,644306.0,0.401,68
AUC:TRADES:2Y,2024-09-12,0.395,0.405,0.39,0.4,206465.0,0.3937,35
AUC:TRADES:2Y,2024-09-13,0.42,0.425,0.4,0.41,467890.0,0.4137,100
AUC:TRADES:2Y,2024-09-16,0.415,0.43,0.415,0.425,625843.0,0.4205,117
AUC:TRADES:2Y,2024-09-17,0.425,0.47,0.425,0.46,1201749.0,0.4473,128
AUC:TRADES:2Y,2024-09-18,0.46,0.47,0.435,0.47,417602.0,0.4449,156
AUC:TRADES:2Y,2024-09-19,0.45,0.465,0.425,0.43,378050.0,0.4483,148
AUC:TRADES:2Y,2024-09-20,0.445,0.445,0.425,0.43,145506.0,0.4334,72
AUC:TRADES:2Y,2024-09-23,0.44,0.455,0.44,0.45,378079.0,0.4468,102
AUC:TRADES:2Y,2024-09-24,0.445,0.445,0.435,0.438,324784.0,0.4386,49
AUC:TRADES:2Y,2024-09-25,0.44,0.505,0.44,0.485,2318338.0,0.4872,341
AUC:TRADES:2Y,2024-09-26,0.5,0.52,0.477,0.49,1187593.0,0.5,216
AUC:TRADES:2Y,2024-09-27,0.495,0.52,0.495,0.5,908919.0,0.5081,117
AUC:TRADES:2Y,2024-09-30,0.495,0.505,0.475,0.475,418781.0,0.4926,108
AUC:TRADES:2Y,2024-10-01,0.475,0.477,0.44,0.45,815321.0,0.4554,195
AUC:TRADES:2Y,2024-10-02,0.45,0.455,0.44,0.44,368861.0,0.448,99
AUC:TRADES:2Y,2024-10-03,0.45,0.463,0.445,0.453,308403.0,0.452,193
AUC:TRADES:2Y,2024-10-04,0.46,0.47,0.45,0.47,272800.0,0.457,87
AUC:TRADES:2Y,2024-10-07,0.475,0.477,0.46,0.46,225067.0,0.4683,100
AUC:TRADES:2Y,2024-10-08,0.47,0.47,0.46,0.465,581014.0,0.466,99
AUC:TRADES:2Y,2024-10-09,0.465,0.495,0.465,0.495,763559.0,0.4723,134
AUC:TRADES:2Y,2024-10-10,0.485,0.525,0.485,0.505,943448.0,0.5087,194
AUC:TRADES:2Y,2024-10-11,0.505,0.525,0.5,0.515,671175.0,0.512,121
AUC:TRADES:2Y,2024-10-14,0.525,0.527,0.5,0.51,539895.0,0.5107,103
AUC:TRADES:2Y,2024-10-15,0.505,0.52,0.505,0.515,263834.0,0.5094,84
AUC:TRADES:2Y,2024-10-16,0.52,0.52,0.505,0.51,590452.0,0.5099,67
AUC:TRADES:2Y,2024-10-17,0.51,0.55,0.5,0.54,1220770.0,0.524,205
AUC:TRADES:2Y,2024-10-18,0.54,0.555,0.532,0.55,832632.0,0.5434,144
AUC:TRADES:2Y,2024-10-21,0.57,0.6,0.555,0.565,1213163.0,0.5757,206
AUC:TRADES:2Y,2024-10-22,0.58,0.58,0.56,0.58,421753.0,0.5698,97
AUC:TRADES:2Y,2024-10-23,0.58,0.6,0.575,0.59,838392.0,0.5912,166
AUC:TRADES:2Y,2024-10-24,0.58,0.595,0.575,0.59,959678.0,0.5844,171
AUC:TRADES:2Y,2024-10-25,0.595,0.625,0.59,0.62,1272088.0,0.6006,246
AUC:TRADES:2Y,2024-10-28,0.62,0.62,0.57,0.58,1777827.0,0.587,266
AUC:TRADES:2Y,2024-10-29,0.58,0.59,0.57,0.585,568946.0,0.5782,183
AUC:TRADES:2Y,2024-10-30,0.59,0.6,0.57,0.57,760856.0,0.5864,122
AUC:TRADES:2Y,2024-10-31,0.57,0.575,0.555,0.555,865018.0,0.5635,138
AUC:TRADES:2Y,2024-11-01,0.56,0.575,0.555,0.57,174659.0,0.563,63
AUC:TRADES:2Y,2024-11-04,0.55,0.56,0.535,0.56,573405.0,0.5443,99
AUC:TRADES:2Y,2024-11-05,0.55,0.555,0.54,0.545,462438.0,0.5454,72
AUC:TRADES:2Y,2024-11-06,0.54,0.54,0.505,0.51,583366.0,0.5209,128
AUC:TRADES:2Y,2024-11-07,0.49,0.5,0.48,0.48,804233.0,0.4885,160
AUC:TRADES:2Y,2024-11-08,0.5,0.515,0.49,0.5,522422.0,0.4993,108
AUC:TRADES:2Y,2024-11-11,0.49,0.49,0.465,0.465,665457.0,0.4794,120
AUC:TRADES:2Y,2024-11-12,0.45,0.46,0.425,0.445,701110.0,0.442,158
AUC:TRADES:2Y,2024-11-13,0.44,0.46,0.44,0.45,284479.0,0.4491,105
AUC:TRADES:2Y,2024-11-14,0.46,0.46,0.425,0.425,504664.0,0.4371,97
AUC:TRADES:2Y,2024-11-15,0.425,0.445,0.425,0.43,629960.0,0.4355,123
AUC:TRADES:2Y,2024-11-18,0.44,0.465,0.43,0.43,542947.0,0.4577,88
AUC:TRADES:2Y,2024-11-19,0.45,0.453,0.43,0.45,376421.0,0.4411,128
AUC:TRADES:2Y,2024-11-20,0.45,0.46,0.435,0.44,131031.0,0.4446,45
AUC:TRADES:2Y,2024-11-21,0.445,0.45,0.43,0.445,214327.0,0.441,55
AUC:TRADES:2Y,2024-11-22,0.455,0.455,0.435,0.45,88503.0,0.4444,39
AUC:TRADES:2Y,2024-11-25,0.45,0.46,0.43,0.43,202567.0,0.4441,63
AUC:TRADES:2Y,2024-11-26,0.415,0.43,0.41,0.43,358920.0,0.4132,77
AUC:TRADES:2Y,2024-11-27,0.41,0.43,0.405,0.43,301474.0,0.4154,51
AUC:TRADES:2Y,2024-11-28,0.43,0.43,0.415,0.42,159395.0,0.4201,50
AUC:TRADES:2Y,2024-11-29,0.415,0.42,0.407,0.42,455804.0,0.414,66
AUC:TRADES:2Y,2024-12-02,0.41,0.42,0.41,0.41,64596.0,0.4123,29
AUC:TRADES:2Y,2024-12-03,0.42,0.42,0.41,0.41,58309.0,0.4186,15
AUC:TRADES:2Y,2024-12-04,0.415,0.42,0.405,0.405,272398.0,0.4132,40
AUC:TRADES:2Y,2024-12-05,0.415,0.422,0.405,0.405,427976.0,0.416,89
AUC:TRADES:2Y,2024-12-06,0.41,0.415,0.41,0.41,170331.0,0.4124,27
AUC:TRADES:2Y,2024-12-09,0.41,0.41,0.395,0.4,436180.0,0.4021,57
AUC:TRADES:2Y,2024-12-10,0.41,0.43,0.4,0.43,247678.0,0.4141,64
AUC:TRADES:2Y,2024-12-11,0.435,0.47,0.435,0.47,414984.0,0.4492,95
AUC:TRADES:2Y,2024-12-12,0.485,0.515,0.485,0.49,739772.0,0.4975,150
AUC:TRADES:2Y,2024-12-13,0.48,0.48,0.455,0.47,289535.0,0.4689,54
AUC:TRADES:2Y,2024-12-16,0.45,0.455,0.44,0.445,339935.0,0.4469,86
AUC:TRADES:2Y,2024-12-17,0.44,0.465,0.44,0.465,216648.0,0.448,106
AUC:TRADES:2Y,2024-12-18,0.455,0.455,0.43,0.445,216707.0,0.4415,65
AUC:TRADES:2Y,2024-12-19,0.43,0.44,0.41,0.41,526607.0,0.4203,57
AUC:TRADES:2Y,2024-12-20,0.42,0.425,0.415,0.425,210419.0,0.4196,45
AUC:TRADES:2Y,2024-12-23,0.425,0.425,0.41,0.41,28177.0,0.4199,13
AUC:TRADES:2Y,2024-12-24,0.42,0.435,0.41,0.41,159143.0,0.4263,34
AUC:TRADES:2Y,2024-12-27,0.42,0.43,0.42,0.42,46197.0,0.4248,56
AUC:TRADES:2Y,2024-12-30,0.41,0.42,0.405,0.405,70339.0,0.4103,68
AUC:TRADES:2Y,2024-12-31,0.405,0.43,0.395,0.42,1300670.0,0.402,126
AUC:TRADES:2Y,2025-01-02,0.42,0.43,0.417,0.42,184127.0,0.4217,85
AUC:TRADES:2Y,2025-01-03,0.42,0.45,0.42,0.435,261421.0,0.4326,86
AUC:TRADES:2Y,2025-01-06,0.43,0.435,0.42,0.425,180601.0,0.4241,67
AUC:TRADES:2Y,2025-01-07,0.425,0.44,0.425,0.43,63429.0,0.4309,56
AUC:TRADES:2Y,2025-01-08,0.42,0.45,0.42,0.445,165324.0,0.4343,43
AUC:TRADES:2Y,2025-01-09,0.445,0.445,0.42,0.435,184920.0,0.4365,31
AUC:TRADES:2Y,2025-01-10,0.445,0.445,0.415,0.425,159205.0,0.4232,61
AUC:TRADES:2Y,2025-01-13,0.43,0.435,0.42,0.43,85805.0,0.4236,36
AUC:TRADES:2Y,2025-01-14,0.42,0.42,0.4,0.4,649025.0,0.4058,135
AUC:TRADES:2Y,2025-01-15,0.405,0.435,0.405,0.435,85759.0,0.4187,55
AUC:TRADES:2Y,2025-01-16,0.435,0.435,0.425,0.425,56410.0,0.4251,45
AUC:TRADES:2Y,2025-01-17,0.425,0.44,0.41,0.425,120492.0,0.4272,70
AUC:TRADES:2Y,2025-01-20,0.42,0.43,0.415,0.415,424882.0,0.4208,246
AUC:TRADES:2Y,2025-01-21,0.415,0.42,0.4,0.42,730744.0,0.4048,217
AUC:TRADES:2Y,2025-01-22,0.435,0.45,0.425,0.45,388407.0,0.4394,399
AUC:TRADES:2Y,2025-01-23,0.45,0.45,0.425,0.43,262810.0,0.4407,91
AUC:TRADES:2Y,2025-01-24,0.425,0.44,0.41,0.44,234559.0,0.4236,94
AUC:TRADES:2Y,2025-01-28,0.44,0.45,0.43,0.44,464968.0,0.4389,150
AUC:TRADES:2Y,2025-01-29,0.45,0.45,0.43,0.44,229693.0,0.442,98
AUC:TRADES:2Y,2025-01-30,0.42,0.448,0.42,0.445,206269.0,0.4409,199
AUC:TRADES:2Y,2025-01-31,0.445,0.485,0.44,0.47,1098660.0,0.461,184
AUC:TRADES:2Y,2025-02-03,0.475,0.48,0.46,0.465,493957.0,0.4691,245
AUC:TRADES:2Y,2025-02-04,0.465,0.495,0.465,0.495,348767.0,0.4826,137
AUC:TRADES:2Y,2025-02-05,0.495,0.495,0.465,0.47,702430.0,0.481,214
AUC:TRADES:2Y,2025-02-06,0.47,0.48,0.46,0.48,301049.0,0.47,95
AUC:TRADES:2Y,2025-02-07,0.48,0.485,0.47,0.475,599948.0,0.4779,112
AUC:TRADES:2Y,2025-02-10,0.47,0.47,0.455,0.47,175999.0,0.4613,137
AUC:TRADES:2Y,2025-02-11,0.46,0.465,0.445,0.46,377264.0,0.4519,141
AUC:TRADES:2Y,2025-02-12,0.46,0.475,0.455,0.475,211910.0,0.4655,198
AUC:TRADES:2Y,2025-02-13,0.475,0.475,0.465,0.475,70884.0,0.4742,65
AUC:TRADES:2Y,2025-02-14,0.465,0.475,0.46,0.46,134763.0,0.468,52
AUC:TRADES:2Y,2025-02-17,0.445,0.465,0.44,0.465,304591.0,0.4513,86
AUC:TRADES:2Y,2025-02-18,0.465,0.475,0.463,0.47,277588.0,0.4665,59
AUC:TRADES:2Y,2025-02-19,0.47,0.47,0.46,0.465,217164.0,0.4663,79
AUC:TRADES:2Y,2025-02-20,0.47,0.47,0.465,0.47,201474.0,0.4662,35
AUC:TRADES:2Y,2025-02-21,0.465,0.475,0.465,0.47,216129.0,0.4692,78
AUC:TRADES:2Y,2025-02-24,0.47,0.47,0.45,0.45,292867.0,0.4644,77
AUC:TRADES:2Y,2025-02-25,0.455,0.46,0.45,0.455,72526.0,0.4528,45
AUC:TRADES:2Y,2025-02-26,0.445,0.46,0.445,0.46,1040628.0,0.4483,81
AUC:TRADES:2Y,2025-02-27,0.46,0.475,0.45,0.45,694360.0,0.4652,69
AUC:TRADES:2Y,2025-02-28,0.44,0.465,0.44,0.45,186393.0,0.4508,73
AUC:TRADES:2Y,2025-03-03,0.46,0.47,0.45,0.465,302339.0,0.4649,70
AUC:TRADES:2Y,2025-03-04,0.465,0.468,0.45,0.46,114178.0,0.4641,51
AUC:TRADES:2Y,2025-03-05,0.46,0.47,0.46,0.47,276838.0,0.4629,28
AUC:TRADES:2Y,2025-03-06,0.47,0.5,0.46,0.485,1053899.0,0.4905,107
AUC:TRADES:2Y,2025-03-07,0.485,0.5,0.485,0.5,1066351.0,0.4961,73
AUC:TRADES:2Y,2025-03-10,0.49,0.495,0.49,0.49,198011.0,0.4918,70
AUC:TRADES:2Y,2025-03-11,0.495,0.495,0.48,0.48,321922.0,0.4869,101
AUC:TRADES:2Y,2025-03-12,0.49,0.495,0.485,0.485,215001.0,0.4896,57
AUC:TRADES:2Y,2025-03-13,0.485,0.535,0.485,0.53,1211097.0,0.5109,140
AUC:TRADES:2Y,2025-03-14,0.54,0.545,0.52,0.53,583717.0,0.531,219
AUC:TRADES:2Y,2025-03-17,0.535,0.55,0.525,0.55,641442.0,0.5386,112
AUC:TRADES:2Y,2025-03-18,0.55,0.55,0.542,0.545,802145.0,0.5467,212
AUC:TRADES:2Y,2025-03-19,0.55,0.55,0.537,0.55,566212.0,0.5426,164
AUC:TRADES:2Y,2025-03-20,0.55,0.55,0.535,0.545,330425.0,0.5439,78
AUC:TRADES:2Y,2025-03-21,0.535,0.542,0.53,0.53,381238.0,0.5355,128
AUC:TRADES:2Y,2025-03-24,0.53,0.53,0.515,0.525,215990.0,0.5249,104
AUC:TRADES:2Y,2025-03-25,0.53,0.535,0.52,0.53,598769.0,0.5263,77
AUC:TRADES:2Y,2025-03-26,0.53,0.53,0.515,0.53,174209.0,0.523,104
AUC:TRADES:2Y,2025-03-27,0.53,0.55,0.53,0.55,231385.0,0.5447,64
AUC:TRADES:2Y,2025-03-28,0.55,0.56,0.53,0.56,1133774.0,0.5475,150
AUC:TRADES:2Y,2025-03-31,0.54,0.565,0.53,0.55,707615.0,0.5462,124
AUC:TRADES:2Y,2025-04-01,0.55,0.565,0.54,0.565,404194.0,0.5519,78
AUC:TRADES:2Y,2025-04-02,0.55,0.56,0.53,0.54,798053.0,0.5428,193
AUC:TRADES:2Y,2025-04-03,0.53,0.545,0.525,0.53,750297.0,0.533,190
AUC:TRADES:2Y,2025-04-04,0.53,0.55,0.52,0.54,460117.0,0.53,158
AUC:TRADES:2Y,2025-04-07,0.5,0.5,0.445,0.445,1267472.0,0.4789,249
AUC:TRADES:2Y,2025-04-08,0.47,0.5,0.465,0.5,910706.0,0.4925,242
AUC:TRADES:2Y,2025-04-09,0.49,0.5,0.48,0.49,981651.0,0.4892,162
AUC:TRADES:2Y,2025-04-10,0.515,0.525,0.5,0.52,2127235.0,0.514,199
AUC:TRADES:2Y,2025-04-11,0.515,0.545,0.51,0.54,689853.0,0.53,171
AUC:TRADES:2Y,2025-04-14,0.54,0.55,0.535,0.545,806823.0,0.5421,114
AUC:TRADES:2Y,2025-04-15,0.54,0.555,0.535,0.55,655181.0,0.5473,87
AUC:TRADES:2Y,2025-04-16,0.55,0.56,0.545,0.55,466015.0,0.5507,70
AUC:TRADES:2Y,2025-04-17,0.56,0.57,0.545,0.55,1228310.0,0.5626,130
AUC:TRADES:2Y,2025-04-22,0.555,0.58,0.555,0.56,1539700.0,0.5669,179
AUC:TRADES:2Y,2025-04-23,0.53,0.53,0.5,0.52,1193242.0,0.5161,195
AUC:TRADES:2Y,2025-04-24,0.505,0.53,0.502,0.525,718185.0,0.5113,198
AUC:TRADES:2Y,2025-04-28,0.505,0.52,0.5,0.5,1797475.0,0.5054,162
AUC:TRADES:2Y,2025-04-29,0.505,0.53,0.505,0.53,366975.0,0.5176,75
AUC:TRADES:2Y,2025-04-30,0.51,0.525,0.505,0.515,447779.0,0.5122,69
AUC:TRADES:2Y,2025-05-01,0.515,0.53,0.51,0.53,286405.0,0.5149,47
AUC:TRADES:2Y,2025-05-02,0.52,0.53,0.52,0.525,318960.0,0.5224,49
AUC:TRADES:2Y,2025-05-05,0.52,0.56,0.52,0.56,509212.0,0.5451,78
AUC:TRADES:2Y,2025-05-06,0.56,0.585,0.555,0.56,2319559.0,0.5748,135
AUC:TRADES:2Y,2025-05-07,0.58,0.61,0.58,0.61,1577086.0,0.5936,259
AUC:TRADES:2Y,2025-05-08,0.61,0.64,0.603,0.635,1553976.0,0.6239,260
AUC:TRADES:2Y,2025-05-09,0.63,0.65,0.615,0.645,768617.0,0.635,192
AUC:TRADES:2Y,2025-05-12,0.65,0.68,0.625,0.68,933296.0,0.651,175
AUC:TRADES:2Y,2025-05-13,0.65,0.655,0.6,0.63,1526899.0,0.6259,256
AUC:TRADES:2Y,2025-05-14,0.65,0.675,0.625,0.665,1147669.0,0.6493,194
AUC:TRADES:2Y,2025-05-15,0.655,0.655,0.6,0.6,341490.0,0.6167,101
AUC:TRADES:2Y,2025-05-16,0.615,0.63,0.6,0.61,379567.0,0.6153,68
AUC:TRADES:2Y,2025-05-19,0.63,0.63,0.585,0.6,201773.0,0.6005,57
AUC:TRADES:2Y,2025-05-20,0.61,0.625,0.59,0.59,319155.0,0.6067,100
AUC:TRADES:2Y,2025-05-21,0.595,0.62,0.595,0.605,383962.0,0.6105,89
AUC:TRADES:2Y,2025-05-22,0.605,0.63,0.6,0.63,356223.0,0.622,111
AUC:TRADES:2Y,2025-05-23,0.63,0.63,0.61,0.61,288502.0,0.6201,49
AUC:TRADES:2Y,2025-05-26,0.625,0.625,0.61,0.62,103861.0,0.6179,46
AUC:TRADES:2Y,2025-05-27,0.62,0.625,0.61,0.62,199135.0,0.6226,49
AUC:TRADES:2Y,2025-05-28,0.62,0.63,0.615,0.62,412632.0,0.6239,84
AUC:TRADES:2Y,2025-05-29,0.62,0.66,0.61,0.645,512298.0,0.6324,155
AUC:TRADES:2Y,2025-05-30,0.66,0.68,0.64,0.65,433566.0,0.6593,110
AUC:TRADES:2Y,2025-06-02,0.68,0.69,0.66,0.69,871861.0,0.6792,177
AUC:TRADES:2Y,2025-06-03,0.71,0.735,0.69,0.695,907328.0,0.7138,265
AUC:TRADES:2Y,2025-06-04,0.695,0.7,0.67,0.685,380280.0,0.683,106
AUC:TRADES:2Y,2025-06-05,0.68,0.685,0.66,0.68,470847.0,0.6725,97
AUC:TRADES:2Y,2025-06-06,0.68,0.68,0.64,0.65,352585.0,0.6591,117
AUC:TRADES:2Y,2025-06-10,0.67,0.705,0.67,0.705,907067.0,0.6848,190
AUC:TRADES:2Y,2025-06-11,0.705,0.73,0.68,0.725,542421.0,0.7049,128
AUC:TRADES:2Y,2025-06-12,0.72,0.77,0.715,0.755,916393.0,0.7485,152
AUC:TRADES:2Y,2025-06-13,0.775,0.78,0.74,0.74,709818.0,0.7658,166
AUC:TRADES:2Y,2025-06-16,0.75,0.765,0.695,0.71,557366.0,0.728,158
AUC:TRADES:2Y,2025-06-17,0.7,0.72,0.7,0.71,135760.0,0.7061,44
AUC:TRADES:2Y,2025-06-18,0.71,0.71,0.685,0.7,308498.0,0.6924,70
AUC:TRADES:2Y,2025-06-19,0.695,0.71,0.68,0.71,285505.0,0.6928,120
AUC:TRADES:2Y,2025-06-20,0.72,0.74,0.71,0.71,232067.0,0.7271,93
AUC:TRADES:2Y,2025-06-23,0.745,0.765,0.71,0.725,541951.0,0.7364,187
AUC:TRADES:2Y,2025-06-24,0.74,0.765,0.73,0.76,699697.0,0.7529,229
AUC:TRADES:2Y,2025-06-25,0.76,0.76,0.735,0.745,256522.0,0.7529,98
AUC:TRADES:2Y,2025-06-26,0.75,0.775,0.74,0.755,773813.0,0.7544,257
AUC:TRADES:2Y,2025-06-27,0.75,0.82,0.74,0.765,1433953.0,0.7791,440
AUC:TRADES:2Y,2025-06-30,0.765,0.78,0.64,0.64,2927483.0,0.6961,615
AUC:TRADES:2Y,2025-07-01,0.655,0.72,0.64,0.715,1915038.0,0.6822,856
AUC:TRADES:2Y,2025-07-02,0.73,0.743,0.71,0.73,1017103.0,0.7219,542
AUC:TRADES:2Y,2025-07-03,0.73,0.733,0.675,0.68,2109699.0,0.6903,914
AUC:TRADES:2Y,2025-07-04,0.67,0.695,0.625,0.635,1645427.0,0.6462,633
AUC:TRADES:2Y,2025-07-07,0.64,0.64,0.595,0.615,1096471.0,0.6089,474
AUC:TRADES:2Y,2025-07-10,0.585,0.605,0.57,0.58,2621939.0,0.5827,461
AUC:TRADES:2Y,2025-07-11,0.58,0.605,0.58,0.59,755778.0,0.5932,407
AUC:TRADES:2Y,2025-07-14,0.605,0.625,0.59,0.595,1090682.0,0.6023,183
AUC:TRADES:2Y,2025-07-15,0.595,0.595,0.58,0.585,1226408.0,0.5872,140
AUC:TRADES:2Y,2025-07-16,0.585,0.585,0.575,0.58,694409.0,0.5809,179
AUC:TRADES:2Y,2025-07-17,0.58,0.595,0.575,0.575,684063.0,0.5807,242
AUC:TRADES:2Y,2025-07-18,0.58,0.58,0.57,0.575,764381.0,0.5753,173
AUC:TRADES:2Y,2025-07-21,0.59,0.59,0.568,0.568,629710.0,0.5715,102
AUC:TRADES:2Y,2025-07-22,0.57,0.595,0.57,0.595,1204051.0,0.5889,165
AUC:TRADES:2Y,2025-07-23,0.6,0.61,0.595,0.61,425571.0,0.6018,110
AUC:TRADES:2Y,2025-07-24,0.6,0.605,0.578,0.595,579482.0,0.5884,206
AUC:TRADES:2Y,2025-07-25,0.595,0.595,0.57,0.575,590358.0,0.5774,176
AUC:TRADES:2Y,2025-07-28,0.57,0.575,0.56,0.56,672605.0,0.5687,102
AUC:TRADES:2Y,2025-07-29,0.57,0.57,0.555,0.555,459317.0,0.5607,102
AUC:TRADES:2Y,2025-07-30,0.55,0.56,0.535,0.56,917582.0,0.5483,160
AUC:TRADES:2Y,2025-07-31,0.545,0.55,0.525,0.545,982584.0,0.5391,160
AUC:TRADES:2Y,2025-08-01,0.54,0.555,0.53,0.535,728047.0,0.5392,130
AUC:TRADES:2Y,2025-08-04,0.54,0.565,0.54,0.55,1030517.0,0.5533,427
AUC:TRADES:2Y,2025-08-05,0.565,0.588,0.56,0.58,1045000.0,0.5774,411
AUC:TRADES:2Y,2025-08-06,0.58,0.595,0.575,0.59,1046987.0,0.5851,430
AUC:TRADES:2Y,2025-08-07,0.59,0.61,0.58,0.61,935342.0,0.5932,343
AUC:TRADES:2Y,2025-08-08,0.61,0.62,0.6,0.605,422210.0,0.6096,128
AUC:TRADES:2Y,2025-08-11,0.61,0.62,0.6,0.605,241698.0,0.6095,135
AUC:TRADES:2Y,2025-08-12,0.61,0.635,0.61,0.61,258823.0,0.6218,145
AUC:TRADES:2Y,2025-08-13,0.62,0.62,0.605,0.615,414364.0,0.6131,226
AUC:TRADES:2Y,2025-08-14,0.62,0.625,0.605,0.605,255819.0,0.6142,284
AUC:TRADES:2Y,2025-08-15,0.61,0.625,0.605,0.615,703468.0,0.6155,147
AUC:TRADES:2Y,2025-08-18,0.62,0.635,0.608,0.635,996161.0,0.6167,923
AUC:TRADES:2Y,2025-08-19,0.62,0.625,0.605,0.605,110194.0,0.6118,89
AUC:TRADES:2Y,2025-08-21,0.64,0.755,0.63,0.73,3750645.0,0.6937,593
AUC:TRADES:2Y,2025-08-22,0.73,0.743,0.685,0.7,1365382.0,0.7155,378
AUC:TRADES:2Y,2025-08-25,0.72,0.755,0.71,0.735,842949.0,0.7342,365
AUC:TRADES:2Y,2025-08-26,0.745,0.78,0.735,0.75,1471039.0,0.7565,578
AUC:TRADES:2Y,2025-08-27,0.79,0.89,0.79,0.875,3407917.0,0.846,1161
AUC:TRADES:2Y,2025-08-28,0.875,0.875,0.805,0.81,1828954.0,0.8357,547
AUC:TRADES:2Y,2025-08-29,0.845,0.86,0.81,0.85,1353213.0,0.8419,349
AUC:TRADES:2Y,2025-09-01,0.88,0.91,0.87,0.91,1062006.0,0.89,353
AUC:TRADES:2Y,2025-09-02,0.92,0.97,0.915,0.925,1180347.0,0.9334,437
AUC:TRADES:2Y,2025-09-03,0.92,0.97,0.9,0.91,1426761.0,0.9203,452
AUC:TRADES:2Y,2025-09-04,0.895,0.895,0.815,0.83,1407273.0,0.8525,340
AUC:TRADES:2Y,2025-09-05,0.835,0.865,0.82,0.865,330453.0,0.8433,366
AUC:TRADES:2Y,2025-09-08,0.88,0.885,0.855,0.88,487973.0,0.8685,405
AUC:TRADES:2Y,2025-09-09,0.885,0.902,0.865,0.89,489682.0,0.8906,300
AUC:TRADES:2Y,2025-09-10,0.89,0.9,0.855,0.9,408973.0,0.8703,186
AUC:TRADES:2Y,2025-09-11,0.895,0.94,0.89,0.93,957301.0,0.9061,157
AUC:TRADES:2Y,2025-09-12,0.95,0.96,0.92,0.94,1047391.0,0.9407,348
AUC:TRADES:2Y,2025-09-15,0.94,0.945,0.87,0.935,1050889.0,0.9117,399
AUC:TRADES:2Y,2025-09-16,0.94,0.97,0.93,0.965,1183996.0,0.9526,245
AUC:TRADES:2Y,2025-09-17,0.955,0.96,0.93,0.94,376349.0,0.9458,200
AUC:TRADES:2Y,2025-09-18,0.93,0.95,0.92,0.94,253015.0,0.9342,123
AUC:TRADES:2Y,2025-09-19,0.945,0.955,0.925,0.93,904264.0,0.9359,245
AUC:TRADES:2Y,2025-09-22,0.945,0.955,0.925,0.93,1447441.0,0.9413,299
AUC:TRADES:2Y,2025-09-23,0.955,0.975,0.93,0.975,1003695.0,0.9556,495
AUC:TRADES:2Y,2025-09-24,0.965,0.98,0.93,0.94,1225160.0,0.9507,777
AUC:TRADES:2Y,2025-09-25,0.94,1.0,0.932,0.985,1686226.0,0.9676,993
AUC:TRADES:2Y,2025-09-26,0.96,1.04,0.95,1.025,1818723.0,1.0126,812
AUC:TRADES:2Y,2025-09-29,1.01,1.04,1.002,1.04,1290866.0,1.0247,361
AUC:TRADES:2Y,2025-09-30,1.025,1.03,1.0,1.03,448620.0,1.0158,323
AUC:TRADES:2Y,2025-10-01,1.015,1.015,0.99,0.99,1103543.0,1.0032,1198
AUC:TRADES:2Y,2025-10-02,0.99,1.025,0.99,1.01,676861.0,1.0088,305
AUC:TRADES:2Y,2025-10-03,1.0,1.0,0.945,0.96,897804.0,0.9662,323
AUC:TRADES:2Y,2025-10-06,0.975,1.01,0.93,0.985,1281140.0,0.9582,1772
AUC:TRADES:2Y,2025-10-07,0.99,0.99,0.925,0.93,1079517.0,0.9498,331
AUC:TRADES:2Y,2025-10-08,0.93,0.96,0.905,0.96,687989.0,0.9291,411
AUC:TRADES:2Y,2025-10-09,0.96,0.96,0.93,0.95,323197.0,0.9415,170
AUC:TRADES:2Y,2025-10-10,0.935,0.935,0.89,0.895,735311.0,0.9103,377
AUC:TRADES:2Y,2025-10-13,0.89,0.925,0.87,0.92,1253018.0,0.9124,290
AUC:TRADES:2Y,2025-10-14,0.92,0.96,0.915,0.935,666420.0,0.9438,214
AUC:TRADES:2Y,2025-10-15,0.95,0.965,0.935,0.96,520976.0,0.9576,176
AUC:TRADES:2Y,2025-10-16,0.96,0.99,0.95,0.96,872729.0,0.9752,237
AUC:TRADES:2Y,2025-10-17,0.93,0.935,0.89,0.925,1014230.0,0.9056,327
AUC:TRADES:2Y,2025-10-20,0.92,0.92,0.87,0.885,799987.0,0.8949,259
AUC:TRADES:2Y,2025-10-21,0.915,0.935,0.89,0.9,491749.0,0.9135,348
AUC:TRADES:2Y,2025-10-22,0.865,0.865,0.8,0.84,1057476.0,0.831,356
AUC:TRADES:2Y,2025-10-23,0.85,0.865,0.835,0.845,961732.0,0.8475,408
AUC:TRADES:2Y,2025-10-24,0.86,0.87,0.835,0.84,501193.0,0.8495,302
AUC:TRADES:2Y,2025-10-27,0.84,0.84,0.79,0.79,546231.0,0.807,132
AUC:TRADES:2Y,2025-10-28,0.77,0.775,0.735,0.735,1210120.0,0.7541,356
AUC:TRADES:2Y,2025-10-29,0.735,0.77,0.73,0.75,1128395.0,0.7514,312
AUC:TRADES:2Y,2025-10-30,0.755,0.78,0.745,0.755,1464266.0,0.7552,189
AUC:TRADES:2Y,2025-10-31,0.79,0.81,0.78,0.78,737714.0,0.7927,328
AUC:TRADES:2Y,2025-11-03,0.81,0.81,0.777,0.78,454208.0,0.7873,154
AUC:TRADES:2Y,2025-11-04,0.785,0.79,0.77,0.775,424935.0,0.7794,113
AUC:TRADES:2Y,2025-11-05,0.85,0.85,0.74,0.77,505155.0,0.7566,210
AUC:TRADES:2Y,2025-11-06,0.805,0.81,0.78,0.81,355000.0,0.7985,178
AUC:TRADES:2Y,2025-11-07,0.815,0.845,0.78,0.78,187250.0,0.7888,123
AUC:TRADES:2Y,2025-11-10,0.78,0.83,0.78,0.805,536903.0,0.7948,273
AUC:TRADES:2Y,2025-11-11,0.84,0.845,0.815,0.815,681975.0,0.8319,208
AUC:TRADES:2Y,2025-11-12,0.835,0.835,0.8,0.8,243354.0,0.8155,157
AUC:TRADES:2Y,2025-11-13,0.825,0.85,0.815,0.815,290977.0,0.8338,171
AUC:TRADES:2Y,2025-11-14,0.83,0.88,0.815,0.88,999690.0,0.8427,324
AUC:TRADES:2Y,2025-11-19,0.85,0.88,0.79,0.81,735759.0,0.817,448
AUC:TRADES:2Y,2025-11-20,0.81,0.855,0.81,0.825,482975.0,0.8371,392
AUC:TRADES:2Y,2025-11-21,0.85,0.85,0.775,0.78,891080.0,0.7977,352
AUC:TRADES:2Y,2025-11-24,0.8,0.82,0.755,0.775,1040077.0,0.7725,453
AUC:TRADES:2Y,2025-11-25,0.83,0.88,0.813,0.86,774503.0,0.8418,523
AUC:TRADES:2Y,2025-11-26,0.85,0.855,0.83,0.84,465893.0,0.8437,282
AUC:TRADES:2Y,2025-11-27,0.855,0.885,0.835,0.86,907230.0,0.856,275
AUC:TRADES:2Y,2025-11-28,0.845,0.875,0.835,0.87,393486.0,0.8572,157
AUC:TRADES:2Y,2025-12-01,0.9,0.9,0.89,0.9,75893.0,0.8987,140
AUC:TRADES:2Y,2025-12-02,0.91,0.925,0.86,0.865,788195.0,0.8903,435
AUC:TRADES:2Y,2025-12-03,0.85,0.9,0.843,0.9,796540.0,0.875,752
AUC:TRADES:2Y,2025-12-04,0.9,0.92,0.885,0.915,1264763.0,0.9037,385
AUC:TRADES:2Y,2025-12-05,0.92,0.965,0.91,0.945,1256461.0,0.9444,569
AUC:TRADES:2Y,2025-12-08,0.955,0.98,0.92,0.93,1422711.0,0.9525,468
AUC:TRADES:2Y,2025-12-09,0.92,0.935,0.91,0.915,281251.0,0.9222,178
AUC:TRADES:2Y,2025-12-10,0.91,0.96,0.9,0.96,1110280.0,0.9499,380
AUC:TRADES:2Y,2025-12-11,0.95,0.965,0.94,0.945,292406.0,0.9516,192
AUC:TRADES:2Y,2025-12-12,0.95,1.01,0.95,1.0,1117783.0,0.9879,521
AUC:TRADES:2Y,2025-12-15,1.01,1.07,0.998,1.04,1395299.0,1.0353,555
AUC:TRADES:2Y,2025-12-16,1.0,1.07,1.0,1.04,1028343.0,1.0399,468
AUC:TRADES:2Y,2025-12-17,1.045,1.14,1.035,1.125,1296665.0,1.0956,539
AUC:TRADES:2Y,2025-12-18,1.105,1.21,1.09,1.175,2435791.0,1.1487,988
AUC:TRADES:2Y,2025-12-19,1.16,1.175,1.13,1.17,1054356.0,1.1523,729
AUC:TRADES:2Y,2025-12-22,1.2,1.24,1.195,1.22,1092512.0,1.2087,652
AUC:TRADES:2Y,2025-12-23,1.245,1.32,1.17,1.175,2580635.0,1.2264,1240
AUC:TRADES:2Y,2025-12-24,1.155,1.185,1.135,1.16,985778.0,1.1574,297
AUC:TRADES:2Y,2025-12-29,1.175,1.19,1.12,1.14,862308.0,1.1444,588
AUC:TRADES:2Y,2025-12-30,1.09,1.155,1.08,1.135,921510.0,1.1074,436
AUC:TRADES:2Y,2025-12-31,1.12,1.13,1.085,1.1,431945.0,1.1057,172
AUC:TRADES:2Y,2026-01-02,1.1,1.14,1.09,1.125,593794.0,1.1227,246
AUC:TRADES:2Y,2026-01-05,1.145,1.15,1.095,1.135,863479.0,1.1306,389
AUC:TRADES:2Y,2026-01-06,1.12,1.13,1.08,1.115,517148.0,1.1018,567
AUC:TRADES:2Y,2026-01-07,1.115,1.135,1.08,1.085,410795.0,1.1082,436
AUC:TRADES:2Y,2026-01-08,1.1,1.12,1.065,1.065,469525.0,1.0848,326
AUC:TRADES:2Y,2026-01-09,1.1,1.1,1.01,1.01,1093075.0,1.0295,725
AUC:TRADES:2Y,2026-01-12,1.0,1.06,1.0,1.05,646725.0,1.0367,600
AUC:TRADES:2Y,2026-01-13,1.05,1.065,1.0,1.045,1101889.0,1.0362,593
AUC:TRADES:2Y,2026-01-14,1.02,1.07,1.02,1.045,918132.0,1.0448,511
AUC:TRADES:2Y,2026-01-15,1.085,1.115,1.045,1.05,721525.0,1.0792,551
AUC:TRADES:2Y,2026-01-16,1.08,1.095,1.05,1.09,870162.0,1.0756,459
AUC:TRADES:2Y,2026-01-19,1.105,1.145,1.105,1.12,735187.0,1.1261,315
AUC:TRADES:2Y,2026-01-20,1.135,1.21,1.1,1.19,1294579.0,1.158,393
AUC:TRADES:2Y,2026-01-21,1.26,1.39,1.255,1.3,5339728.0,1.3042,1326
AUC:TRADES:2Y,2026-01-22,1.3,1.32,1.22,1.235,1581286.0,1.276,532
AUC:TRADES:2Y,2026-01-23,1.27,1.3,1.245,1.26,787298.0,1.2702,638
AUC:TRADES:2Y,2026-01-27,1.29,1.3,1.19,1.195,815438.0,1.238,601
AUC:TRADES:2Y,2026-01-28,1.225,1.275,1.2,1.265,579837.0,1.2493,608
AUC:TRADES:2Y,2026-01-29,1.3,1.32,1.245,1.27,1181292.0,1.2786,562
AUC:TRADES:2Y,2026-01-30,1.22,1.265,1.14,1.14,1814597.0,1.1975,1156
AUC:TRADES:2Y,2026-02-02,1.1,1.12,1.06,1.09,2428373.0,1.091,1527
AUC:TRADES:2Y,2026-02-03,1.08,1.13,1.06,1.115,660569.0,1.1131,669
AUC:TRADES:2Y,2026-02-04,1.135,1.157,1.12,1.145,526839.0,1.142,491
AUC:TRADES:2Y,2026-02-05,1.14,1.14,1.055,1.06,715790.0,1.0878,499
AUC:TRADES:2Y,2026-02-06,1.04,1.045,0.97,1.015,1736280.0,1.0107,751
AUC:TRADES:2Y,2026-02-09,1.035,1.065,1.035,1.065,652713.0,1.0537,575
AUC:TRADES:2Y,2026-02-10,1.065,1.09,1.06,1.08,258364.0,1.0694,312
AUC:TRADES:2Y,2026-02-11,1.07,1.105,1.06,1.1,306895.0,1.0803,291
AUC:TRADES:2Y,2026-02-12,1.09,1.09,1.03,1.055,329946.0,1.0558,440
AUC:TRADES:2Y,2026-02-13,1.03,1.03,1.0,1.01,433614.0,1.0096,660
AUC:TRADES:2Y,2026-02-16,1.03,1.04,1.005,1.015,693200.0,1.0214,501
AUC:TRADES:2Y,2026-02-17,1.015,1.02,0.995,1.015,421928.0,1.0057,486
AUC:TRADES:2Y,2026-02-18,1.015,1.025,0.98,1.015,306745.0,1.0038,382
AUC:TRADES:2Y,2026-02-19,1.05,1.06,1.035,1.045,411534.0,1.0487,723
AUC:TRADES:2Y,2026-02-20,1.07,1.07,1.03,1.06,1171027.0,1.0574,1057
AUC:TRADES:2Y,2026-02-23,1.08,1.175,1.08,1.15,1040094.0,1.1381,472
AUC:TRADES:2Y,2026-02-24,1.15,1.18,1.105,1.105,626292.0,1.1343,646
AUC:TRADES:2Y,2026-02-25,1.115,1.125,1.065,1.09,1189137.0,1.0891,563
AUC:TRADES:2Y,2026-02-26,1.09,1.11,1.07,1.11,294345.0,1.0929,375
AUC:TRADES:2Y,2026-02-27,1.11,1.147,1.1,1.12,655393.0,1.1328,658
AUC:TRADES:2Y,2026-03-02,1.15,1.19,1.14,1.16,1045506.0,1.1595,759
AUC:TRADES:2Y,2026-03-03,1.19,1.19,1.145,1.17,456094.0,1.1712,411
AUC:TRADES:2Y,2026-03-04,1.13,1.19,1.09,1.175,1614204.0,1.1537,631
AUC:TRADES:2Y,2026-03-05,1.155,1.22,1.13,1.215,501856.0,1.1857,319
AUC:TRADES:2Y,2026-03-06,1.2,1.2,1.15,1.175,403680.0,1.1806,424
AUC:TRADES:2Y,2026-03-09,1.15,1.16,1.08,1.115,1286906.0,1.1139,834
AUC:TRADES:2Y,2026-03-10,1.14,1.16,1.115,1.16,244979.0,1.1413,272
AUC:TRADES:2Y,2026-03-11,1.18,1.18,1.14,1.15,433202.0,1.1584,348
AUC:TRADES:2Y,2026-03-12,1.16,1.16,1.08,1.105,401081.0,1.1117,226
AUC:TRADES:2Y,2026-03-13,1.15,1.195,1.13,1.14,912137.0,1.1509,743
AUC:TRADES:2Y,2026-03-16,1.11,1.13,1.035,1.065,1556261.0,1.0855,1786
AUC:TRADES:2Y,2026-03-17,1.08,1.105,1.073,1.075,725140.0,1.0837,970
AUC:TRADES:2Y,2026-03-18,1.095,1.103,1.0,1.0,1148408.0,1.0419,1240
AUC:TRADES:2Y,2026-03-19,0.99,1.005,0.935,0.94,1192421.0,0.9651,663
AUC:TRADES:2Y,2026-03-20,0.92,0.92,0.85,0.85,1272303.0,0.8762,1134
AUC:TRADES:2Y,2026-03-23,0.84,0.84,0.74,0.75,2203059.0,0.7751,1080
AUC:TRADES:2Y,2026-03-24,0.8,0.865,0.8,0.81,1034309.0,0.8233,917
AUC:TRADES:2Y,2026-03-25,0.845,0.9,0.845,0.89,681634.0,0.874,820
AUC:TRADES:2Y,2026-03-26,0.9,0.91,0.835,0.835,551664.0,0.8663,366
AUC:TRADES:2Y,2026-03-27,0.825,0.83,0.785,0.82,494041.0,0.8083,344
AUC:TRADES:2Y,2026-03-30,0.83,0.85,0.79,0.82,724500.0,0.8129,468
AUC:TRADES:2Y,2026-03-31,0.84,0.88,0.81,0.855,202481.0,0.8441,217
AUC:TRADES:2Y,2026-04-01,0.87,0.9,0.85,0.89,384369.0,0.8817,313
AUC:TRADES:2Y,2026-04-02,0.925,0.925,0.875,0.905,1152083.0,0.904,571
AUC:TRADES:2Y,2026-04-07,0.93,0.93,0.875,0.89,1032056.0,0.8988,706
AUC:TRADES:2Y,2026-04-08,0.9,1.025,0.9,0.99,818502.0,0.9782,680
AUC:TRADES:2Y,2026-04-09,0.99,0.995,0.955,0.99,417463.0,0.9769,560
AUC:TRADES:2Y,2026-04-10,0.995,0.995,0.965,0.97,298244.0,0.9794,209
AUC:TRADES:2Y,2026-04-13,0.945,0.945,0.9,0.94,667430.0,0.9299,1140
AUC:TRADES:2Y,2026-04-14,0.98,0.985,0.95,0.975,252763.0,0.9699,328
AUC:TRADES:2Y,2026-04-15,1.025,1.05,1.0,1.035,494980.0,1.0294,375
AUC:TRADES:2Y,2026-04-16,1.03,1.03,1.005,1.03,406868.0,1.0221,815
AUC:TRADES:2Y,2026-04-17,1.025,1.035,0.97,0.98,490823.0,0.997,380
AUC:TRADES:2Y,2026-04-20,0.98,1.01,0.963,0.98,206379.0,0.9887,319
AUC:TRADES:2Y,2026-04-21,0.995,1.015,0.985,0.985,416037.0,1.0008,422
AUC:TRADES:2Y,2026-04-22,0.99,1.01,0.98,0.99,651989.0,0.9914,388
AUC:TRADES:2Y,2026-04-23,1.015,1.03,0.975,0.985,886759.0,0.9981,779
AUC:TRADES:2Y,2026-04-24,1.0,1.01,0.95,0.95,390621.0,0.9736,307
AUC:TRADES:2Y,2026-04-27,0.96,0.995,0.955,0.965,163729.0,0.9789,218
AUC:TRADES:2Y,2026-04-28,0.97,0.98,0.915,0.925,822649.0,0.9517,540
AUC:TRADES:2Y,2026-04-29,0.93,0.95,0.92,0.94,227474.0,0.9411,309
AUC:TRADES:2Y,2026-04-30,0.95,0.95,0.9,0.905,719484.0,0.9219,339
AUC:TRADES:2Y,2026-05-01,0.92,0.965,0.91,0.91,153898.0,0.9254,259
AUC:TRADES:2Y,2026-05-04,0.91,0.945,0.91,0.93,217304.0,0.929,261
AUC:TRADES:2Y,2026-05-05,0.935,0.935,0.895,0.9,619741.0,0.9157,324
AUC:TRADES:2Y,2026-05-06,0.91,0.94,0.91,0.94,508324.0,0.9206,369
AUC:TRADES:2Y,2026-05-07,0.95,0.98,0.95,0.97,526823.0,0.9608,264
AUC:TRADES:2Y,2026-05-08,0.98,0.99,0.96,0.985,250105.0,0.9771,299
AUC:TRADES:2Y,2026-05-11,0.985,0.985,0.91,0.91,940110.0,0.9311,600
AUC:TRADES:2Y,2026-05-12,0.92,0.945,0.91,0.915,388216.0,0.9278,297
AUC:TRADES:2Y,2026-05-13,0.92,0.945,0.905,0.905,558688.0,0.9219,211
AUC:TRADES:2Y,2026-05-14,0.91,0.92,0.88,0.895,859173.0,0.9019,386
AUC:TRADES:2Y,2026-05-15,0.9,0.9,0.845,0.845,617304.0,0.873,357
AUC:TRADES:2Y,2026-05-18,0.84,0.84,0.815,0.82,497440.0,0.8264,232
AUC:TRADES:2Y,2026-05-19,0.85,0.85,0.805,0.815,484255.0,0.8219,325
AUC:TRADES:2Y,2026-05-20,0.8,0.8,0.78,0.78,718229.0,0.7915,265
AUC:TRADES:2Y,2026-05-21,0.81,0.835,0.8,0.805,235298.0,0.8063,210
AUC:TRADES:2Y,2026-05-22,0.81,0.82,0.8,0.815,50893.0,0.8102,86
AUC:TRADES:2Y,2026-05-25,0.82,0.845,0.82,0.83,225238.0,0.8347,193
AUC:TRADES:2Y,2026-05-26,0.86,0.86,0.82,0.855,351324.0,0.8412,305
AUC:TRADES:2Y,2026-05-27,0.885,0.885,0.84,0.86,427055.0,0.8537,537
AUC:TRADES:2Y,2026-05-28,0.865,0.88,0.79,0.815,808765.0,0.8293,585
AUC:TRADES:2Y,2026-05-29,0.89,0.89,0.84,0.855,461911.0,0.8651,379
AUC:TRADES:2Y,2026-06-01,0.85,0.88,0.85,0.85,229999.0,0.8654,190
AUC:TRADES:2Y,2026-06-02,0.805,0.858,0.805,0.855,227818.0,0.832,261
AUC:TRADES:2Y,2026-06-03,0.86,0.88,0.83,0.83,318881.0,0.8555,269
AUC:TRADES:2Y,2026-06-04,0.855,0.87,0.82,0.86,504496.0,0.8537,491
AUC:TRADES:2Y,2026-06-05,0.87,0.88,0.835,0.84,858965.0,0.8596,585
AUC:TRADES:2Y,2026-06-09,0.81,0.81,0.78,0.795,327114.0,0.7987,275
AUC:TRADES:2Y,2026-06-10,0.805,0.805,0.77,0.78,774801.0,0.7847,630
AUC:TRADES:2Y,2026-06-11,0.77,0.795,0.745,0.785,568118.0,0.7663,392
AUC:TRADES:2Y,2026-06-12,0.8,0.835,0.8,0.82,283259.0,0.8227,168
AUC:TRADES:2Y,2026-06-15,0.85,0.885,0.835,0.87,620180.0,0.8635,589
AUC:TRADES:2Y,2026-06-16,0.885,0.905,0.865,0.895,207379.0,0.8862,329
AUC:TRADES:2Y,2026-06-17,0.905,0.965,0.9,0.945,752396.0,0.9285,541
AUC:TRADES:2Y,2026-06-18,0.92,0.92,0.88,0.905,411988.0,0.8999,213
AUC:TRADES:2Y,2026-06-19,0.85,0.875,0.835,0.85,304638.0,0.8462,179
AUC:TRADES:2Y,2026-06-22,0.835,0.84,0.785,0.82,527012.0,0.8171,335
AUC:TRADES:2Y,2026-06-23,0.82,0.825,0.8,0.805,232338.0,0.8138,343
AUC:TRADES:2Y,2026-06-24,0.815,0.82,0.795,0.81,238989.0,0.8118,186
AUC:TRADES:2Y,2026-06-25,0.81,0.825,0.787,0.8,406035.0,0.8001,294
AUC:TRADES:2Y,2026-06-26,0.805,0.815,0.795,0.805,204137.0,0.8042,285
AUC:TRADES:2Y,2026-06-29,0.8,0.83,0.795,0.8,232077.0,0.8096,273
AUC:TRADES:2Y,2026-06-30,0.815,0.815,0.765,0.79,709980.0,0.7835,485
AUC:TRADES:2Y,2026-07-01,0.8,0.813,0.78,0.785,232217.0,0.7921,315
AUC:TRADES:2Y,2026-07-02,0.805,0.855,0.8,0.845,214332.0,0.8234,185
AUC:TRADES:2Y,2026-07-03,0.865,0.89,0.85,0.865,690703.0,0.871,447
AUC:TRADES:2Y,2026-07-06,0.9,0.92,0.87,0.895,591952.0,0.8976,280
AUC:TRADES:2Y,2026-07-07,0.915,0.915,0.865,0.87,131983.0,0.8849,121
AUC:TRADES:2Y,2026-07-08,0.87,0.875,0.84,0.855,194389.0,0.8583,187
AUC:TRADES:2Y,2026-07-09,0.86,0.875,0.815,0.825,285107.0,0.8432,192
AUC:TRADES:2Y,2026-07-10,0.83,0.86,0.83,0.833,276688.0,0.8382,518
AUC:TRADES:2Y,2026-07-13,0.855,0.855,0.805,0.835,314307.0,0.8314,275
AUC:TRADES:2Y,2026-07-14,0.845,0.855,0.81,0.845,193897.0,0.8318,162
AUC:TRADES:2Y,2026-07-15,0.855,0.855,0.84,0.84,130267.0,0.8516,136
AUC:TRADES:2Y,2026-07-16,0.85,0.87,0.825,0.855,430264.0,0.8468,304
AUC:TRADES:2Y,2026-07-17,0.855,0.875,0.815,0.825,995624.0,0.8326,349
AUC:TRADES:2Y,2026-07-20,0.825,0.845,0.8,0.8,444530.0,0.8166,223
AUC:TRADES:2Y,2026-07-21,0.82,0.82,0.765,0.8,535234.0,0.7903,419
AUC:TRADES:2Y,2026-07-22,0.845,0.845,0.805,0.807,318112.0,0.8151,259
AUC:TRADES:2Y,2026-07-23,0.805,0.89,0.805,0.88,466099.0,0.8697,673
AUC:TRADES:2Y,2026-07-24,0.885,0.92,0.865,0.87,385535.0,0.8873,338
AUC:TRADES:2Y,2026-07-27,0.9,0.96,0.88,0.885,721545.0,0.9269,675
AUC:TRADES:2Y,2026-07-28,0.9,0.905,0.84,0.85,967698.0,0.8565,273
AUC:TRADES:2Y,2026-07-29,0.86,0.877,0.85,0.865,311368.0,0.8645,351
AUC:TRADES:2Y,2026-07-30,0.87,0.88,0.835,0.845,340695.0,0.8508,596
AUC:TRADES:2Y,2026-07-31,0.86,0.885,0.845,0.85,425199.0,0.8681,641
AUC:TRADES:2Y,2026-08-03,0.89,0.89,0.83,0.845,163051.0,0.8471,152
AUC:TRADES:2Y,2026-08-04,0.83,0.865,0.825,0.85,470956.0,0.8489,155
AUC:TRADES:2Y,2026-08-05,0.855,0.895,0.845,0.875,423629.0,0.8701,365
AUC:TRADES:2Y,2026-08-06,0.89,1.0,0.89,0.935,898174.0,0.945,488
AUC:TRADES:2Y,2026-08-07,0.945,1.022,0.92,1.005,933106.0,0.9896,629
AUC:TRADES:2Y,2026-08-10,1.03,1.075,1.015,1.065,1456474.0,1.0487,762
AUC:TRADES:2Y,2026-08-11,1.07,1.1,1.045,1.06,1032747.0,1.0653,702
AUC:TRADES:2Y,2026-08-12,1.055,1.13,1.055,1.09,1086449.0,1.0941,737
AUC:TRADES:2Y,2026-08-13,1.1,1.11,1.065,1.075,309023.0,1.0846,502
AUC:TRADES:2Y,2026-08-14,1.065,1.095,1.052,1.073,256126.0,1.0803,438
AUC:TRADES:2Y,2026-08-18,1.3,1.353,1.3,1.347,16798690.0,1.3255,8471
AUC:TRADES:2Y,2026-08-19,1.285,1.305,1.26,1.285,7480159.0,1.2875,4800
AUC:TRADES:2Y,2026-08-20,1.345,1.4,1.345,1.4,9376610.0,1.3696,2679
AUC:TRADES:2Y,2026-08-21,1.405,1.49,1.405,1.49,8537797.0,1.4393,1645
AUC:TRADES:2Y,2026-08-24,1.42,1.45,1.38,1.43,3977168.0,1.4166,1782
AUC:BID_ASK:3M,2026-05-27,0.8487,0.89,0.84,0.853,-1.0,-1.0,-1
AUC:BID_ASK:3M,2026-05-28,0.8234,0.89,0.79,0.8285,-1.0,-1.0,-1
AUC:BID_ASK:3M,2026-05-29,0.8545,0.89,0.81,0.8627,-1.0,-1.0,-1
AUC:BID_ASK:3M,2026-06-01,0.8605,0.88,0.83,0.8674,-1.0,-1.0,-1
AUC:BID_ASK:3M,2026-06-02,0.8327,0.875,0.805,0.8382,-1.0,-1.0,-1
AUC:BID_ASK:3M,2026-06-03,0.8362,0.88,0.825,0.8411,-1.0,-1.0,-1
AUC:BID_ASK:3M,2026-06-04,0.8502,0.87,0.815,0.8543,-1.0,-1.0,-1
AUC:BID_ASK:3M,2026-06-05,0.8528,0.88,0.83,0.8579,-1.0,-1.0,-1
AUC:BID_ASK:3M,2026-06-09,0.7942,0.82,0.78,0.7999,-1.0,-1.0,-1
AUC:BID_ASK:3M,2026-06-10,0.7823,0.82,0.77,0.7876,-1.0,-1.0,-1
AUC:BID_ASK:3M,2026-06-11,0.7676,0.795,0.74,0.7759,-1.0,-1.0,-1
AUC:BID_ASK:3M,2026-06-12,0.8233,0.835,0.8,0.8291,-1.0,-1.0,-1
AUC:BID_ASK:3M,2026-06-15,0.8674,0.885,0.83,0.8743,-1.0,-1.0,-1
AUC:BID_ASK:3M,2026-06-16,0.8763,0.905,0.855,0.8824,-1.0,-1.0,-1
AUC:BID_ASK:3M,2026-06-17,0.9399,0.965,0.895,0.9511,-1.0,-1.0,-1
AUC:BID_ASK:3M,2026-06-18,0.8916,0.925,0.875,0.8987,-1.0,-1.0,-1
AUC:BID_ASK:3M,2026-06-19,0.8415,0.88,0.83,0.8484,-1.0,-1.0,-1
AUC:BID_ASK:3M,2026-06-22,0.8203,0.85,0.78,0.8272,-1.0,-1.0,-1
AUC:BID_ASK:3M,2026-06-23,0.8116,0.83,0.8,0.8181,-1.0,-1.0,-1
AUC:BID_ASK:3M,2026-06-24,0.8097,0.825,0.79,0.8163,-1.0,-1.0,-1
AUC:BID_ASK:3M,2026-06-25,0.7935,0.84,0.785,0.8015,-1.0,-1.0,-1
AUC:BID_ASK:3M,2026-06-26,0.7995,0.83,0.795,0.8072,-1.0,-1.0,-1
AUC:BID_ASK:3M,2026-06-29,0.8058,0.83,0.795,0.8132,-1.0,-1.0,-1
AUC:BID_ASK:3M,2026-06-30,0.7829,0.815,0.765,0.7885,-1.0,-1.0,-1
AUC:BID_ASK:3M,2026-07-01,0.7841,0.835,0.78,0.7908,-1.0,-1.0,-1
AUC:BID_ASK:3M,2026-07-02,0.8187,0.86,0.79,0.8256,-1.0,-1.0,-1
AUC:BID_ASK:3M,2026-07-03,0.8727,0.89,0.84,0.879,-1.0,-1.0,-1
AUC:BID_ASK:3M,2026-07-06,0.8957,0.93,0.86,0.9053,-1.0,-1.0,-1
AUC:BID_ASK:3M,2026-07-07,0.8721,0.92,0.865,0.8786,-1.0,-1.0,-1
AUC:BID_ASK:3M,2026-07-08,0.8567,0.92,0.84,0.8655,-1.0,-1.0,-1
AUC:BID_ASK:3M,2026-07-09,0.8367,0.9,0.81,0.8453,-1.0,-1.0,-1
AUC:BID_ASK:3M,2026-07-10,0.8372,0.91,0.83,0.8436,-1.0,-1.0,-1
AUC:BID_ASK:3M,2026-07-13,0.8233,0.855,0.805,0.8309,-1.0,-1.0,-1
AUC:BID_ASK:3M,2026-07-14,0.8302,0.855,0.81,0.8393,-1.0,-1.0,-1
AUC:BID_ASK:3M,2026-07-15,0.8435,0.86,0.835,0.8496,-1.0,-1.0,-1
AUC:BID_ASK:3M,2026-07-16,0.8471,0.87,0.825,0.8539,-1.0,-1.0,-1
AUC:BID_ASK:3M,2026-07-17,0.8302,0.88,0.81,0.838,-1.0,-1.0,-1
AUC:BID_ASK:3M,2026-07-20,0.8155,0.865,0.8,0.8226,-1.0,-1.0,-1
AUC:BID_ASK:3M,2026-07-21,0.7873,0.835,0.765,0.7945,-1.0,-1.0,-1
AUC:BID_ASK:3M,2026-07-22,0.8116,0.875,0.805,0.8189,-1.0,-1.0,-1
AUC:BID_ASK:3M,2026-07-23,0.8652,0.89,0.805,0.8714,-1.0,-1.0,-1
AUC:BID_ASK:3M,2026-07-24,0.8802,0.92,0.85,0.8872,-1.0,-1.0,-1
AUC:BID_ASK:3M,2026-07-27,0.9207,0.96,0.88,0.928,-1.0,-1.0,-1
AUC:BID_ASK:3M,2026-07-28,0.8516,0.92,0.84,0.8579,-1.0,-1.0,-1
AUC:BID_ASK:3M,2026-07-29,0.8658,0.88,0.85,0.8729,-1.0,-1.0,-1
AUC:BID_ASK:3M,2026-07-30,0.8457,0.885,0.83,0.8537,-1.0,-1.0,-1
AUC:BID_ASK:3M,2026-07-31,0.8634,0.89,0.84,0.8688,-1.0,-1.0,-1
AUC:BID_ASK:3M,2026-08-03,0.8404,0.9,0.825,0.8469,-1.0,-1.0,-1
AUC:BID_ASK:3M,2026-08-04,0.845,0.87,0.825,0.8534,-1.0,-1.0,-1
AUC:BID_ASK:3M,2026-08-05,0.8696,0.9,0.845,0.8771,-1.0,-1.0,-1
AUC:BID_ASK:3M,2026-08-06,0.9345,1.09,0.89,0.9415,-1.0,-1.0,-1
AUC:BID_ASK:3M,2026-08-07,0.9783,1.025,0.905,0.9846,-1.0,-1.0,-1
AUC:BID_ASK:3M,2026-08-10,1.0495,1.075,1.005,1.056,-1.0,-1.0,-1
AUC:BID_ASK:3M,2026-08-11,1.0617,1.1,1.02,1.067,-1.0,-1.0,-1
AUC:BID_ASK:3M,2026-08-12,1.1035,1.13,1.055,1.1105,-1.0,-1.0,-1
AUC:BID_ASK:3M,2026-08-13,1.0859,1.115,1.065,1.0913,-1.0,-1.0,-1
AUC:BID_ASK:3M,2026-08-14,1.0767,1.095,1.05,1.0833,-1.0,-1.0,-1
AUC:BID_ASK:3M,2026-08-17,1.06,1.06,1.06,1.06,-1.0,-1.0,-1
AUC:BID_ASK:3M,2026-08-18,1.3207,1.355,1.3,1.3256,-1.0,-1.0,-1
AUC:BID_ASK:3M,2026-08-19,1.2867,1.305,1.26,1.2918,-1.0,-1.0,-1
AUC:BID_ASK:3M,2026-08-20,1.3767,1.4,1.345,1.3817,-1.0,-1.0,-1
AUC:BID_ASK:3M,2026-08-21,1.4334,1.49,1.405,1.4388,-1.0,-1.0,-1
AUC:BID_ASK:3M,2026-08-24,1.4137,1.455,1.39,1.4199,-1.0,-1.0,-1
XAUUSD:MIDPOINT:5Y,2021-08-26,1791.32,1798.27,1780.09,1792.41,-1.0,-1.0,-1
XAUUSD:MIDPOINT:5Y,2021-08-27,1794.1,1819.23,1784.65,1817.38,-1.0,-1.0,-1
XAUUSD:MIDPOINT:5Y,2021-08-30,1818.9,1823.28,1807.74,1810.31,-1.0,-1.0,-1
XAUUSD:MIDPOINT:5Y,2021-08-31,1809.89,1819.26,1801.72,1813.72,-1.0,-1.0,-1
XAUUSD:MIDPOINT:5Y,2021-09-01,1815.3,1820.13,1808.74,1813.9,-1.0,-1.0,-1
XAUUSD:MIDPOINT:5Y,2021-09-02,1814.05,1817.22,1805.01,1809.79,-1.0,-1.0,-1
XAUUSD:MIDPOINT:5Y,2021-09-03,1809.39,1833.98,1808.15,1828.87,-1.0,-1.0,-1
XAUUSD:MIDPOINT:5Y,2021-09-06,1830.26,1830.33,1821.44,1823.28,-1.0,-1.0,-1
XAUUSD:MIDPOINT:5Y,2021-09-07,1822.6,1827.36,1792.33,1794.14,-1.0,-1.0,-1
XAUUSD:MIDPOINT:5Y,2021-09-08,1794.0,1802.23,1782.43,1789.23,-1.0,-1.0,-1
XAUUSD:MIDPOINT:5Y,2021-09-09,1789.1,1801.05,1784.0,1794.6,-1.0,-1.0,-1
XAUUSD:MIDPOINT:5Y,2021-09-10,1794.6,1803.91,1787.27,1787.58,-1.0,-1.0,-1
XAUUSD:MIDPOINT:5Y,2021-09-13,1787.77,1798.53,1783.81,1793.79,-1.0,-1.0,-1
XAUUSD:MIDPOINT:5Y,2021-09-14,1793.94,1808.69,1780.58,1804.48,-1.0,-1.0,-1
XAUUSD:MIDPOINT:5Y,2021-09-15,1857.13,1857.13,1790.77,1794.05,-1.0,-1.0,-1
XAUUSD:MIDPOINT:5Y,2021-09-16,1795.3,1796.25,1745.42,1753.78,-1.0,-1.0,-1
XAUUSD:MIDPOINT:5Y,2021-09-17,1758.0,1767.61,1747.41,1754.42,-1.0,-1.0,-1
XAUUSD:MIDPOINT:5Y,2021-09-20,1754.17,1767.26,1742.15,1764.11,-1.0,-1.0,-1
XAUUSD:MIDPOINT:5Y,2021-09-21,1764.76,1781.83,1757.97,1774.5,-1.0,-1.0,-1
XAUUSD:MIDPOINT:5Y,2021-09-22,1774.19,1787.33,1764.78,1768.15,-1.0,-1.0,-1
XAUUSD:MIDPOINT:5Y,2021-09-23,1770.25,1776.65,1738.11,1742.77,-1.0,-1.0,-1
XAUUSD:MIDPOINT:5Y,2021-09-24,1745.25,1757.75,1740.52,1750.52,-1.0,-1.0,-1
XAUUSD:MIDPOINT:5Y,2021-09-27,1751.41,1760.91,1744.87,1750.31,-1.0,-1.0,-1
XAUUSD:MIDPOINT:5Y,2021-09-28,1753.6,1754.56,1728.18,1733.98,-1.0,-1.0,-1
XAUUSD:MIDPOINT:5Y,2021-09-29,1738.5,1745.54,1721.71,1726.49,-1.0,-1.0,-1
XAUUSD:MIDPOINT:5Y,2021-09-30,1730.15,1764.3,1722.28,1756.9,-1.0,-1.0,-1
XAUUSD:MIDPOINT:5Y,2021-10-01,1759.25,1764.4,1749.77,1761.33,-1.0,-1.0,-1
XAUUSD:MIDPOINT:5Y,2021-10-04,1762.5,1770.6,1747.78,1769.53,-1.0,-1.0,-1
XAUUSD:MIDPOINT:5Y,2021-10-05,1770.4,1770.5,1748.7,1760.18,-1.0,-1.0,-1
XAUUSD:MIDPOINT:5Y,2021-10-06,1759.89,1765.2,1745.99,1762.74,-1.0,-1.0,-1
XAUUSD:MIDPOINT:5Y,2021-10-07,1763.05,1766.99,1751.98,1755.61,-1.0,-1.0,-1
XAUUSD:MIDPOINT:5Y,2021-10-08,1759.5,1781.3,1753.43,1757.15,-1.0,-1.0,-1
XAUUSD:MIDPOINT:5Y,2021-10-11,1757.44,1761.11,1750.23,1754.23,-1.0,-1.0,-1
XAUUSD:MIDPOINT:5Y,2021-10-12,1753.75,1769.43,1750.83,1760.49,-1.0,-1.0,-1
XAUUSD:MIDPOINT:5Y,2021-10-13,1760.0,1796.11,1758.02,1792.98,-1.0,-1.0,-1
XAUUSD:MIDPOINT:5Y,2021-10-14,1793.8,1800.65,1786.74,1796.1,-1.0,-1.0,-1
XAUUSD:MIDPOINT:5Y,2021-10-15,1798.64,1798.65,1764.86,1767.59,-1.0,-1.0,-1
XAUUSD:MIDPOINT:5Y,2021-10-18,1767.01,1773.5,1760.34,1764.83,-1.0,-1.0,-1
XAUUSD:MIDPOINT:5Y,2021-10-19,1764.65,1785.21,1762.94,1769.26,-1.0,-1.0,-1
XAUUSD:MIDPOINT:5Y,2021-10-20,1773.9,1788.47,1766.89,1782.08,-1.0,-1.0,-1
XAUUSD:MIDPOINT:5Y,2021-10-21,1782.05,1789.47,1776.51,1782.89,-1.0,-1.0,-1
XAUUSD:MIDPOINT:5Y,2021-10-22,1782.88,1813.9,1782.88,1792.82,-1.0,-1.0,-1
XAUUSD:MIDPOINT:5Y,2021-10-25,1793.07,1810.1,1792.28,1807.74,-1.0,-1.0,-1
XAUUSD:MIDPOINT:5Y,2021-10-26,1807.59,1808.36,1782.51,1792.91,-1.0,-1.0,-1
XAUUSD:MIDPOINT:5Y,2021-10-27,1800.47,1800.47,1783.6,1796.85,-1.0,-1.0,-1
XAUUSD:MIDPOINT:5Y,2021-10-28,1799.82,1810.46,1792.42,1798.88,-1.0,-1.0,-1
XAUUSD:MIDPOINT:5Y,2021-10-29,1801.75,1801.75,1772.0,1783.41,-1.0,-1.0,-1
XAUUSD:MIDPOINT:5Y,2021-11-01,1784.61,1795.89,1779.12,1793.29,-1.0,-1.0,-1
XAUUSD:MIDPOINT:5Y,2021-11-02,1793.42,1796.38,1786.44,1787.75,-1.0,-1.0,-1
XAUUSD:MIDPOINT:5Y,2021-11-03,1787.6,1788.33,1758.92,1769.88,-1.0,-1.0,-1
XAUUSD:MIDPOINT:5Y,2021-11-04,1769.2,1798.99,1768.07,1791.85,-1.0,-1.0,-1
XAUUSD:MIDPOINT:5Y,2021-11-05,1791.4,1818.4,1785.13,1818.15,-1.0,-1.0,-1
XAUUSD:MIDPOINT:5Y,2021-11-08,1819.01,1826.54,1812.52,1824.15,-1.0,-1.0,-1
XAUUSD:MIDPOINT:5Y,2021-11-09,1826.15,1832.78,1819.2,1831.9,-1.0,-1.0,-1
XAUUSD:MIDPOINT:5Y,2021-11-10,1832.06,1868.69,1822.44,1849.53,-1.0,-1.0,-1
XAUUSD:MIDPOINT:5Y,2021-11-11,1849.3,1865.96,1843.01,1862.04,-1.0,-1.0,-1
XAUUSD:MIDPOINT:5Y,2021-11-12,1862.21,1868.76,1845.31,1865.02,-1.0,-1.0,-1
XAUUSD:MIDPOINT:5Y,2021-11-15,1869.79,1870.58,1856.41,1862.84,-1.0,-1.0,-1
XAUUSD:MIDPOINT:5Y,2021-11-16,1862.85,1877.21,1849.7,1850.96,-1.0,-1.0,-1
XAUUSD:MIDPOINT:5Y,2021-11-17,1850.45,1868.09,1849.63,1867.52,-1.0,-1.0,-1
XAUUSD:MIDPOINT:5Y,2021-11-18,1867.53,1870.94,1855.17,1859.0,-1.0,-1.0,-1
XAUUSD:MIDPOINT:5Y,2021-11-19,1859.15,1865.84,1843.05,1845.64,-1.0,-1.0,-1
XAUUSD:MIDPOINT:5Y,2021-11-22,1846.78,1849.19,1802.32,1804.66,-1.0,-1.0,-1
XAUUSD:MIDPOINT:5Y,2021-11-23,1814.6,1814.6,1782.04,1789.16,-1.0,-1.0,-1
XAUUSD:MIDPOINT:5Y,2021-11-24,1789.3,1796.48,1778.46,1788.56,-1.0,-1.0,-1
XAUUSD:MIDPOINT:5Y,2021-11-25,1791.56,1795.2,1786.08,1788.9,-1.0,-1.0,-1
XAUUSD:MIDPOINT:5Y,2021-11-26,1788.69,1815.61,1780.5,1792.5,-1.0,-1.0,-1
XAUUSD:MIDPOINT:5Y,2021-11-29,1793.21,1799.46,1779.99,1784.62,-1.0,-1.0,-1
XAUUSD:MIDPOINT:5Y,2021-11-30,1788.22,1808.84,1770.03,1774.72,-1.0,-1.0,-1
XAUUSD:MIDPOINT:5Y,2021-12-01,1780.3,1794.47,1772.3,1781.85,-1.0,-1.0,-1
XAUUSD:MIDPOINT:5Y,2021-12-02,1779.9,1783.5,1762.03,1768.79,-1.0,-1.0,-1
XAUUSD:MIDPOINT:5Y,2021-12-03,1765.1,1786.19,1763.75,1783.35,-1.0,-1.0,-1
XAUUSD:MIDPOINT:5Y,2021-12-06,1786.76,1787.86,1775.74,1778.68,-1.0,-1.0,-1
XAUUSD:MIDPOINT:5Y,2021-12-07,1778.45,1787.87,1772.24,1784.15,-1.0,-1.0,-1
XAUUSD:MIDPOINT:5Y,2021-12-08,1784.25,1793.18,1779.67,1782.74,-1.0,-1.0,-1
XAUUSD:MIDPOINT:5Y,2021-12-09,1783.25,1787.72,1773.39,1775.2,-1.0,-1.0,-1
XAUUSD:MIDPOINT:5Y,2021-12-10,1779.7,1789.55,1770.21,1782.89,-1.0,-1.0,-1
XAUUSD:MIDPOINT:5Y,2021-12-13,1783.64,1791.68,1781.86,1786.67,-1.0,-1.0,-1
XAUUSD:MIDPOINT:5Y,2021-12-14,1786.8,1789.57,1766.58,1770.87,-1.0,-1.0,-1
XAUUSD:MIDPOINT:5Y,2021-12-15,1774.3,1780.94,1753.69,1776.94,-1.0,-1.0,-1
XAUUSD:MIDPOINT:5Y,2021-12-16,1781.85,1799.71,1775.7,1799.31,-1.0,-1.0,-1
XAUUSD:MIDPOINT:5Y,2021-12-17,1799.9,1814.33,1795.83,1797.95,-1.0,-1.0,-1
XAUUSD:MIDPOINT:5Y,2021-12-20,1799.79,1804.22,1788.38,1790.94,-1.0,-1.0,-1
XAUUSD:MIDPOINT:5Y,2021-12-21,1790.65,1800.52,1784.9,1788.74,-1.0,-1.0,-1
XAUUSD:MIDPOINT:5Y,2021-12-22,1788.9,1805.08,1785.96,1803.45,-1.0,-1.0,-1
XAUUSD:MIDPOINT:5Y,2021-12-23,1803.61,1810.77,1798.89,1808.85,-1.0,-1.0,-1
XAUUSD:MIDPOINT:5Y,2021-12-27,1809.19,1813.51,1803.1,1812.42,-1.0,-1.0,-1
XAUUSD:MIDPOINT:5Y,2021-12-28,1811.95,1820.3,1805.08,1806.3,-1.0,-1.0,-1
XAUUSD:MIDPOINT:5Y,2021-12-29,1806.2,1807.74,1789.54,1804.63,-1.0,-1.0,-1
XAUUSD:MIDPOINT:5Y,2021-12-30,1804.8,1817.22,1796.28,1814.6,-1.0,-1.0,-1
XAUUSD:MIDPOINT:5Y,2021-12-31,1814.94,1830.39,1814.68,1829.5,-1.0,-1.0,-1
XAUUSD:MIDPOINT:5Y,2022-01-04,1804.23,1816.8,1798.55,1814.53,-1.0,-1.0,-1
XAUUSD:MIDPOINT:5Y,2022-01-05,1814.76,1829.67,1808.33,1810.44,-1.0,-1.0,-1
XAUUSD:MIDPOINT:5Y,2022-01-06,1810.36,1811.86,1786.42,1791.19,-1.0,-1.0,-1
XAUUSD:MIDPOINT:5Y,2022-01-07,1789.3,1798.73,1782.7,1796.7,-1.0,-1.0,-1
XAUUSD:MIDPOINT:5Y,2022-01-10,1796.06,1802.34,1790.36,1801.5,-1.0,-1.0,-1
XAUUSD:MIDPOINT:5Y,2022-01-11,1801.45,1823.41,1800.19,1821.61,-1.0,-1.0,-1
XAUUSD:MIDPOINT:5Y,2022-01-12,1821.7,1828.09,1814.79,1826.2,-1.0,-1.0,-1
XAUUSD:MIDPOINT:5Y,2022-01-13,1826.0,1828.28,1812.4,1822.53,-1.0,-1.0,-1
XAUUSD:MIDPOINT:5Y,2022-01-14,1822.7,1829.22,1814.76,1817.7,-1.0,-1.0,-1
XAUUSD:MIDPOINT:5Y,2022-01-17,1818.34,1823.25,1813.19,1818.71,-1.0,-1.0,-1
XAUUSD:MIDPOINT:5Y,2022-01-18,1821.95,1822.84,1805.83,1813.77,-1.0,-1.0,-1
XAUUSD:MIDPOINT:5Y,2022-01-19,1813.2,1843.43,1810.31,1840.74,-1.0,-1.0,-1
XAUUSD:MIDPOINT:5Y,2022-01-20,1840.71,1847.94,1835.97,1839.29,-1.0,-1.0,-1
XAUUSD:MIDPOINT:5Y,2022-01-21,1839.4,1843.28,1828.53,1834.86,-1.0,-1.0,-1
XAUUSD:MIDPOINT:5Y,2022-01-24,1835.17,1844.4,1829.76,1843.1,-1.0,-1.0,-1
XAUUSD:MIDPOINT:5Y,2022-01-25,1843.45,1853.93,1834.95,1848.14,-1.0,-1.0,-1
XAUUSD:MIDPOINT:5Y,2022-01-26,1850.2,1850.5,1815.11,1819.65,-1.0,-1.0,-1
XAUUSD:MIDPOINT:5Y,2022-01-27,1831.62,1834.5,1791.88,1797.32,-1.0,-1.0,-1
XAUUSD:MIDPOINT:5Y,2022-01-28,1798.16,1799.47,1780.34,1791.53,-1.0,-1.0,-1
XAUUSD:MIDPOINT:5Y,2022-01-31,1791.1,1799.94,1785.63,1797.3,-1.0,-1.0,-1
XAUUSD:MIDPOINT:5Y,2022-02-01,1798.75,1808.79,1795.79,1801.28,-1.0,-1.0,-1
XAUUSD:MIDPOINT:5Y,2022-02-02,1800.95,1810.82,1794.61,1807.18,-1.0,-1.0,-1
XAUUSD:MIDPOINT:5Y,2022-02-03,1807.05,1809.06,1788.67,1804.94,-1.0,-1.0,-1
XAUUSD:MIDPOINT:5Y,2022-02-04,1804.85,1814.94,1792.24,1808.32,-1.0,-1.0,-1
XAUUSD:MIDPOINT:5Y,2022-02-07,1807.91,1823.63,1806.92,1820.47,-1.0,-1.0,-1
XAUUSD:MIDPOINT:5Y,2022-02-08,1820.7,1828.81,1815.46,1825.9,-1.0,-1.0,-1
XAUUSD:MIDPOINT:5Y,2022-02-09,1828.22,1835.92,1824.84,1833.41,-1.0,-1.0,-1
XAUUSD:MIDPOINT:5Y,2022-02-10,1833.35,1842.0,1821.68,1826.85,-1.0,-1.0,-1
XAUUSD:MIDPOINT:5Y,2022-02-11,1826.8,1865.43,1820.96,1859.0,-1.0,-1.0,-1
XAUUSD:MIDPOINT:5Y,2022-02-14,1860.54,1874.18,1850.84,1871.31,-1.0,-1.0,-1
XAUUSD:MIDPOINT:5Y,2022-02-15,1872.65,1879.55,1844.74,1853.63,-1.0,-1.0,-1
XAUUSD:MIDPOINT:5Y,2022-02-16,1854.0,1872.58,1850.34,1869.52,-1.0,-1.0,-1
XAUUSD:MIDPOINT:5Y,2022-02-17,1870.5,1901.18,1867.87,1898.35,-1.0,-1.0,-1
XAUUSD:MIDPOINT:5Y,2022-02-18,1898.2,1902.55,1886.64,1898.25,-1.0,-1.0,-1
XAUUSD:MIDPOINT:5Y,2022-02-21,1901.06,1908.37,1887.64,1904.05,-1.0,-1.0,-1
XAUUSD:MIDPOINT:5Y,2022-02-22,1904.65,1914.37,1891.46,1898.45,-1.0,-1.0,-1
XAUUSD:MIDPOINT:5Y,2022-02-23,1898.3,1910.51,1889.65,1909.09,-1.0,-1.0,-1
XAUUSD:MIDPOINT:5Y,2022-02-24,1909.44,1974.52,1878.2,1903.99,-1.0,-1.0,-1
XAUUSD:MIDPOINT:5Y,2022-02-25,1904.59,1921.68,1882.96,1889.31,-1.0,-1.0,-1
XAUUSD:MIDPOINT:5Y,2022-02-28,1919.36,1931.27,1890.97,1909.02,-1.0,-1.0,-1
XAUUSD:MIDPOINT:5Y,2022-03-01,1907.45,1950.29,1901.45,1945.36,-1.0,-1.0,-1
XAUUSD:MIDPOINT:5Y,2022-03-02,1946.52,1947.95,1913.93,1928.91,-1.0,-1.0,-1
XAUUSD:MIDPOINT:5Y,2022-03-03,1932.6,1941.37,1922.11,1935.91,-1.0,-1.0,-1
XAUUSD:MIDPOINT:5Y,2022-03-04,1936.1,1970.83,1929.76,1969.91,-1.0,-1.0,-1
XAUUSD:MIDPOINT:5Y,2022-03-07,1975.04,2002.71,1961.09,1997.87,-1.0,-1.0,-1
XAUUSD:MIDPOINT:5Y,2022-03-08,1997.95,2070.53,1981.09,2050.43,-1.0,-1.0,-1
XAUUSD:MIDPOINT:5Y,2022-03-09,2050.3,2059.26,1976.15,1991.68,-1.0,-1.0,-1
XAUUSD:MIDPOINT:5Y,2022-03-10,1991.8,2009.22,1970.51,1996.8,-1.0,-1.0,-1
XAUUSD:MIDPOINT:5Y,2022-03-11,1995.6,2003.86,1958.75,1987.98,-1.0,-1.0,-1
XAUUSD:MIDPOINT:5Y,2022-03-14,1984.48,1990.24,1949.95,1950.97,-1.0,-1.0,-1
XAUUSD:MIDPOINT:5Y,2022-03-15,1958.85,1958.85,1907.13,1918.04,-1.0,-1.0,-1
XAUUSD:MIDPOINT:5Y,2022-03-16,1925.85,1929.65,1895.19,1927.35,-1.0,-1.0,-1
XAUUSD:MIDPOINT:5Y,2022-03-17,1929.37,1949.81,1923.41,1942.86,-1.0,-1.0,-1
XAUUSD:MIDPOINT:5Y,2022-03-18,1945.2,1945.45,1918.02,1921.57,-1.0,-1.0,-1
XAUUSD:MIDPOINT:5Y,2022-03-21,1922.35,1941.12,1918.06,1935.92,-1.0,-1.0,-1
XAUUSD:MIDPOINT:5Y,2022-03-22,1936.25,1938.38,1910.74,1921.75,-1.0,-1.0,-1
XAUUSD:MIDPOINT:5Y,2022-03-23,1921.66,1948.44,1915.69,1944.08,-1.0,-1.0,-1
XAUUSD:MIDPOINT:5Y,2022-03-24,1942.88,1966.19,1937.52,1957.88,-1.0,-1.0,-1
XAUUSD:MIDPOINT:5Y,2022-03-25,1954.95,1964.42,1943.19,1958.22,-1.0,-1.0,-1
XAUUSD:MIDPOINT:5Y,2022-03-28,1958.32,1959.6,1917.05,1922.99,-1.0,-1.0,-1
XAUUSD:MIDPOINT:5Y,2022-03-29,1923.0,1929.46,1890.26,1919.51,-1.0,-1.0,-1
XAUUSD:MIDPOINT:5Y,2022-03-30,1919.5,1938.62,1916.0,1933.89,-1.0,-1.0,-1
XAUUSD:MIDPOINT:5Y,2022-03-31,1934.3,1949.89,1919.27,1937.37,-1.0,-1.0,-1
XAUUSD:MIDPOINT:5Y,2022-04-01,1937.0,1939.61,1918.09,1925.05,-1.0,-1.0,-1
XAUUSD:MIDPOINT:5Y,2022-04-04,1924.37,1937.08,1915.53,1932.74,-1.0,-1.0,-1
XAUUSD:MIDPOINT:5Y,2022-04-05,1934.9,1944.65,1917.95,1923.59,-1.0,-1.0,-1
XAUUSD:MIDPOINT:5Y,2022-04-06,1924.66,1933.6,1915.08,1925.31,-1.0,-1.0,-1
XAUUSD:MIDPOINT:5Y,2022-04-07,1927.45,1937.88,1920.62,1931.9,-1.0,-1.0,-1
XAUUSD:MIDPOINT:5Y,2022-04-08,1942.91,1948.27,1920.32,1947.39,-1.0,-1.0,-1
XAUUSD:MIDPOINT:5Y,2022-04-11,1946.89,1969.85,1940.03,1953.63,-1.0,-1.0,-1
XAUUSD:MIDPOINT:5Y,2022-04-12,1961.5,1978.72,1946.74,1966.81,-1.0,-1.0,-1
XAUUSD:MIDPOINT:5Y,2022-04-13,1967.0,1981.65,1962.92,1977.79,-1.0,-1.0,-1
XAUUSD:MIDPOINT:5Y,2022-04-14,1979.62,1980.4,1960.67,1973.58,-1.0,-1.0,-1
XAUUSD:MIDPOINT:5Y,2022-04-18,1978.77,1998.48,1976.31,1978.96,-1.0,-1.0,-1
XAUUSD:MIDPOINT:5Y,2022-04-19,1977.14,1981.97,1943.71,1950.1,-1.0,-1.0,-1
XAUUSD:MIDPOINT:5Y,2022-04-20,1945.95,1958.29,1939.43,1957.58,-1.0,-1.0,-1
XAUUSD:MIDPOINT:5Y,2022-04-21,1957.8,1957.91,1936.79,1951.48,-1.0,-1.0,-1
XAUUSD:MIDPOINT:5Y,2022-04-22,1954.7,1955.69,1926.63,1931.56,-1.0,-1.0,-1
XAUUSD:MIDPOINT:5Y,2022-04-25,1930.52,1934.51,1891.52,1897.8,-1.0,-1.0,-1
XAUUSD:MIDPOINT:5Y,2022-04-26,1921.25,1921.25,1895.86,1905.43,-1.0,-1.0,-1
XAUUSD:MIDPOINT:5Y,2022-04-27,1907.55,1907.55,1881.39,1886.11,-1.0,-1.0,-1
XAUUSD:MIDPOINT:5Y,2022-04-28,1884.2,1896.76,1872.2,1894.45,-1.0,-1.0,-1
XAUUSD:MIDPOINT:5Y,2022-04-29,1896.55,1919.95,1892.6,1896.87,-1.0,-1.0,-1
XAUUSD:MIDPOINT:5Y,2022-05-02,1895.86,1900.01,1854.55,1863.05,-1.0,-1.0,-1
XAUUSD:MIDPOINT:5Y,2022-05-03,1865.55,1878.17,1850.5,1868.14,-1.0,-1.0,-1
XAUUSD:MIDPOINT:5Y,2022-05-04,1868.05,1889.9,1861.6,1881.48,-1.0,-1.0,-1
XAUUSD:MIDPOINT:5Y,2022-05-05,1885.3,1909.82,1872.54,1877.26,-1.0,-1.0,-1
XAUUSD:MIDPOINT:5Y,2022-05-06,1876.95,1892.77,1866.23,1883.85,-1.0,-1.0,-1
XAUUSD:MIDPOINT:5Y,2022-05-09,1884.15,1885.8,1851.79,1854.12,-1.0,-1.0,-1
XAUUSD:MIDPOINT:5Y,2022-05-10,1854.75,1865.49,1835.52,1838.56,-1.0,-1.0,-1
XAUUSD:MIDPOINT:5Y,2022-05-11,1837.1,1858.29,1832.07,1852.4,-1.0,-1.0,-1
XAUUSD:MIDPOINT:5Y,2022-05-12,1852.45,1858.84,1821.37,1822.03,-1.0,-1.0,-1
XAUUSD:MIDPOINT:5Y,2022-05-13,1843.85,1843.85,1799.17,1811.84,-1.0,-1.0,-1
XAUUSD:MIDPOINT:5Y,2022-05-16,1811.0,1827.01,1786.92,1824.09,-1.0,-1.0,-1
XAUUSD:MIDPOINT:5Y,2022-05-17,1824.15,1836.15,1812.94,1815.26,-1.0,-1.0,-1
XAUUSD:MIDPOINT:5Y,2022-05-18,1825.6,1825.6,1807.32,1816.6,-1.0,-1.0,-1
XAUUSD:MIDPOINT:5Y,2022-05-19,1829.3,1849.18,1810.95,1841.91,-1.0,-1.0,-1
XAUUSD:MIDPOINT:5Y,2022-05-20,1845.3,1849.47,1832.48,1846.5,-1.0,-1.0,-1
XAUUSD:MIDPOINT:5Y,2022-05-23,1846.04,1865.48,1843.48,1853.62,-1.0,-1.0,-1
XAUUSD:MIDPOINT:5Y,2022-05-24,1856.95,1869.77,1849.38,1866.51,-1.0,-1.0,-1
XAUUSD:MIDPOINT:5Y,2022-05-25,1858.0,1868.09,1842.28,1853.52,-1.0,-1.0,-1
XAUUSD:MIDPOINT:5Y,2022-05-26,1853.61,1854.41,1840.95,1850.74,-1.0,-1.0,-1
XAUUSD:MIDPOINT:5Y,2022-05-27,1850.45,1862.02,1847.99,1853.86,-1.0,-1.0,-1
XAUUSD:MIDPOINT:5Y,2022-05-30,1852.94,1864.09,1848.27,1855.01,-1.0,-1.0,-1
XAUUSD:MIDPOINT:5Y,2022-05-31,1862.7,1862.7,1835.16,1837.35,-1.0,-1.0,-1
XAUUSD:MIDPOINT:5Y,2022-06-01,1836.67,1850.06,1828.57,1846.53,-1.0,-1.0,-1
XAUUSD:MIDPOINT:5Y,2022-06-02,1847.5,1870.46,1838.29,1868.63,-1.0,-1.0,-1
XAUUSD:MIDPOINT:5Y,2022-06-03,1868.61,1874.17,1847.38,1851.17,-1.0,-1.0,-1
XAUUSD:MIDPOINT:5Y,2022-06-06,1851.22,1857.92,1840.67,1842.04,-1.0,-1.0,-1
XAUUSD:MIDPOINT:5Y,2022-06-07,1852.9,1855.61,1837.03,1852.41,-1.0,-1.0,-1
XAUUSD:MIDPOINT:5Y,2022-06-08,1856.35,1859.69,1844.64,1854.18,-1.0,-1.0,-1
XAUUSD:MIDPOINT:5Y,2022-06-09,1847.81,1855.4,1840.14,1847.91,-1.0,-1.0,-1
XAUUSD:MIDPOINT:5Y,2022-06-10,1844.19,1876.0,1825.15,1871.47,-1.0,-1.0,-1
XAUUSD:MIDPOINT:5Y,2022-06-13,1875.76,1878.82,1818.02,1819.15,-1.0,-1.0,-1
XAUUSD:MIDPOINT:5Y,2022-06-14,1831.64,1831.73,1805.22,1808.67,-1.0,-1.0,-1
XAUUSD:MIDPOINT:5Y,2022-06-15,1819.23,1841.96,1807.56,1833.99,-1.0,-1.0,-1
XAUUSD:MIDPOINT:5Y,2022-06-16,1833.25,1857.59,1815.52,1857.31,-1.0,-1.0,-1
XAUUSD:MIDPOINT:5Y,2022-06-17,1839.57,1857.44,1834.0,1839.35,-1.0,-1.0,-1
XAUUSD:MIDPOINT:5Y,2022-06-20,1839.07,1846.18,1835.03,1836.83,-1.0,-1.0,-1
XAUUSD:MIDPOINT:5Y,2022-06-21,1841.65,1843.65,1828.65,1833.0,-1.0,-1.0,-1
XAUUSD:MIDPOINT:5Y,2022-06-22,1836.75,1847.94,1823.43,1837.77,-1.0,-1.0,-1
XAUUSD:MIDPOINT:5Y,2022-06-23,1844.24,1846.48,1822.62,1823.05,-1.0,-1.0,-1
XAUUSD:MIDPOINT:5Y,2022-06-24,1834.55,1834.55,1817.02,1826.66,-1.0,-1.0,-1
XAUUSD:MIDPOINT:5Y,2022-06-27,1837.81,1841.08,1820.85,1823.81,-1.0,-1.0,-1
XAUUSD:MIDPOINT:5Y,2022-06-28,1821.67,1829.6,1818.45,1819.89,-1.0,-1.0,-1
XAUUSD:MIDPOINT:5Y,2022-06-29,1828.65,1833.24,1812.15,1817.69,-1.0,-1.0,-1
XAUUSD:MIDPOINT:5Y,2022-06-30,1819.25,1825.23,1802.69,1807.26,-1.0,-1.0,-1
XAUUSD:MIDPOINT:5Y,2022-07-01,1805.66,1811.72,1784.56,1811.25,-1.0,-1.0,-1
XAUUSD:MIDPOINT:5Y,2022-07-04,1813.25,1814.38,1804.03,1807.69,-1.0,-1.0,-1
XAUUSD:MIDPOINT:5Y,2022-07-05,1821.0,1821.0,1763.95,1765.0,-1.0,-1.0,-1
XAUUSD:MIDPOINT:5Y,2022-07-06,1764.65,1772.91,1732.34,1739.06,-1.0,-1.0,-1
XAUUSD:MIDPOINT:5Y,2022-07-07,1756.25,1756.25,1736.56,1740.11,-1.0,-1.0,-1
XAUUSD:MIDPOINT:5Y,2022-07-08,1738.75,1752.45,1727.51,1742.56,-1.0,-1.0,-1
XAUUSD:MIDPOINT:5Y,2022-07-11,1743.27,1744.61,1731.34,1734.03,-1.0,-1.0,-1
XAUUSD:MIDPOINT:5Y,2022-07-12,1732.61,1744.31,1723.28,1726.77,-1.0,-1.0,-1
XAUUSD:MIDPOINT:5Y,2022-07-13,1725.6,1745.44,1707.06,1735.55,-1.0,-1.0,-1
XAUUSD:MIDPOINT:5Y,2022-07-14,1742.3,1742.3,1697.64,1709.86,-1.0,-1.0,-1
XAUUSD:MIDPOINT:5Y,2022-07-15,1710.52,1716.68,1699.05,1708.19,-1.0,-1.0,-1
XAUUSD:MIDPOINT:5Y,2022-07-18,1707.74,1724.0,1706.1,1709.29,-1.0,-1.0,-1
XAUUSD:MIDPOINT:5Y,2022-07-19,1709.19,1718.46,1705.4,1711.69,-1.0,-1.0,-1
XAUUSD:MIDPOINT:5Y,2022-07-20,1711.44,1714.54,1692.5,1696.69,-1.0,-1.0,-1
XAUUSD:MIDPOINT:5Y,2022-07-21,1708.17,1720.37,1680.9,1718.7,-1.0,-1.0,-1
XAUUSD:MIDPOINT:5Y,2022-07-22,1714.42,1739.35,1712.92,1727.63,-1.0,-1.0,-1
XAUUSD:MIDPOINT:5Y,2022-07-25,1727.94,1736.34,1714.8,1719.81,-1.0,-1.0,-1
XAUUSD:MIDPOINT:5Y,2022-07-26,1719.64,1728.25,1713.71,1717.43,-1.0,-1.0,-1
XAUUSD:MIDPOINT:5Y,2022-07-27,1717.55,1740.39,1711.54,1734.14,-1.0,-1.0,-1
XAUUSD:MIDPOINT:5Y,2022-07-28,1735.07,1757.12,1733.55,1755.84,-1.0,-1.0,-1
XAUUSD:MIDPOINT:5Y,2022-07-29,1755.89,1768.02,1752.14,1765.84,-1.0,-1.0,-1
XAUUSD:MIDPOINT:5Y,2022-08-01,1765.82,1775.44,1758.4,1772.26,-1.0,-1.0,-1
XAUUSD:MIDPOINT:5Y,2022-08-02,1772.13,1788.09,1760.04,1760.38,-1.0,-1.0,-1
XAUUSD:MIDPOINT:5Y,2022-08-03,1760.95,1772.87,1754.36,1765.28,-1.0,-1.0,-1
XAUUSD:MIDPOINT:5Y,2022-08-04,1765.8,1794.99,1763.38,1791.26,-1.0,-1.0,-1
XAUUSD:MIDPOINT:5Y,2022-08-05,1790.95,1794.91,1765.05,1775.46,-1.0,-1.0,-1
XAUUSD:MIDPOINT:5Y,2022-08-08,1774.72,1790.08,1770.98,1789.02,-1.0,-1.0,-1
XAUUSD:MIDPOINT:5Y,2022-08-09,1788.79,1800.5,1783.27,1794.82,-1.0,-1.0,-1
XAUUSD:MIDPOINT:5Y,2022-08-10,1794.71,1807.97,1787.67,1792.42,-1.0,-1.0,-1
XAUUSD:MIDPOINT:5Y,2022-08-11,1791.99,1799.35,1783.58,1789.7,-1.0,-1.0,-1
XAUUSD:MIDPOINT:5Y,2022-08-12,1789.71,1802.75,1784.98,1802.39,-1.0,-1.0,-1
XAUUSD:MIDPOINT:5Y,2022-08-15,1802.7,1802.7,1773.06,1779.75,-1.0,-1.0,-1
XAUUSD:MIDPOINT:5Y,2022-08-16,1780.0,1783.22,1771.51,1775.75,-1.0,-1.0,-1
XAUUSD:MIDPOINT:5Y,2022-08-17,1776.03,1782.4,1759.86,1764.52,-1.0,-1.0,-1
XAUUSD:MIDPOINT:5Y,2022-08-18,1762.5,1772.48,1755.53,1758.65,-1.0,-1.0,-1
XAUUSD:MIDPOINT:5Y,2022-08-19,1759.5,1759.61,1745.62,1746.83,-1.0,-1.0,-1
XAUUSD:MIDPOINT:5Y,2022-08-22,1746.72,1749.15,1727.83,1736.24,-1.0,-1.0,-1
XAUUSD:MIDPOINT:5Y,2022-08-23,1736.98,1754.16,1730.88,1748.15,-1.0,-1.0,-1
XAUUSD:MIDPOINT:5Y,2022-08-24,1748.45,1755.94,1742.51,1751.69,-1.0,-1.0,-1
XAUUSD:MIDPOINT:5Y,2022-08-25,1751.18,1765.58,1750.02,1758.74,-1.0,-1.0,-1
XAUUSD:MIDPOINT:5Y,2022-08-26,1758.81,1759.06,1734.22,1738.11,-1.0,-1.0,-1
XAUUSD:MIDPOINT:5Y,2022-08-29,1736.4,1745.58,1720.35,1737.25,-1.0,-1.0,-1
XAUUSD:MIDPOINT:5Y,2022-08-30,1737.4,1740.59,1721.2,1723.99,-1.0,-1.0,-1
XAUUSD:MIDPOINT:5Y,2022-08-31,1723.8,1726.61,1709.62,1711.63,-1.0,-1.0,-1
XAUUSD:MIDPOINT:5Y,2022-09-01,1711.6,1711.6,1688.85,1697.51,-1.0,-1.0,-1
XAUUSD:MIDPOINT:5Y,2022-09-02,1696.8,1717.99,1695.05,1712.19,-1.0,-1.0,-1
XAUUSD:MIDPOINT:5Y,2022-09-05,1713.0,1715.86,1707.78,1709.84,-1.0,-1.0,-1
XAUUSD:MIDPOINT:5Y,2022-09-06,1709.45,1726.81,1700.0,1702.17,-1.0,-1.0,-1
XAUUSD:MIDPOINT:5Y,2022-09-07,1702.2,1719.49,1691.36,1718.54,-1.0,-1.0,-1
XAUUSD:MIDPOINT:5Y,2022-09-08,1718.15,1728.25,1703.98,1708.45,-1.0,-1.0,-1
XAUUSD:MIDPOINT:5Y,2022-09-09,1708.94,1729.51,1707.84,1716.72,-1.0,-1.0,-1
XAUUSD:MIDPOINT:5Y,2022-09-12,1717.65,1735.21,1712.06,1725.01,-1.0,-1.0,-1
XAUUSD:MIDPOINT:5Y,2022-09-13,1725.15,1731.85,1697.09,1702.07,-1.0,-1.0,-1
XAUUSD:MIDPOINT:5Y,2022-09-14,1701.51,1707.14,1693.67,1697.3,-1.0,-1.0,-1
XAUUSD:MIDPOINT:5Y,2022-09-15,1697.85,1698.29,1660.41,1666.35,-1.0,-1.0,-1
XAUUSD:MIDPOINT:5Y,2022-09-16,1665.1,1680.46,1654.19,1675.08,-1.0,-1.0,-1
XAUUSD:MIDPOINT:5Y,2022-09-19,1676.7,1680.04,1659.68,1675.79,-1.0,-1.0,-1
XAUUSD:MIDPOINT:5Y,2022-09-20,1676.4,1679.73,1660.05,1665.01,-1.0,-1.0,-1
XAUUSD:MIDPOINT:5Y,2022-09-21,1665.1,1688.15,1653.79,1673.91,-1.0,-1.0,-1
XAUUSD:MIDPOINT:5Y,2022-09-22,1674.23,1684.94,1655.85,1671.16,-1.0,-1.0,-1
XAUUSD:MIDPOINT:5Y,2022-09-23,1671.94,1675.95,1639.79,1643.85,-1.0,-1.0,-1
XAUUSD:MIDPOINT:5Y,2022-09-26,1644.2,1649.81,1621.22,1622.45,-1.0,-1.0,-1
XAUUSD:MIDPOINT:5Y,2022-09-27,1621.95,1642.5,1621.92,1629.45,-1.0,-1.0,-1
XAUUSD:MIDPOINT:5Y,2022-09-28,1628.74,1662.82,1615.0,1660.25,-1.0,-1.0,-1
XAUUSD:MIDPOINT:5Y,2022-09-29,1660.43,1664.95,1641.59,1660.58,-1.0,-1.0,-1
XAUUSD:MIDPOINT:5Y,2022-09-30,1661.52,1675.44,1659.31,1660.76,-1.0,-1.0,-1
XAUUSD:MIDPOINT:5Y,2022-10-03,1662.65,1701.54,1659.65,1699.82,-1.0,-1.0,-1
XAUUSD:MIDPOINT:5Y,2022-10-04,1699.65,1729.55,1695.21,1726.13,-1.0,-1.0,-1
XAUUSD:MIDPOINT:5Y,2022-10-05,1725.78,1727.82,1700.61,1716.34,-1.0,-1.0,-1
XAUUSD:MIDPOINT:5Y,2022-10-06,1716.64,1725.61,1706.99,1713.09,-1.0,-1.0,-1
XAUUSD:MIDPOINT:5Y,2022-10-07,1712.66,1714.9,1690.68,1694.84,-1.0,-1.0,-1
XAUUSD:MIDPOINT:5Y,2022-10-10,1696.07,1699.94,1665.74,1668.67,-1.0,-1.0,-1
XAUUSD:MIDPOINT:5Y,2022-10-11,1668.5,1684.03,1661.03,1666.33,-1.0,-1.0,-1
XAUUSD:MIDPOINT:5Y,2022-10-12,1666.38,1678.38,1661.45,1673.15,-1.0,-1.0,-1
XAUUSD:MIDPOINT:5Y,2022-10-13,1673.35,1682.49,1642.47,1666.53,-1.0,-1.0,-1
XAUUSD:MIDPOINT:5Y,2022-10-14,1665.93,1671.85,1640.26,1645.06,-1.0,-1.0,-1
XAUUSD:MIDPOINT:5Y,2022-10-17,1644.3,1668.49,1643.49,1650.07,-1.0,-1.0,-1
XAUUSD:MIDPOINT:5Y,2022-10-18,1650.2,1660.95,1645.85,1652.18,-1.0,-1.0,-1
XAUUSD:MIDPOINT:5Y,2022-10-19,1652.15,1654.56,1627.7,1629.41,-1.0,-1.0,-1
XAUUSD:MIDPOINT:5Y,2022-10-20,1629.85,1645.72,1622.51,1628.02,-1.0,-1.0,-1
XAUUSD:MIDPOINT:5Y,2022-10-21,1628.03,1658.53,1617.33,1658.53,-1.0,-1.0,-1
XAUUSD:MIDPOINT:5Y,2022-10-24,1658.2,1671.01,1644.0,1649.76,-1.0,-1.0,-1
XAUUSD:MIDPOINT:5Y,2022-10-25,1650.2,1662.53,1638.33,1653.2,-1.0,-1.0,-1
XAUUSD:MIDPOINT:5Y,2022-10-26,1653.29,1674.99,1649.79,1666.09,-1.0,-1.0,-1
XAUUSD:MIDPOINT:5Y,2022-10-27,1664.48,1670.87,1655.0,1663.36,-1.0,-1.0,-1
XAUUSD:MIDPOINT:5Y,2022-10-28,1662.82,1667.11,1638.13,1644.84,-1.0,-1.0,-1
XAUUSD:MIDPOINT:5Y,2022-10-31,1643.69,1645.74,1631.84,1633.55,-1.0,-1.0,-1
XAUUSD:MIDPOINT:5Y,2022-11-01,1633.03,1657.08,1631.0,1648.02,-1.0,-1.0,-1
XAUUSD:MIDPOINT:5Y,2022-11-02,1648.21,1669.61,1634.83,1635.29,-1.0,-1.0,-1
XAUUSD:MIDPOINT:5Y,2022-11-03,1636.52,1641.04,1616.65,1630.17,-1.0,-1.0,-1
XAUUSD:MIDPOINT:5Y,2022-11-04,1629.47,1682.52,1628.69,1681.94,-1.0,-1.0,-1
XAUUSD:MIDPOINT:5Y,2022-11-07,1675.1,1682.02,1667.05,1675.52,-1.0,-1.0,-1
XAUUSD:MIDPOINT:5Y,2022-11-08,1675.0,1716.94,1664.74,1712.36,-1.0,-1.0,-1
XAUUSD:MIDPOINT:5Y,2022-11-09,1711.9,1722.37,1702.22,1706.65,-1.0,-1.0,-1
XAUUSD:MIDPOINT:5Y,2022-11-10,1706.85,1757.33,1703.95,1755.54,-1.0,-1.0,-1
XAUUSD:MIDPOINT:5Y,2022-11-11,1755.05,1772.97,1747.33,1771.23,-1.0,-1.0,-1
XAUUSD:MIDPOINT:5Y,2022-11-14,1766.4,1775.1,1753.26,1771.35,-1.0,-1.0,-1
XAUUSD:MIDPOINT:5Y,2022-11-15,1770.5,1786.59,1767.13,1778.89,-1.0,-1.0,-1
XAUUSD:MIDPOINT:5Y,2022-11-16,1778.46,1785.15,1770.38,1775.75,-1.0,-1.0,-1
XAUUSD:MIDPOINT:5Y,2022-11-17,1773.95,1774.86,1754.54,1760.4,-1.0,-1.0,-1
XAUUSD:MIDPOINT:5Y,2022-11-18,1760.9,1767.75,1747.6,1750.75,-1.0,-1.0,-1
XAUUSD:MIDPOINT:5Y,2022-11-21,1750.4,1753.07,1732.57,1737.95,-1.0,-1.0,-1
XAUUSD:MIDPOINT:5Y,2022-11-22,1739.61,1749.83,1737.1,1740.36,-1.0,-1.0,-1
XAUUSD:MIDPOINT:5Y,2022-11-23,1741.85,1776.32,1726.57,1749.77,-1.0,-1.0,-1
XAUUSD:MIDPOINT:5Y,2022-11-24,1748.32,1758.72,1748.31,1755.08,-1.0,-1.0,-1
XAUUSD:MIDPOINT:5Y,2022-11-25,1755.46,1761.25,1746.03,1756.27,-1.0,-1.0,-1
XAUUSD:MIDPOINT:5Y,2022-11-28,1753.47,1763.76,1739.66,1741.47,-1.0,-1.0,-1
XAUUSD:MIDPOINT:5Y,2022-11-29,1741.49,1759.07,1739.8,1749.93,-1.0,-1.0,-1
XAUUSD:MIDPOINT:5Y,2022-11-30,1752.51,1770.09,1745.04,1768.49,-1.0,-1.0,-1
XAUUSD:MIDPOINT:5Y,2022-12-01,1768.67,1804.25,1768.54,1803.08,-1.0,-1.0,-1
XAUUSD:MIDPOINT:5Y,2022-12-02,1804.67,1806.17,1778.55,1797.63,-1.0,-1.0,-1
XAUUSD:MIDPOINT:5Y,2022-12-05,1797.5,1810.11,1766.0,1768.66,-1.0,-1.0,-1
XAUUSD:MIDPOINT:5Y,2022-12-06,1767.28,1780.92,1767.27,1771.12,-1.0,-1.0,-1
XAUUSD:MIDPOINT:5Y,2022-12-07,1770.99,1790.56,1768.79,1786.25,-1.0,-1.0,-1
XAUUSD:MIDPOINT:5Y,2022-12-08,1786.14,1794.92,1781.46,1789.02,-1.0,-1.0,-1
XAUUSD:MIDPOINT:5Y,2022-12-09,1789.26,1806.17,1788.57,1797.42,-1.0,-1.0,-1
XAUUSD:MIDPOINT:5Y,2022-12-12,1800.78,1802.82,1777.61,1781.42,-1.0,-1.0,-1
XAUUSD:MIDPOINT:5Y,2022-12-13,1781.14,1824.56,1780.72,1810.84,-1.0,-1.0,-1
XAUUSD:MIDPOINT:5Y,2022-12-14,1810.27,1814.28,1793.75,1807.29,-1.0,-1.0,-1
XAUUSD:MIDPOINT:5Y,2022-12-15,1808.46,1809.12,1773.82,1776.85,-1.0,-1.0,-1
XAUUSD:MIDPOINT:5Y,2022-12-16,1776.9,1794.3,1774.39,1793.11,-1.0,-1.0,-1
XAUUSD:MIDPOINT:5Y,2022-12-19,1794.85,1798.88,1783.87,1787.87,-1.0,-1.0,-1
XAUUSD:MIDPOINT:5Y,2022-12-20,1787.96,1821.23,1784.68,1817.88,-1.0,-1.0,-1
XAUUSD:MIDPOINT:5Y,2022-12-21,1818.55,1823.9,1811.87,1814.72,-1.0,-1.0,-1
XAUUSD:MIDPOINT:5Y,2022-12-22,1814.43,1820.47,1784.78,1792.53,-1.0,-1.0,-1
XAUUSD:MIDPOINT:5Y,2022-12-23,1798.42,1806.25,1791.23,1798.2,-1.0,-1.0,-1
XAUUSD:MIDPOINT:5Y,2022-12-27,1801.5,1833.45,1800.18,1813.67,-1.0,-1.0,-1
XAUUSD:MIDPOINT:5Y,2022-12-28,1813.22,1814.76,1797.1,1804.31,-1.0,-1.0,-1
XAUUSD:MIDPOINT:5Y,2022-12-29,1803.73,1820.27,1803.73,1817.2,-1.0,-1.0,-1
XAUUSD:MIDPOINT:5Y,2022-12-30,1814.11,1826.18,1813.39,1824.85,-1.0,-1.0,-1
XAUUSD:MIDPOINT:5Y,2023-01-03,1825.64,1849.98,1824.05,1839.48,-1.0,-1.0,-1
XAUUSD:MIDPOINT:5Y,2023-01-04,1840.0,1865.19,1836.28,1854.58,-1.0,-1.0,-1
XAUUSD:MIDPOINT:5Y,2023-01-05,1854.87,1859.03,1825.15,1832.87,-1.0,-1.0,-1
XAUUSD:MIDPOINT:5Y,2023-01-06,1839.57,1869.94,1830.8,1865.63,-1.0,-1.0,-1
XAUUSD:MIDPOINT:5Y,2023-01-09,1868.16,1881.66,1865.4,1871.86,-1.0,-1.0,-1
XAUUSD:MIDPOINT:5Y,2023-01-10,1871.74,1880.86,1868.03,1877.02,-1.0,-1.0,-1
XAUUSD:MIDPOINT:5Y,2023-01-11,1879.02,1886.67,1867.25,1875.71,-1.0,-1.0,-1
XAUUSD:MIDPOINT:5Y,2023-01-12,1876.56,1901.81,1870.87,1897.14,-1.0,-1.0,-1
XAUUSD:MIDPOINT:5Y,2023-01-13,1897.32,1921.93,1892.36,1920.26,-1.0,-1.0,-1
XAUUSD:MIDPOINT:5Y,2023-01-16,1920.61,1929.0,1910.94,1914.38,-1.0,-1.0,-1
XAUUSD:MIDPOINT:5Y,2023-01-17,1915.71,1919.03,1903.83,1908.65,-1.0,-1.0,-1
XAUUSD:MIDPOINT:5Y,2023-01-18,1908.66,1925.92,1896.77,1904.17,-1.0,-1.0,-1
XAUUSD:MIDPOINT:5Y,2023-01-19,1906.23,1935.26,1901.0,1932.22,-1.0,-1.0,-1
XAUUSD:MIDPOINT:5Y,2023-01-20,1932.82,1937.62,1920.74,1926.18,-1.0,-1.0,-1
XAUUSD:MIDPOINT:5Y,2023-01-23,1925.8,1935.63,1911.46,1931.38,-1.0,-1.0,-1
XAUUSD:MIDPOINT:5Y,2023-01-24,1932.08,1942.57,1917.18,1937.38,-1.0,-1.0,-1
XAUUSD:MIDPOINT:5Y,2023-01-25,1937.66,1948.09,1920.01,1945.98,-1.0,-1.0,-1
XAUUSD:MIDPOINT:5Y,2023-01-26,1947.18,1949.23,1918.68,1929.22,-1.0,-1.0,-1
XAUUSD:MIDPOINT:5Y,2023-01-27,1929.2,1935.12,1916.74,1928.48,-1.0,-1.0,-1
XAUUSD:MIDPOINT:5Y,2023-01-30,1928.85,1934.42,1920.87,1923.71,-1.0,-1.0,-1
XAUUSD:MIDPOINT:5Y,2023-01-31,1923.6,1931.22,1900.87,1928.41,-1.0,-1.0,-1
XAUUSD:MIDPOINT:5Y,2023-02-01,1927.9,1954.64,1920.53,1950.36,-1.0,-1.0,-1
XAUUSD:MIDPOINT:5Y,2023-02-02,1951.17,1959.76,1911.37,1913.21,-1.0,-1.0,-1
XAUUSD:MIDPOINT:5Y,2023-02-03,1912.49,1918.69,1861.43,1864.96,-1.0,-1.0,-1
XAUUSD:MIDPOINT:5Y,2023-02-06,1864.93,1881.43,1860.36,1867.44,-1.0,-1.0,-1
XAUUSD:MIDPOINT:5Y,2023-02-07,1868.25,1884.49,1865.05,1873.38,-1.0,-1.0,-1
XAUUSD:MIDPOINT:5Y,2023-02-08,1872.23,1886.53,1869.23,1875.61,-1.0,-1.0,-1
XAUUSD:MIDPOINT:5Y,2023-02-09,1877.04,1890.28,1858.93,1861.73,-1.0,-1.0,-1
XAUUSD:MIDPOINT:5Y,2023-02-10,1862.64,1872.25,1852.86,1865.59,-1.0,-1.0,-1
XAUUSD:MIDPOINT:5Y,2023-02-13,1864.19,1866.6,1850.48,1853.99,-1.0,-1.0,-1
XAUUSD:MIDPOINT:5Y,2023-02-14,1854.48,1870.78,1843.37,1854.32,-1.0,-1.0,-1
XAUUSD:MIDPOINT:5Y,2023-02-15,1855.42,1860.42,1830.21,1836.88,-1.0,-1.0,-1
XAUUSD:MIDPOINT:5Y,2023-02-16,1836.0,1845.34,1827.67,1837.86,-1.0,-1.0,-1
XAUUSD:MIDPOINT:5Y,2023-02-17,1840.36,1843.72,1819.07,1842.23,-1.0,-1.0,-1
XAUUSD:MIDPOINT:5Y,2023-02-20,1841.24,1847.56,1837.39,1841.42,-1.0,-1.0,-1
XAUUSD:MIDPOINT:5Y,2023-02-21,1842.93,1846.19,1830.28,1835.67,-1.0,-1.0,-1
XAUUSD:MIDPOINT:5Y,2023-02-22,1836.11,1846.08,1823.52,1825.37,-1.0,-1.0,-1
XAUUSD:MIDPOINT:5Y,2023-02-23,1826.58,1833.87,1817.47,1822.36,-1.0,-1.0,-1
XAUUSD:MIDPOINT:5Y,2023-02-24,1823.84,1827.9,1809.03,1811.15,-1.0,-1.0,-1
XAUUSD:MIDPOINT:5Y,2023-02-27,1813.06,1820.18,1806.7,1817.97,-1.0,-1.0,-1
XAUUSD:MIDPOINT:5Y,2023-02-28,1817.98,1831.21,1805.01,1826.84,-1.0,-1.0,-1
XAUUSD:MIDPOINT:5Y,2023-03-01,1826.38,1844.68,1823.12,1836.7,-1.0,-1.0,-1
XAUUSD:MIDPOINT:5Y,2023-03-02,1837.42,1838.99,1829.95,1836.51,-1.0,-1.0,-1
XAUUSD:MIDPOINT:5Y,2023-03-03,1837.37,1857.08,1835.66,1856.43,-1.0,-1.0,-1
XAUUSD:MIDPOINT:5Y,2023-03-06,1855.43,1858.37,1845.15,1846.96,-1.0,-1.0,-1
XAUUSD:MIDPOINT:5Y,2023-03-07,1849.76,1851.74,1812.81,1813.51,-1.0,-1.0,-1
XAUUSD:MIDPOINT:5Y,2023-03-08,1816.09,1824.34,1809.5,1813.83,-1.0,-1.0,-1
XAUUSD:MIDPOINT:5Y,2023-03-09,1817.47,1835.75,1812.08,1833.02,-1.0,-1.0,-1
XAUUSD:MIDPOINT:5Y,2023-03-10,1832.95,1870.27,1827.78,1868.09,-1.0,-1.0,-1
XAUUSD:MIDPOINT:5Y,2023-03-13,1869.48,1914.66,1869.47,1913.85,-1.0,-1.0,-1
XAUUSD:MIDPOINT:5Y,2023-03-14,1913.31,1914.26,1895.45,1904.14,-1.0,-1.0,-1
XAUUSD:MIDPOINT:5Y,2023-03-15,1903.9,1937.42,1885.71,1918.56,-1.0,-1.0,-1
XAUUSD:MIDPOINT:5Y,2023-03-16,1921.45,1933.56,1907.58,1917.25,-1.0,-1.0,-1
XAUUSD:MIDPOINT:5Y,2023-03-17,1920.56,1989.22,1918.3,1988.87,-1.0,-1.0,-1
XAUUSD:MIDPOINT:5Y,2023-03-20,1985.94,2009.85,1966.01,1978.88,-1.0,-1.0,-1
XAUUSD:MIDPOINT:5Y,2023-03-21,1978.21,1985.27,1935.48,1939.68,-1.0,-1.0,-1
XAUUSD:MIDPOINT:5Y,2023-03-22,1939.93,1978.94,1934.31,1968.86,-1.0,-1.0,-1
XAUUSD:MIDPOINT:5Y,2023-03-23,1970.43,2003.33,1964.59,1993.4,-1.0,-1.0,-1
XAUUSD:MIDPOINT:5Y,2023-03-24,1992.98,2003.0,1975.3,1977.33,-1.0,-1.0,-1
XAUUSD:MIDPOINT:5Y,2023-03-27,1975.3,1980.7,1944.09,1956.2,-1.0,-1.0,-1
XAUUSD:MIDPOINT:5Y,2023-03-28,1957.27,1975.26,1949.22,1973.39,-1.0,-1.0,-1
XAUUSD:MIDPOINT:5Y,2023-03-29,1973.19,1974.51,1958.75,1963.07,-1.0,-1.0,-1
XAUUSD:MIDPOINT:5Y,2023-03-30,1964.13,1984.4,1955.55,1979.78,-1.0,-1.0,-1
XAUUSD:MIDPOINT:5Y,2023-03-31,1981.87,1987.72,1967.0,1969.2,-1.0,-1.0,-1
XAUUSD:MIDPOINT:5Y,2023-04-03,1972.94,1990.51,1949.84,1985.26,-1.0,-1.0,-1
XAUUSD:MIDPOINT:5Y,2023-04-04,1986.33,2025.15,1977.11,2020.73,-1.0,-1.0,-1
XAUUSD:MIDPOINT:5Y,2023-04-05,2020.88,2032.13,2010.23,2019.97,-1.0,-1.0,-1
XAUUSD:MIDPOINT:5Y,2023-04-06,2021.04,2021.48,2000.91,2009.36,-1.0,-1.0,-1
XAUUSD:MIDPOINT:5Y,2023-04-10,2002.28,2043.46,1981.76,1991.33,-1.0,-1.0,-1
XAUUSD:MIDPOINT:5Y,2023-04-11,1992.03,2007.52,1988.88,2005.02,-1.0,-1.0,-1
XAUUSD:MIDPOINT:5Y,2023-04-12,2003.77,2028.41,2001.24,2015.71,-1.0,-1.0,-1
XAUUSD:MIDPOINT:5Y,2023-04-13,2016.06,2048.81,2014.0,2039.62,-1.0,-1.0,-1
XAUUSD:MIDPOINT:5Y,2023-04-14,2040.35,2047.48,1992.47,2004.21,-1.0,-1.0,-1
XAUUSD:MIDPOINT:5Y,2023-04-17,2001.45,2029.05,1981.24,1996.25,-1.0,-1.0,-1
XAUUSD:MIDPOINT:5Y,2023-04-18,1995.31,2011.9,1991.34,2004.39,-1.0,-1.0,-1
XAUUSD:MIDPOINT:5Y,2023-04-19,2005.2,2008.24,1969.32,1994.53,-1.0,-1.0,-1
XAUUSD:MIDPOINT:5Y,2023-04-20,1995.28,2012.42,1990.59,2005.39,-1.0,-1.0,-1
XAUUSD:MIDPOINT:5Y,2023-04-21,2004.64,2005.63,1971.7,1982.97,-1.0,-1.0,-1
XAUUSD:MIDPOINT:5Y,2023-04-24,1981.4,1990.84,1974.15,1989.69,-1.0,-1.0,-1
XAUUSD:MIDPOINT:5Y,2023-04-25,1989.23,2003.91,1976.19,1998.0,-1.0,-1.0,-1
XAUUSD:MIDPOINT:5Y,2023-04-26,1997.3,2009.42,1983.39,1987.72,-1.0,-1.0,-1
XAUUSD:MIDPOINT:5Y,2023-04-27,1992.2,2003.59,1974.15,1988.21,-1.0,-1.0,-1
XAUUSD:MIDPOINT:5Y,2023-04-28,1988.0,1995.13,1976.14,1989.38,-1.0,-1.0,-1
XAUUSD:MIDPOINT:5Y,2023-05-01,1991.35,2006.12,1977.13,1981.8,-1.0,-1.0,-1
XAUUSD:MIDPOINT:5Y,2023-05-02,1981.91,2019.45,1978.5,2015.11,-1.0,-1.0,-1
XAUUSD:MIDPOINT:5Y,2023-05-03,2017.17,2040.44,2008.16,2038.05,-1.0,-1.0,-1
XAUUSD:MIDPOINT:5Y,2023-05-04,2022.53,2096.02,2022.52,2050.16,-1.0,-1.0,-1
XAUUSD:MIDPOINT:5Y,2023-05-05,2051.91,2053.07,1999.6,2016.72,-1.0,-1.0,-1
XAUUSD:MIDPOINT:5Y,2023-05-08,2021.26,2029.39,2014.35,2021.53,-1.0,-1.0,-1
XAUUSD:MIDPOINT:5Y,2023-05-09,2021.01,2037.63,2019.56,2034.37,-1.0,-1.0,-1
XAUUSD:MIDPOINT:5Y,2023-05-10,2034.41,2048.28,2021.64,2031.77,-1.0,-1.0,-1
XAUUSD:MIDPOINT:5Y,2023-05-11,2030.1,2041.35,2011.19,2014.8,-1.0,-1.0,-1
XAUUSD:MIDPOINT:5Y,2023-05-12,2014.97,2022.63,2001.03,2010.86,-1.0,-1.0,-1
XAUUSD:MIDPOINT:5Y,2023-05-15,2008.2,2022.23,2007.6,2015.85,-1.0,-1.0,-1
XAUUSD:MIDPOINT:5Y,2023-05-16,2016.12,2018.35,1985.52,1989.9,-1.0,-1.0,-1
XAUUSD:MIDPOINT:5Y,2023-05-17,1989.3,1993.07,1975.13,1981.3,-1.0,-1.0,-1
XAUUSD:MIDPOINT:5Y,2023-05-18,1981.88,1986.07,1952.0,1956.31,-1.0,-1.0,-1
XAUUSD:MIDPOINT:5Y,2023-05-19,1957.72,1984.34,1954.07,1977.77,-1.0,-1.0,-1
XAUUSD:MIDPOINT:5Y,2023-05-22,1977.15,1982.64,1968.95,1971.9,-1.0,-1.0,-1
XAUUSD:MIDPOINT:5Y,2023-05-23,1973.0,1977.75,1954.4,1976.01,-1.0,-1.0,-1
XAUUSD:MIDPOINT:5Y,2023-05-24,1975.57,1985.46,1956.77,1958.24,-1.0,-1.0,-1
XAUUSD:MIDPOINT:5Y,2023-05-25,1957.4,1964.79,1939.0,1942.89,-1.0,-1.0,-1
XAUUSD:MIDPOINT:5Y,2023-05-26,1941.36,1957.34,1936.83,1945.84,-1.0,-1.0,-1
XAUUSD:MIDPOINT:5Y,2023-05-29,1946.07,1949.74,1940.31,1943.32,-1.0,-1.0,-1
XAUUSD:MIDPOINT:5Y,2023-05-30,1940.48,1963.58,1932.13,1959.29,-1.0,-1.0,-1
XAUUSD:MIDPOINT:5Y,2023-05-31,1955.47,1974.85,1953.72,1963.01,-1.0,-1.0,-1
XAUUSD:MIDPOINT:5Y,2023-06-01,1962.91,1983.15,1953.42,1977.66,-1.0,-1.0,-1
XAUUSD:MIDPOINT:5Y,2023-06-02,1977.1,1983.5,1947.79,1948.11,-1.0,-1.0,-1
XAUUSD:MIDPOINT:5Y,2023-06-05,1956.01,1964.13,1938.17,1961.88,-1.0,-1.0,-1
XAUUSD:MIDPOINT:5Y,2023-06-06,1961.66,1966.42,1954.42,1963.8,-1.0,-1.0,-1
XAUUSD:MIDPOINT:5Y,2023-06-07,1966.68,1970.28,1940.0,1940.45,-1.0,-1.0,-1
XAUUSD:MIDPOINT:5Y,2023-06-08,1940.86,1970.52,1940.19,1964.25,-1.0,-1.0,-1
XAUUSD:MIDPOINT:5Y,2023-06-09,1965.39,1973.07,1956.66,1961.62,-1.0,-1.0,-1
XAUUSD:MIDPOINT:5Y,2023-06-12,1960.85,1967.02,1949.28,1955.9,-1.0,-1.0,-1
XAUUSD:MIDPOINT:5Y,2023-06-13,1957.41,1971.17,1940.1,1944.25,-1.0,-1.0,-1
XAUUSD:MIDPOINT:5Y,2023-06-14,1949.5,1960.38,1939.8,1942.57,-1.0,-1.0,-1
XAUUSD:MIDPOINT:5Y,2023-06-15,1942.79,1960.3,1925.1,1957.49,-1.0,-1.0,-1
XAUUSD:MIDPOINT:5Y,2023-06-16,1957.89,1967.95,1953.32,1956.86,-1.0,-1.0,-1
XAUUSD:MIDPOINT:5Y,2023-06-19,1958.45,1958.87,1947.91,1949.83,-1.0,-1.0,-1
XAUUSD:MIDPOINT:5Y,2023-06-20,1951.28,1956.85,1929.83,1936.08,-1.0,-1.0,-1
XAUUSD:MIDPOINT:5Y,2023-06-21,1936.17,1939.56,1919.28,1931.48,-1.0,-1.0,-1
XAUUSD:MIDPOINT:5Y,2023-06-22,1932.71,1935.03,1912.53,1913.42,-1.0,-1.0,-1
XAUUSD:MIDPOINT:5Y,2023-06-23,1913.58,1937.53,1910.24,1920.74,-1.0,-1.0,-1
XAUUSD:MIDPOINT:5Y,2023-06-26,1926.4,1933.41,1921.58,1923.18,-1.0,-1.0,-1
XAUUSD:MIDPOINT:5Y,2023-06-27,1923.22,1930.72,1911.0,1913.16,-1.0,-1.0,-1
XAUUSD:MIDPOINT:5Y,2023-06-28,1913.98,1917.3,1902.88,1907.6,-1.0,-1.0,-1
XAUUSD:MIDPOINT:5Y,2023-06-29,1907.6,1913.21,1893.05,1908.4,-1.0,-1.0,-1
XAUUSD:MIDPOINT:5Y,2023-06-30,1908.02,1922.8,1900.61,1919.85,-1.0,-1.0,-1
XAUUSD:MIDPOINT:5Y,2023-07-03,1922.69,1931.1,1910.2,1922.78,-1.0,-1.0,-1
XAUUSD:MIDPOINT:5Y,2023-07-04,1927.84,1930.8,1919.86,1925.09,-1.0,-1.0,-1
XAUUSD:MIDPOINT:5Y,2023-07-05,1924.77,1935.13,1915.0,1916.41,-1.0,-1.0,-1
XAUUSD:MIDPOINT:5Y,2023-07-06,1915.1,1927.59,1902.73,1910.93,-1.0,-1.0,-1
XAUUSD:MIDPOINT:5Y,2023-07-07,1910.94,1934.93,1909.64,1924.93,-1.0,-1.0,-1
XAUUSD:MIDPOINT:5Y,2023-07-10,1924.65,1928.29,1912.73,1926.0,-1.0,-1.0,-1
XAUUSD:MIDPOINT:5Y,2023-07-11,1925.27,1938.42,1924.41,1931.69,-1.0,-1.0,-1
XAUUSD:MIDPOINT:5Y,2023-07-12,1932.87,1959.74,1932.27,1956.93,-1.0,-1.0,-1
XAUUSD:MIDPOINT:5Y,2023-07-13,1957.82,1963.82,1952.37,1959.93,-1.0,-1.0,-1
XAUUSD:MIDPOINT:5Y,2023-07-14,1960.66,1963.82,1951.0,1955.39,-1.0,-1.0,-1
XAUUSD:MIDPOINT:5Y,2023-07-17,1954.3,1959.89,1945.88,1955.43,-1.0,-1.0,-1
XAUUSD:MIDPOINT:5Y,2023-07-18,1954.5,1984.48,1954.13,1978.88,-1.0,-1.0,-1
XAUUSD:MIDPOINT:5Y,2023-07-19,1978.86,1980.96,1969.84,1977.15,-1.0,-1.0,-1
XAUUSD:MIDPOINT:5Y,2023-07-20,1979.02,1987.56,1965.38,1969.38,-1.0,-1.0,-1
XAUUSD:MIDPOINT:5Y,2023-07-21,1974.53,1974.53,1956.9,1961.89,-1.0,-1.0,-1
XAUUSD:MIDPOINT:5Y,2023-07-24,1969.04,1969.04,1953.38,1954.53,-1.0,-1.0,-1
XAUUSD:MIDPOINT:5Y,2023-07-25,1962.4,1965.72,1951.74,1964.89,-1.0,-1.0,-1
XAUUSD:MIDPOINT:5Y,2023-07-26,1968.16,1978.49,1962.08,1972.29,-1.0,-1.0,-1
XAUUSD:MIDPOINT:5Y,2023-07-27,1973.77,1982.29,1942.68,1945.61,-1.0,-1.0,-1
XAUUSD:MIDPOINT:5Y,2023-07-28,1966.59,1966.59,1945.56,1959.38,-1.0,-1.0,-1
XAUUSD:MIDPOINT:5Y,2023-07-31,1959.52,1972.47,1950.47,1965.59,-1.0,-1.0,-1
XAUUSD:MIDPOINT:5Y,2023-08-01,1969.76,1969.77,1941.34,1944.34,-1.0,-1.0,-1
XAUUSD:MIDPOINT:5Y,2023-08-02,1951.7,1954.85,1933.07,1935.0,-1.0,-1.0,-1
XAUUSD:MIDPOINT:5Y,2023-08-03,1943.59,1943.59,1929.61,1933.65,-1.0,-1.0,-1
XAUUSD:MIDPOINT:5Y,2023-08-04,1934.17,1946.96,1924.5,1943.04,-1.0,-1.0,-1
XAUUSD:MIDPOINT:5Y,2023-08-07,1942.5,1946.84,1931.54,1936.84,-1.0,-1.0,-1
XAUUSD:MIDPOINT:5Y,2023-08-08,1937.81,1938.18,1922.77,1925.51,-1.0,-1.0,-1
XAUUSD:MIDPOINT:5Y,2023-08-09,1925.17,1932.39,1914.21,1914.56,-1.0,-1.0,-1
XAUUSD:MIDPOINT:5Y,2023-08-10,1915.01,1930.19,1912.22,1912.3,-1.0,-1.0,-1
XAUUSD:MIDPOINT:5Y,2023-08-11,1912.45,1921.0,1910.92,1913.8,-1.0,-1.0,-1
XAUUSD:MIDPOINT:5Y,2023-08-14,1921.56,1921.56,1902.7,1907.58,-1.0,-1.0,-1
XAUUSD:MIDPOINT:5Y,2023-08-15,1909.04,1911.63,1896.53,1901.92,-1.0,-1.0,-1
XAUUSD:MIDPOINT:5Y,2023-08-16,1909.34,1909.34,1891.63,1892.39,-1.0,-1.0,-1
XAUUSD:MIDPOINT:5Y,2023-08-17,1901.62,1903.52,1885.07,1889.29,-1.0,-1.0,-1
XAUUSD:MIDPOINT:5Y,2023-08-18,1899.98,1899.98,1886.82,1889.5,-1.0,-1.0,-1
XAUUSD:MIDPOINT:5Y,2023-08-21,1896.57,1898.86,1884.88,1895.13,-1.0,-1.0,-1
XAUUSD:MIDPOINT:5Y,2023-08-22,1895.56,1904.49,1889.16,1897.4,-1.0,-1.0,-1
XAUUSD:MIDPOINT:5Y,2023-08-23,1906.19,1920.42,1897.36,1915.76,-1.0,-1.0,-1
XAUUSD:MIDPOINT:5Y,2023-08-24,1920.62,1923.42,1911.84,1916.87,-1.0,-1.0,-1
XAUUSD:MIDPOINT:5Y,2023-08-25,1919.37,1922.47,1903.84,1914.93,-1.0,-1.0,-1
XAUUSD:MIDPOINT:5Y,2023-08-28,1912.51,1926.11,1912.51,1920.15,-1.0,-1.0,-1
XAUUSD:MIDPOINT:5Y,2023-08-29,1918.47,1938.25,1914.5,1937.22,-1.0,-1.0,-1
XAUUSD:MIDPOINT:5Y,2023-08-30,1937.9,1949.11,1935.04,1942.65,-1.0,-1.0,-1
XAUUSD:MIDPOINT:5Y,2023-08-31,1946.29,1947.93,1939.09,1940.16,-1.0,-1.0,-1
XAUUSD:MIDPOINT:5Y,2023-09-01,1939.92,1953.02,1934.45,1939.71,-1.0,-1.0,-1
XAUUSD:MIDPOINT:5Y,2023-09-04,1940.47,1946.36,1936.75,1938.6,-1.0,-1.0,-1
XAUUSD:MIDPOINT:5Y,2023-09-05,1942.4,1942.4,1925.34,1926.08,-1.0,-1.0,-1
XAUUSD:MIDPOINT:5Y,2023-09-06,1930.83,1930.83,1915.5,1916.5,-1.0,-1.0,-1
XAUUSD:MIDPOINT:5Y,2023-09-07,1919.98,1923.66,1916.25,1920.53,-1.0,-1.0,-1
XAUUSD:MIDPOINT:5Y,2023-09-08,1919.82,1929.77,1917.4,1918.89,-1.0,-1.0,-1
XAUUSD:MIDPOINT:5Y,2023-09-11,1917.75,1930.76,1916.95,1922.41,-1.0,-1.0,-1
XAUUSD:MIDPOINT:5Y,2023-09-12,1922.4,1924.57,1907.62,1912.91,-1.0,-1.0,-1
XAUUSD:MIDPOINT:5Y,2023-09-13,1912.45,1915.8,1905.74,1908.7,-1.0,-1.0,-1
XAUUSD:MIDPOINT:5Y,2023-09-14,1915.25,1915.25,1900.87,1910.8,-1.0,-1.0,-1
XAUUSD:MIDPOINT:5Y,2023-09-15,1915.5,1930.45,1909.83,1924.33,-1.0,-1.0,-1
XAUUSD:MIDPOINT:5Y,2023-09-18,1929.66,1934.32,1922.66,1933.67,-1.0,-1.0,-1
XAUUSD:MIDPOINT:5Y,2023-09-19,1937.6,1937.6,1929.82,1931.34,-1.0,-1.0,-1
XAUUSD:MIDPOINT:5Y,2023-09-20,1935.04,1947.5,1927.98,1929.82,-1.0,-1.0,-1
XAUUSD:MIDPOINT:5Y,2023-09-21,1940.89,1940.89,1913.95,1921.09,-1.0,-1.0,-1
XAUUSD:MIDPOINT:5Y,2023-09-22,1923.24,1929.15,1919.63,1925.25,-1.0,-1.0,-1
XAUUSD:MIDPOINT:5Y,2023-09-25,1929.88,1929.89,1915.24,1916.12,-1.0,-1.0,-1
XAUUSD:MIDPOINT:5Y,2023-09-26,1918.79,1920.87,1899.15,1900.84,-1.0,-1.0,-1
XAUUSD:MIDPOINT:5Y,2023-09-27,1906.04,1906.06,1872.58,1875.15,-1.0,-1.0,-1
XAUUSD:MIDPOINT:5Y,2023-09-28,1876.0,1879.69,1857.7,1865.43,-1.0,-1.0,-1
XAUUSD:MIDPOINT:5Y,2023-09-29,1876.24,1879.92,1846.37,1848.74,-1.0,-1.0,-1
XAUUSD:MIDPOINT:5Y,2023-10-02,1848.2,1853.57,1827.23,1828.74,-1.0,-1.0,-1
XAUUSD:MIDPOINT:5Y,2023-10-03,1830.43,1833.47,1815.31,1823.85,-1.0,-1.0,-1
XAUUSD:MIDPOINT:5Y,2023-10-04,1827.97,1839.5,1816.67,1821.41,-1.0,-1.0,-1
XAUUSD:MIDPOINT:5Y,2023-10-05,1825.71,1829.24,1813.04,1820.68,-1.0,-1.0,-1
XAUUSD:MIDPOINT:5Y,2023-10-06,1826.31,1834.94,1810.52,1832.99,-1.0,-1.0,-1
XAUUSD:MIDPOINT:5Y,2023-10-09,1835.38,1863.55,1834.85,1861.1,-1.0,-1.0,-1
XAUUSD:MIDPOINT:5Y,2023-10-10,1865.76,1865.76,1853.07,1860.39,-1.0,-1.0,-1
XAUUSD:MIDPOINT:5Y,2023-10-11,1869.7,1877.25,1858.69,1874.3,-1.0,-1.0,-1
XAUUSD:MIDPOINT:5Y,2023-10-12,1877.16,1885.16,1867.96,1869.06,-1.0,-1.0,-1
XAUUSD:MIDPOINT:5Y,2023-10-13,1885.97,1932.9,1868.96,1931.68,-1.0,-1.0,-1
XAUUSD:MIDPOINT:5Y,2023-10-16,1935.5,1935.75,1908.24,1919.89,-1.0,-1.0,-1
XAUUSD:MIDPOINT:5Y,2023-10-17,1921.98,1931.64,1912.48,1923.08,-1.0,-1.0,-1
XAUUSD:MIDPOINT:5Y,2023-10-18,1930.91,1962.73,1923.36,1947.48,-1.0,-1.0,-1
XAUUSD:MIDPOINT:5Y,2023-10-19,1949.39,1977.75,1945.27,1974.48,-1.0,-1.0,-1
XAUUSD:MIDPOINT:5Y,2023-10-20,1967.38,1997.27,1967.37,1981.34,-1.0,-1.0,-1
XAUUSD:MIDPOINT:5Y,2023-10-23,1984.5,1987.5,1964.42,1973.05,-1.0,-1.0,-1
XAUUSD:MIDPOINT:5Y,2023-10-24,1977.16,1980.94,1953.59,1971.93,-1.0,-1.0,-1
XAUUSD:MIDPOINT:5Y,2023-10-25,1980.22,1987.36,1963.12,1978.68,-1.0,-1.0,-1
XAUUSD:MIDPOINT:5Y,2023-10-26,1985.7,1993.52,1971.83,1986.36,-1.0,-1.0,-1
XAUUSD:MIDPOINT:5Y,2023-10-27,1981.98,2009.57,1976.9,2005.78,-1.0,-1.0,-1
XAUUSD:MIDPOINT:5Y,2023-10-30,1977.49,2007.12,1977.49,1995.35,-1.0,-1.0,-1
XAUUSD:MIDPOINT:5Y,2023-10-31,2001.06,2007.96,1978.88,1985.64,-1.0,-1.0,-1
XAUUSD:MIDPOINT:5Y,2023-11-01,1987.66,1992.6,1969.95,1983.91,-1.0,-1.0,-1
XAUUSD:MIDPOINT:5Y,2023-11-02,1984.88,1991.1,1978.89,1985.93,-1.0,-1.0,-1
XAUUSD:MIDPOINT:5Y,2023-11-03,1983.45,2004.11,1976.52,1992.02,-1.0,-1.0,-1
XAUUSD:MIDPOINT:5Y,2023-11-06,1997.76,1997.76,1977.43,1978.0,-1.0,-1.0,-1
XAUUSD:MIDPOINT:5Y,2023-11-07,1983.42,1983.42,1956.73,1969.14,-1.0,-1.0,-1
XAUUSD:MIDPOINT:5Y,2023-11-08,1968.7,1971.08,1947.56,1950.33,-1.0,-1.0,-1
XAUUSD:MIDPOINT:5Y,2023-11-09,1964.08,1965.75,1944.54,1958.59,-1.0,-1.0,-1
XAUUSD:MIDPOINT:5Y,2023-11-10,1960.95,1966.58,1933.14,1937.99,-1.0,-1.0,-1
XAUUSD:MIDPOINT:5Y,2023-11-13,1937.5,1949.26,1931.66,1946.04,-1.0,-1.0,-1
XAUUSD:MIDPOINT:5Y,2023-11-14,1947.99,1971.01,1943.78,1963.8,-1.0,-1.0,-1
XAUUSD:MIDPOINT:5Y,2023-11-15,1968.44,1975.39,1955.49,1961.53,-1.0,-1.0,-1
XAUUSD:MIDPOINT:5Y,2023-11-16,1962.3,1988.0,1956.51,1981.26,-1.0,-1.0,-1
XAUUSD:MIDPOINT:5Y,2023-11-17,1987.99,1993.45,1978.65,1980.75,-1.0,-1.0,-1
XAUUSD:MIDPOINT:5Y,2023-11-20,1981.59,1985.24,1965.5,1978.07,-1.0,-1.0,-1
XAUUSD:MIDPOINT:5Y,2023-11-21,1978.13,2007.63,1977.97,1999.85,-1.0,-1.0,-1
XAUUSD:MIDPOINT:5Y,2023-11-22,2001.93,2006.44,1987.01,1990.76,-1.0,-1.0,-1
XAUUSD:MIDPOINT:5Y,2023-11-23,1992.91,1998.57,1989.79,1992.73,-1.0,-1.0,-1
XAUUSD:MIDPOINT:5Y,2023-11-24,1994.64,2003.69,1991.51,2002.32,-1.0,-1.0,-1
XAUUSD:MIDPOINT:5Y,2023-11-27,2004.92,2018.16,2000.7,2013.86,-1.0,-1.0,-1
XAUUSD:MIDPOINT:5Y,2023-11-28,2011.03,2042.98,2011.03,2039.58,-1.0,-1.0,-1
XAUUSD:MIDPOINT:5Y,2023-11-29,2043.8,2052.09,2035.55,2044.63,-1.0,-1.0,-1
XAUUSD:MIDPOINT:5Y,2023-11-30,2047.51,2047.51,2031.53,2037.56,-1.0,-1.0,-1
XAUUSD:MIDPOINT:5Y,2023-12-01,2038.74,2075.41,2034.01,2071.51,-1.0,-1.0,-1
XAUUSD:MIDPOINT:5Y,2023-12-04,2071.33,2150.24,2020.15,2030.21,-1.0,-1.0,-1
XAUUSD:MIDPOINT:5Y,2023-12-05,2030.3,2041.31,2010.01,2020.83,-1.0,-1.0,-1
XAUUSD:MIDPOINT:5Y,2023-12-06,2025.6,2035.94,2017.32,2024.75,-1.0,-1.0,-1
XAUUSD:MIDPOINT:5Y,2023-12-07,2031.32,2039.95,2020.22,2028.66,-1.0,-1.0,-1
XAUUSD:MIDPOINT:5Y,2023-12-08,2028.92,2034.08,1994.7,2001.13,-1.0,-1.0,-1
XAUUSD:MIDPOINT:5Y,2023-12-11,2013.47,2013.47,1975.92,1982.62,-1.0,-1.0,-1
XAUUSD:MIDPOINT:5Y,2023-12-12,1996.05,1996.92,1977.25,1979.97,-1.0,-1.0,-1
XAUUSD:MIDPOINT:5Y,2023-12-13,1984.74,2027.83,1973.11,2027.72,-1.0,-1.0,-1
XAUUSD:MIDPOINT:5Y,2023-12-14,2021.37,2047.97,2021.36,2035.87,-1.0,-1.0,-1
XAUUSD:MIDPOINT:5Y,2023-12-15,2045.15,2045.15,2015.66,2022.5,-1.0,-1.0,-1
XAUUSD:MIDPOINT:5Y,2023-12-18,2019.47,2033.76,2015.93,2027.78,-1.0,-1.0,-1
XAUUSD:MIDPOINT:5Y,2023-12-19,2025.0,2047.04,2021.75,2038.79,-1.0,-1.0,-1
XAUUSD:MIDPOINT:5Y,2023-12-20,2043.38,2043.8,2027.45,2032.37,-1.0,-1.0,-1
XAUUSD:MIDPOINT:5Y,2023-12-21,2033.44,2046.07,2031.6,2045.06,-1.0,-1.0,-1
XAUUSD:MIDPOINT:5Y,2023-12-22,2036.39,2070.69,2036.39,2053.36,-1.0,-1.0,-1
XAUUSD:MIDPOINT:5Y,2023-12-26,2054.99,2069.12,2053.46,2066.07,-1.0,-1.0,-1
XAUUSD:MIDPOINT:5Y,2023-12-27,2068.15,2084.53,2061.56,2077.49,-1.0,-1.0,-1
XAUUSD:MIDPOINT:5Y,2023-12-28,2082.28,2088.52,2064.81,2066.2,-1.0,-1.0,-1
XAUUSD:MIDPOINT:5Y,2023-12-29,2066.05,2074.81,2058.27,2063.18,-1.0,-1.0,-1
XAUUSD:MIDPOINT:5Y,2024-01-02,2063.73,2078.95,2056.04,2058.78,-1.0,-1.0,-1
XAUUSD:MIDPOINT:5Y,2024-01-03,2066.47,2066.47,2030.69,2041.18,-1.0,-1.0,-1
XAUUSD:MIDPOINT:5Y,2024-01-04,2041.84,2051.05,2036.28,2044.58,-1.0,-1.0,-1
XAUUSD:MIDPOINT:5Y,2024-01-05,2042.9,2064.03,2024.54,2042.82,-1.0,-1.0,-1
XAUUSD:MIDPOINT:5Y,2024-01-08,2039.62,2046.67,2016.84,2027.68,-1.0,-1.0,-1
XAUUSD:MIDPOINT:5Y,2024-01-09,2028.25,2042.03,2026.15,2030.38,-1.0,-1.0,-1
XAUUSD:MIDPOINT:5Y,2024-01-10,2030.16,2040.31,2020.52,2023.92,-1.0,-1.0,-1
XAUUSD:MIDPOINT:5Y,2024-01-11,2026.35,2044.71,2013.37,2028.84,-1.0,-1.0,-1
XAUUSD:MIDPOINT:5Y,2024-01-12,2028.95,2062.34,2028.84,2048.15,-1.0,-1.0,-1
XAUUSD:MIDPOINT:5Y,2024-01-15,2049.05,2058.7,2045.85,2054.15,-1.0,-1.0,-1
XAUUSD:MIDPOINT:5Y,2024-01-16,2055.57,2057.15,2024.3,2027.22,-1.0,-1.0,-1
XAUUSD:MIDPOINT:5Y,2024-01-17,2025.05,2033.9,2001.91,2006.24,-1.0,-1.0,-1
XAUUSD:MIDPOINT:5Y,2024-01-18,2006.37,2023.22,2005.85,2021.55,-1.0,-1.0,-1
XAUUSD:MIDPOINT:5Y,2024-01-19,2024.5,2039.53,2020.41,2027.0,-1.0,-1.0,-1
XAUUSD:MIDPOINT:5Y,2024-01-22,2029.6,2032.21,2016.53,2022.46,-1.0,-1.0,-1
XAUUSD:MIDPOINT:5Y,2024-01-23,2021.73,2037.94,2019.64,2029.61,-1.0,-1.0,-1
XAUUSD:MIDPOINT:5Y,2024-01-24,2029.47,2036.75,2011.15,2014.09,-1.0,-1.0,-1
XAUUSD:MIDPOINT:5Y,2024-01-25,2015.0,2025.39,2010.25,2018.25,-1.0,-1.0,-1
XAUUSD:MIDPOINT:5Y,2024-01-26,2018.65,2027.21,2015.98,2017.86,-1.0,-1.0,-1
XAUUSD:MIDPOINT:5Y,2024-01-29,2024.7,2037.64,2018.1,2033.26,-1.0,-1.0,-1
XAUUSD:MIDPOINT:5Y,2024-01-30,2026.2,2048.65,2026.2,2036.87,-1.0,-1.0,-1
XAUUSD:MIDPOINT:5Y,2024-01-31,2044.3,2056.08,2031.0,2039.59,-1.0,-1.0,-1
XAUUSD:MIDPOINT:5Y,2024-02-01,2036.0,2065.53,2029.96,2055.85,-1.0,-1.0,-1
XAUUSD:MIDPOINT:5Y,2024-02-02,2054.1,2057.72,2027.9,2037.32,-1.0,-1.0,-1
XAUUSD:MIDPOINT:5Y,2024-02-05,2036.5,2042.36,2014.93,2025.16,-1.0,-1.0,-1
XAUUSD:MIDPOINT:5Y,2024-02-06,2025.06,2038.94,2022.94,2035.64,-1.0,-1.0,-1
XAUUSD:MIDPOINT:5Y,2024-02-07,2034.75,2044.7,2030.64,2034.29,-1.0,-1.0,-1
XAUUSD:MIDPOINT:5Y,2024-02-08,2035.24,2041.91,2020.24,2034.51,-1.0,-1.0,-1
XAUUSD:MIDPOINT:5Y,2024-02-09,2033.05,2037.31,2020.31,2025.05,-1.0,-1.0,-1
XAUUSD:MIDPOINT:5Y,2024-02-12,2024.0,2027.65,2012.01,2020.51,-1.0,-1.0,-1
XAUUSD:MIDPOINT:5Y,2024-02-13,2018.5,2033.31,1990.18,1994.02,-1.0,-1.0,-1
XAUUSD:MIDPOINT:5Y,2024-02-14,1993.4,1996.19,1984.23,1992.26,-1.0,-1.0,-1
XAUUSD:MIDPOINT:5Y,2024-02-15,1992.14,2008.39,1990.28,2004.94,-1.0,-1.0,-1
XAUUSD:MIDPOINT:5Y,2024-02-16,2005.14,2015.22,1995.14,2013.8,-1.0,-1.0,-1
XAUUSD:MIDPOINT:5Y,2024-02-19,2015.99,2023.08,2007.88,2018.06,-1.0,-1.0,-1
XAUUSD:MIDPOINT:5Y,2024-02-20,2017.75,2030.97,2015.08,2025.49,-1.0,-1.0,-1
XAUUSD:MIDPOINT:5Y,2024-02-21,2025.67,2032.36,2020.12,2026.04,-1.0,-1.0,-1
XAUUSD:MIDPOINT:5Y,2024-02-22,2027.74,2034.96,2019.62,2024.42,-1.0,-1.0,-1
XAUUSD:MIDPOINT:5Y,2024-02-23,2026.18,2041.43,2016.11,2035.52,-1.0,-1.0,-1
XAUUSD:MIDPOINT:5Y,2024-02-26,2034.3,2037.08,2025.11,2030.9,-1.0,-1.0,-1
XAUUSD:MIDPOINT:5Y,2024-02-27,2040.37,2040.37,2028.89,2031.26,-1.0,-1.0,-1
XAUUSD:MIDPOINT:5Y,2024-02-28,2031.2,2037.98,2024.56,2033.4,-1.0,-1.0,-1
XAUUSD:MIDPOINT:5Y,2024-02-29,2033.35,2050.8,2028.17,2044.81,-1.0,-1.0,-1
XAUUSD:MIDPOINT:5Y,2024-03-01,2044.45,2088.37,2039.13,2084.39,-1.0,-1.0,-1
XAUUSD:MIDPOINT:5Y,2024-03-04,2081.57,2119.94,2079.6,2113.13,-1.0,-1.0,-1
XAUUSD:MIDPOINT:5Y,2024-03-05,2120.91,2141.93,2110.53,2127.93,-1.0,-1.0,-1
XAUUSD:MIDPOINT:5Y,2024-03-06,2126.8,2152.3,2123.75,2147.44,-1.0,-1.0,-1
XAUUSD:MIDPOINT:5Y,2024-03-07,2149.4,2164.79,2144.4,2160.03,-1.0,-1.0,-1
XAUUSD:MIDPOINT:5Y,2024-03-08,2159.72,2195.22,2154.09,2176.44,-1.0,-1.0,-1
XAUUSD:MIDPOINT:5Y,2024-03-11,2180.18,2189.09,2174.0,2182.61,-1.0,-1.0,-1
XAUUSD:MIDPOINT:5Y,2024-03-12,2186.09,2186.22,2150.67,2158.3,-1.0,-1.0,-1
XAUUSD:MIDPOINT:5Y,2024-03-13,2156.31,2179.9,2153.45,2174.2,-1.0,-1.0,-1
XAUUSD:MIDPOINT:5Y,2024-03-14,2177.61,2179.9,2152.81,2162.23,-1.0,-1.0,-1
XAUUSD:MIDPOINT:5Y,2024-03-15,2163.24,2172.8,2155.23,2159.0,-1.0,-1.0,-1
XAUUSD:MIDPOINT:5Y,2024-03-18,2177.52,2178.4,2146.15,2159.26,-1.0,-1.0,-1
XAUUSD:MIDPOINT:5Y,2024-03-19,2162.49,2165.12,2147.21,2157.48,-1.0,-1.0,-1
XAUUSD:MIDPOINT:5Y,2024-03-20,2159.63,2188.88,2149.65,2185.94,-1.0,-1.0,-1
XAUUSD:MIDPOINT:5Y,2024-03-21,2188.26,2247.73,2166.44,2181.3,-1.0,-1.0,-1
XAUUSD:MIDPOINT:5Y,2024-03-22,2181.55,2186.16,2157.15,2165.3,-1.0,-1.0,-1
XAUUSD:MIDPOINT:5Y,2024-03-25,2165.69,2181.35,2163.59,2172.17,-1.0,-1.0,-1
XAUUSD:MIDPOINT:5Y,2024-03-26,2173.02,2200.17,2167.7,2178.38,-1.0,-1.0,-1
XAUUSD:MIDPOINT:5Y,2024-03-27,2180.32,2197.63,2173.48,2193.86,-1.0,-1.0,-1
XAUUSD:MIDPOINT:5Y,2024-03-28,2195.14,2236.83,2187.44,2230.66,-1.0,-1.0,-1
XAUUSD:MIDPOINT:5Y,2024-04-01,2238.6,2265.75,2228.54,2252.07,-1.0,-1.0,-1
XAUUSD:MIDPOINT:5Y,2024-04-02,2269.09,2281.16,2246.75,2281.11,-1.0,-1.0,-1
XAUUSD:MIDPOINT:5Y,2024-04-03,2281.44,2301.26,2265.49,2298.55,-1.0,-1.0,-1
XAUUSD:MIDPOINT:5Y,2024-04-04,2304.49,2305.72,2279.86,2290.69,-1.0,-1.0,-1
XAUUSD:MIDPOINT:5Y,2024-04-05,2292.1,2330.51,2268.0,2324.79,-1.0,-1.0,-1
XAUUSD:MIDPOINT:5Y,2024-04-08,2310.2,2353.97,2286.65,2339.44,-1.0,-1.0,-1
XAUUSD:MIDPOINT:5Y,2024-04-09,2338.77,2365.38,2335.33,2353.08,-1.0,-1.0,-1
XAUUSD:MIDPOINT:5Y,2024-04-10,2354.17,2360.18,2319.36,2333.83,-1.0,-1.0,-1
XAUUSD:MIDPOINT:5Y,2024-04-11,2333.7,2377.73,2325.86,2372.7,-1.0,-1.0,-1
XAUUSD:MIDPOINT:5Y,2024-04-12,2368.91,2431.56,2333.9,2344.63,-1.0,-1.0,-1
XAUUSD:MIDPOINT:5Y,2024-04-15,2364.5,2387.67,2324.26,2382.85,-1.0,-1.0,-1
XAUUSD:MIDPOINT:5Y,2024-04-16,2380.5,2405.16,2363.07,2383.44,-1.0,-1.0,-1
XAUUSD:MIDPOINT:5Y,2024-04-17,2381.9,2395.64,2354.68,2361.72,-1.0,-1.0,-1
XAUUSD:MIDPOINT:5Y,2024-04-18,2359.36,2392.9,2359.35,2379.62,-1.0,-1.0,-1
XAUUSD:MIDPOINT:5Y,2024-04-19,2383.3,2417.93,2372.89,2390.05,-1.0,-1.0,-1
XAUUSD:MIDPOINT:5Y,2024-04-22,2396.38,2396.38,2324.64,2327.13,-1.0,-1.0,-1
XAUUSD:MIDPOINT:5Y,2024-04-23,2333.74,2334.5,2291.39,2322.24,-1.0,-1.0,-1
XAUUSD:MIDPOINT:5Y,2024-04-24,2327.16,2337.37,2311.84,2316.04,-1.0,-1.0,-1
XAUUSD:MIDPOINT:5Y,2024-04-25,2315.07,2344.91,2304.97,2332.95,-1.0,-1.0,-1
XAUUSD:MIDPOINT:5Y,2024-04-26,2332.72,2352.54,2326.34,2335.5,-1.0,-1.0,-1
XAUUSD:MIDPOINT:5Y,2024-04-29,2338.32,2346.83,2319.91,2335.72,-1.0,-1.0,-1
XAUUSD:MIDPOINT:5Y,2024-04-30,2334.99,2336.38,2285.16,2287.13,-1.0,-1.0,-1
XAUUSD:MIDPOINT:5Y,2024-05-01,2291.26,2328.47,2281.69,2319.31,-1.0,-1.0,-1
XAUUSD:MIDPOINT:5Y,2024-05-02,2322.32,2326.51,2285.56,2303.9,-1.0,-1.0,-1
XAUUSD:MIDPOINT:5Y,2024-05-03,2299.15,2320.82,2277.25,2300.69,-1.0,-1.0,-1
XAUUSD:MIDPOINT:5Y,2024-05-06,2311.83,2332.32,2291.87,2324.4,-1.0,-1.0,-1
XAUUSD:MIDPOINT:5Y,2024-05-07,2332.13,2332.13,2310.08,2314.47,-1.0,-1.0,-1
XAUUSD:MIDPOINT:5Y,2024-05-08,2314.05,2321.52,2303.75,2309.0,-1.0,-1.0,-1
XAUUSD:MIDPOINT:5Y,2024-05-09,2313.69,2347.26,2306.65,2346.88,-1.0,-1.0,-1
XAUUSD:MIDPOINT:5Y,2024-05-10,2348.44,2378.52,2345.35,2364.0,-1.0,-1.0,-1
XAUUSD:MIDPOINT:5Y,2024-05-13,2362.85,2364.55,2332.5,2338.01,-1.0,-1.0,-1
XAUUSD:MIDPOINT:5Y,2024-05-14,2340.57,2359.7,2334.89,2358.03,-1.0,-1.0,-1
XAUUSD:MIDPOINT:5Y,2024-05-15,2357.83,2390.33,2351.87,2385.99,-1.0,-1.0,-1
XAUUSD:MIDPOINT:5Y,2024-05-16,2385.86,2397.55,2371.05,2376.88,-1.0,-1.0,-1
XAUUSD:MIDPOINT:5Y,2024-05-17,2377.89,2422.8,2373.97,2416.52,-1.0,-1.0,-1
XAUUSD:MIDPOINT:5Y,2024-05-20,2418.1,2450.16,2407.32,2426.43,-1.0,-1.0,-1
XAUUSD:MIDPOINT:5Y,2024-05-21,2427.4,2433.99,2406.12,2423.96,-1.0,-1.0,-1
XAUUSD:MIDPOINT:5Y,2024-05-22,2421.5,2429.31,2375.04,2384.05,-1.0,-1.0,-1
XAUUSD:MIDPOINT:5Y,2024-05-23,2386.53,2394.51,2327.05,2331.93,-1.0,-1.0,-1
XAUUSD:MIDPOINT:5Y,2024-05-24,2337.31,2347.52,2325.53,2332.5,-1.0,-1.0,-1
XAUUSD:MIDPOINT:5Y,2024-05-27,2336.82,2358.58,2332.34,2353.12,-1.0,-1.0,-1
XAUUSD:MIDPOINT:5Y,2024-05-28,2352.95,2364.17,2340.31,2360.94,-1.0,-1.0,-1
XAUUSD:MIDPOINT:5Y,2024-05-29,2362.01,2364.0,2334.52,2337.3,-1.0,-1.0,-1
XAUUSD:MIDPOINT:5Y,2024-05-30,2335.95,2351.93,2322.68,2343.36,-1.0,-1.0,-1
XAUUSD:MIDPOINT:5Y,2024-05-31,2349.09,2359.76,2320.61,2328.75,-1.0,-1.0,-1
XAUUSD:MIDPOINT:5Y,2024-06-03,2327.2,2354.79,2314.71,2350.8,-1.0,-1.0,-1
XAUUSD:MIDPOINT:5Y,2024-06-04,2351.4,2352.88,2315.64,2326.92,-1.0,-1.0,-1
XAUUSD:MIDPOINT:5Y,2024-06-05,2327.51,2357.45,2325.96,2355.34,-1.0,-1.0,-1
XAUUSD:MIDPOINT:5Y,2024-06-06,2355.03,2378.59,2353.54,2375.99,-1.0,-1.0,-1
XAUUSD:MIDPOINT:5Y,2024-06-07,2381.93,2387.82,2286.84,2295.0,-1.0,-1.0,-1
XAUUSD:MIDPOINT:5Y,2024-06-10,2291.03,2313.85,2287.8,2311.02,-1.0,-1.0,-1
XAUUSD:MIDPOINT:5Y,2024-06-11,2312.15,2320.06,2297.78,2316.79,-1.0,-1.0,-1
XAUUSD:MIDPOINT:5Y,2024-06-12,2314.31,2341.67,2310.74,2324.47,-1.0,-1.0,-1
XAUUSD:MIDPOINT:5Y,2024-06-13,2329.35,2331.58,2295.6,2304.2,-1.0,-1.0,-1
XAUUSD:MIDPOINT:5Y,2024-06-14,2302.36,2336.75,2299.06,2330.34,-1.0,-1.0,-1
XAUUSD:MIDPOINT:5Y,2024-06-17,2335.61,2335.62,2310.04,2319.07,-1.0,-1.0,-1
XAUUSD:MIDPOINT:5Y,2024-06-18,2320.3,2333.21,2306.65,2329.11,-1.0,-1.0,-1
XAUUSD:MIDPOINT:5Y,2024-06-19,2328.55,2334.98,2323.83,2328.76,-1.0,-1.0,-1
XAUUSD:MIDPOINT:5Y,2024-06-20,2329.48,2365.55,2327.39,2359.59,-1.0,-1.0,-1
XAUUSD:MIDPOINT:5Y,2024-06-21,2360.55,2368.78,2316.77,2323.5,-1.0,-1.0,-1
XAUUSD:MIDPOINT:5Y,2024-06-24,2320.81,2334.81,2317.74,2334.23,-1.0,-1.0,-1
XAUUSD:MIDPOINT:5Y,2024-06-25,2333.51,2337.15,2315.59,2319.18,-1.0,-1.0,-1
XAUUSD:MIDPOINT:5Y,2024-06-26,2321.64,2330.12,2293.71,2297.78,-1.0,-1.0,-1
XAUUSD:MIDPOINT:5Y,2024-06-27,2303.39,2331.08,2296.6,2327.82,-1.0,-1.0,-1
XAUUSD:MIDPOINT:5Y,2024-06-28,2322.94,2339.78,2319.11,2326.88,-1.0,-1.0,-1
XAUUSD:MIDPOINT:5Y,2024-07-01,2334.38,2338.56,2318.6,2331.8,-1.0,-1.0,-1
XAUUSD:MIDPOINT:5Y,2024-07-02,2324.08,2336.87,2318.97,2329.66,-1.0,-1.0,-1
XAUUSD:MIDPOINT:5Y,2024-07-03,2326.81,2364.97,2325.74,2356.06,-1.0,-1.0,-1
XAUUSD:MIDPOINT:5Y,2024-07-04,2352.57,2362.58,2346.26,2356.74,-1.0,-1.0,-1
XAUUSD:MIDPOINT:5Y,2024-07-05,2360.09,2393.03,2348.72,2388.14,-1.0,-1.0,-1
XAUUSD:MIDPOINT:5Y,2024-07-08,2389.46,2392.14,2351.07,2359.07,-1.0,-1.0,-1
XAUUSD:MIDPOINT:5Y,2024-07-09,2359.37,2371.61,2349.3,2364.15,-1.0,-1.0,-1
XAUUSD:MIDPOINT:5Y,2024-07-10,2366.35,2386.74,2363.37,2371.01,-1.0,-1.0,-1
XAUUSD:MIDPOINT:5Y,2024-07-11,2373.6,2424.62,2371.34,2415.26,-1.0,-1.0,-1
XAUUSD:MIDPOINT:5Y,2024-07-12,2413.05,2418.3,2391.5,2412.43,-1.0,-1.0,-1
XAUUSD:MIDPOINT:5Y,2024-07-15,2406.35,2439.87,2401.41,2422.44,-1.0,-1.0,-1
XAUUSD:MIDPOINT:5Y,2024-07-16,2422.59,2469.8,2420.07,2469.14,-1.0,-1.0,-1
XAUUSD:MIDPOINT:5Y,2024-07-17,2464.9,2483.75,2451.57,2458.91,-1.0,-1.0,-1
XAUUSD:MIDPOINT:5Y,2024-07-18,2459.0,2474.94,2440.5,2445.43,-1.0,-1.0,-1
XAUUSD:MIDPOINT:5Y,2024-07-19,2445.88,2445.91,2393.84,2402.4,-1.0,-1.0,-1
XAUUSD:MIDPOINT:5Y,2024-07-22,2409.12,2412.27,2383.93,2396.74,-1.0,-1.0,-1
XAUUSD:MIDPOINT:5Y,2024-07-23,2398.86,2412.1,2388.32,2409.48,-1.0,-1.0,-1
XAUUSD:MIDPOINT:5Y,2024-07-24,2404.74,2432.12,2396.82,2397.22,-1.0,-1.0,-1
XAUUSD:MIDPOINT:5Y,2024-07-25,2403.8,2403.95,2353.16,2364.26,-1.0,-1.0,-1
XAUUSD:MIDPOINT:5Y,2024-07-26,2364.7,2390.85,2355.9,2386.45,-1.0,-1.0,-1
XAUUSD:MIDPOINT:5Y,2024-07-29,2387.12,2403.24,2369.71,2384.32,-1.0,-1.0,-1
XAUUSD:MIDPOINT:5Y,2024-07-30,2380.41,2412.92,2376.53,2410.36,-1.0,-1.0,-1
XAUUSD:MIDPOINT:5Y,2024-07-31,2407.09,2451.01,2403.99,2447.86,-1.0,-1.0,-1
XAUUSD:MIDPOINT:5Y,2024-08-01,2456.32,2462.37,2430.26,2446.62,-1.0,-1.0,-1
XAUUSD:MIDPOINT:5Y,2024-08-02,2449.32,2477.74,2410.88,2447.52,-1.0,-1.0,-1
XAUUSD:MIDPOINT:5Y,2024-08-05,2456.88,2458.85,2364.35,2411.29,-1.0,-1.0,-1
XAUUSD:MIDPOINT:5Y,2024-08-06,2408.0,2420.21,2381.64,2391.74,-1.0,-1.0,-1
XAUUSD:MIDPOINT:5Y,2024-08-07,2393.75,2407.14,2379.09,2382.7,-1.0,-1.0,-1
XAUUSD:MIDPOINT:5Y,2024-08-08,2391.89,2427.78,2380.89,2427.6,-1.0,-1.0,-1
XAUUSD:MIDPOINT:5Y,2024-08-09,2435.15,2437.1,2416.92,2430.13,-1.0,-1.0,-1
XAUUSD:MIDPOINT:5Y,2024-08-12,2440.27,2473.28,2423.84,2472.59,-1.0,-1.0,-1
XAUUSD:MIDPOINT:5Y,2024-08-13,2465.53,2476.98,2458.57,2465.23,-1.0,-1.0,-1
XAUUSD:MIDPOINT:5Y,2024-08-14,2472.45,2480.42,2438.14,2447.53,-1.0,-1.0,-1
XAUUSD:MIDPOINT:5Y,2024-08-15,2442.35,2470.16,2432.22,2456.94,-1.0,-1.0,-1
XAUUSD:MIDPOINT:5Y,2024-08-16,2451.65,2509.68,2450.82,2505.25,-1.0,-1.0,-1
XAUUSD:MIDPOINT:5Y,2024-08-19,2511.53,2515.2,2485.67,2504.61,-1.0,-1.0,-1
XAUUSD:MIDPOINT:5Y,2024-08-20,2500.83,2531.78,2497.39,2514.12,-1.0,-1.0,-1
XAUUSD:MIDPOINT:5Y,2024-08-21,2508.7,2519.96,2493.88,2512.25,-1.0,-1.0,-1
XAUUSD:MIDPOINT:5Y,2024-08-22,2516.26,2516.68,2470.92,2485.04,-1.0,-1.0,-1
XAUUSD:MIDPOINT:5Y,2024-08-23,2480.36,2518.42,2480.36,2511.47,-1.0,-1.0,-1
XAUUSD:MIDPOINT:5Y,2024-08-26,2511.72,2527.0,2508.81,2517.94,-1.0,-1.0,-1
XAUUSD:MIDPOINT:5Y,2024-08-27,2530.79,2530.79,2503.59,2524.52,-1.0,-1.0,-1
XAUUSD:MIDPOINT:5Y,2024-08-28,2517.1,2529.15,2493.63,2504.47,-1.0,-1.0,-1
XAUUSD:MIDPOINT:5Y,2024-08-29,2500.02,2528.73,2500.01,2520.91,-1.0,-1.0,-1
XAUUSD:MIDPOINT:5Y,2024-08-30,2522.24,2526.94,2494.22,2503.24,-1.0,-1.0,-1
XAUUSD:MIDPOINT:5Y,2024-09-02,2502.98,2507.35,2490.24,2500.01,-1.0,-1.0,-1
XAUUSD:MIDPOINT:5Y,2024-09-03,2511.56,2516.34,2473.51,2492.93,-1.0,-1.0,-1
XAUUSD:MIDPOINT:5Y,2024-09-04,2487.55,2500.36,2471.9,2495.17,-1.0,-1.0,-1
XAUUSD:MIDPOINT:5Y,2024-09-05,2493.79,2523.56,2492.0,2516.97,-1.0,-1.0,-1
XAUUSD:MIDPOINT:5Y,2024-09-06,2504.79,2529.33,2485.25,2492.5,-1.0,-1.0,-1
XAUUSD:MIDPOINT:5Y,2024-09-09,2496.53,2507.28,2485.62,2506.58,-1.0,-1.0,-1
XAUUSD:MIDPOINT:5Y,2024-09-10,2500.2,2518.52,2498.36,2516.69,-1.0,-1.0,-1
XAUUSD:MIDPOINT:5Y,2024-09-11,2519.99,2529.06,2500.94,2511.61,-1.0,-1.0,-1
XAUUSD:MIDPOINT:5Y,2024-09-12,2518.53,2560.14,2511.09,2558.82,-1.0,-1.0,-1
XAUUSD:MIDPOINT:5Y,2024-09-13,2554.3,2586.11,2554.3,2583.14,-1.0,-1.0,-1
XAUUSD:MIDPOINT:5Y,2024-09-16,2578.52,2589.73,2575.27,2582.64,-1.0,-1.0,-1
XAUUSD:MIDPOINT:5Y,2024-09-17,2576.44,2586.99,2560.81,2569.52,-1.0,-1.0,-1
XAUUSD:MIDPOINT:5Y,2024-09-18,2573.2,2600.33,2546.9,2558.82,-1.0,-1.0,-1
XAUUSD:MIDPOINT:5Y,2024-09-19,2559.3,2594.96,2551.13,2586.7,-1.0,-1.0,-1
XAUUSD:MIDPOINT:5Y,2024-09-20,2588.0,2625.81,2583.93,2622.5,-1.0,-1.0,-1
XAUUSD:MIDPOINT:5Y,2024-09-23,2624.77,2634.91,2613.94,2628.42,-1.0,-1.0,-1
XAUUSD:MIDPOINT:5Y,2024-09-24,2632.02,2664.42,2622.71,2657.42,-1.0,-1.0,-1
XAUUSD:MIDPOINT:5Y,2024-09-25,2661.53,2670.65,2649.73,2658.65,-1.0,-1.0,-1
XAUUSD:MIDPOINT:5Y,2024-09-26,2663.51,2685.66,2655.0,2672.52,-1.0,-1.0,-1
XAUUSD:MIDPOINT:5Y,2024-09-27,2673.07,2676.6,2643.2,2658.3,-1.0,-1.0,-1
XAUUSD:MIDPOINT:5Y,2024-09-30,2658.25,2665.96,2624.82,2634.88,-1.0,-1.0,-1
XAUUSD:MIDPOINT:5Y,2024-10-01,2635.99,2673.18,2631.92,2662.82,-1.0,-1.0,-1
XAUUSD:MIDPOINT:5Y,2024-10-02,2663.42,2663.75,2641.17,2658.32,-1.0,-1.0,-1
XAUUSD:MIDPOINT:5Y,2024-10-03,2660.98,2662.97,2637.81,2656.31,-1.0,-1.0,-1
XAUUSD:MIDPOINT:5Y,2024-10-04,2654.63,2670.24,2632.05,2650.37,-1.0,-1.0,-1
XAUUSD:MIDPOINT:5Y,2024-10-07,2652.0,2659.68,2637.87,2642.39,-1.0,-1.0,-1
XAUUSD:MIDPOINT:5Y,2024-10-08,2643.4,2653.11,2604.81,2621.68,-1.0,-1.0,-1
XAUUSD:MIDPOINT:5Y,2024-10-09,2620.39,2624.39,2605.11,2607.83,-1.0,-1.0,-1
XAUUSD:MIDPOINT:5Y,2024-10-10,2608.45,2631.63,2602.82,2629.97,-1.0,-1.0,-1
XAUUSD:MIDPOINT:5Y,2024-10-11,2630.35,2661.49,2628.19,2658.46,-1.0,-1.0,-1
XAUUSD:MIDPOINT:5Y,2024-10-14,2656.1,2666.9,2643.27,2649.03,-1.0,-1.0,-1
XAUUSD:MIDPOINT:5Y,2024-10-15,2657.51,2668.96,2638.19,2663.13,-1.0,-1.0,-1
XAUUSD:MIDPOINT:5Y,2024-10-16,2659.0,2685.58,2658.85,2673.77,-1.0,-1.0,-1
XAUUSD:MIDPOINT:5Y,2024-10-17,2675.1,2696.79,2673.28,2693.07,-1.0,-1.0,-1
XAUUSD:MIDPOINT:5Y,2024-10-18,2689.5,2722.62,2689.5,2721.39,-1.0,-1.0,-1
XAUUSD:MIDPOINT:5Y,2024-10-21,2725.12,2740.63,2714.29,2719.59,-1.0,-1.0,-1
XAUUSD:MIDPOINT:5Y,2024-10-22,2720.27,2748.94,2718.88,2748.32,-1.0,-1.0,-1
XAUUSD:MIDPOINT:5Y,2024-10-23,2741.11,2758.49,2708.78,2714.9,-1.0,-1.0,-1
XAUUSD:MIDPOINT:5Y,2024-10-24,2718.6,2743.34,2716.0,2735.77,-1.0,-1.0,-1
XAUUSD:MIDPOINT:5Y,2024-10-25,2732.0,2748.8,2717.2,2748.8,-1.0,-1.0,-1
XAUUSD:MIDPOINT:5Y,2024-10-28,2753.5,2753.5,2724.8,2742.28,-1.0,-1.0,-1
XAUUSD:MIDPOINT:5Y,2024-10-29,2740.48,2774.87,2739.55,2773.2,-1.0,-1.0,-1
XAUUSD:MIDPOINT:5Y,2024-10-30,2775.0,2790.09,2771.0,2786.6,-1.0,-1.0,-1
XAUUSD:MIDPOINT:5Y,2024-10-31,2788.4,2790.2,2731.62,2744.05,-1.0,-1.0,-1
XAUUSD:MIDPOINT:5Y,2024-11-01,2742.5,2762.29,2733.22,2735.52,-1.0,-1.0,-1
XAUUSD:MIDPOINT:5Y,2024-11-04,2746.89,2748.25,2730.11,2738.5,-1.0,-1.0,-1
XAUUSD:MIDPOINT:5Y,2024-11-05,2742.75,2749.99,2724.8,2743.99,-1.0,-1.0,-1
XAUUSD:MIDPOINT:5Y,2024-11-06,2740.0,2749.78,2652.43,2659.24,-1.0,-1.0,-1
XAUUSD:MIDPOINT:5Y,2024-11-07,2669.65,2710.57,2643.31,2706.09,-1.0,-1.0,-1
XAUUSD:MIDPOINT:5Y,2024-11-08,2703.55,2710.44,2680.4,2687.36,-1.0,-1.0,-1
XAUUSD:MIDPOINT:5Y,2024-11-11,2685.11,2687.5,2610.69,2619.65,-1.0,-1.0,-1
XAUUSD:MIDPOINT:5Y,2024-11-12,2634.43,2636.4,2590.0,2598.36,-1.0,-1.0,-1
XAUUSD:MIDPOINT:5Y,2024-11-13,2603.88,2618.95,2572.65,2572.78,-1.0,-1.0,-1
XAUUSD:MIDPOINT:5Y,2024-11-14,2576.23,2581.51,2536.96,2564.74,-1.0,-1.0,-1
XAUUSD:MIDPOINT:5Y,2024-11-15,2567.24,2576.15,2554.55,2561.0,-1.0,-1.0,-1
XAUUSD:MIDPOINT:5Y,2024-11-18,2573.4,2615.18,2562.31,2611.45,-1.0,-1.0,-1
XAUUSD:MIDPOINT:5Y,2024-11-19,2611.23,2639.53,2610.51,2631.8,-1.0,-1.0,-1
XAUUSD:MIDPOINT:5Y,2024-11-20,2637.53,2655.5,2618.89,2649.7,-1.0,-1.0,-1
XAUUSD:MIDPOINT:5Y,2024-11-21,2654.29,2673.62,2648.94,2670.03,-1.0,-1.0,-1
XAUUSD:MIDPOINT:5Y,2024-11-22,2668.0,2716.3,2668.0,2712.84,-1.0,-1.0,-1
XAUUSD:MIDPOINT:5Y,2024-11-25,2713.53,2721.44,2615.67,2626.02,-1.0,-1.0,-1
XAUUSD:MIDPOINT:5Y,2024-11-26,2622.82,2642.16,2605.37,2630.52,-1.0,-1.0,-1
XAUUSD:MIDPOINT:5Y,2024-11-27,2636.17,2658.35,2627.13,2640.2,-1.0,-1.0,-1
XAUUSD:MIDPOINT:5Y,2024-11-28,2636.14,2649.78,2620.95,2638.11,-1.0,-1.0,-1
XAUUSD:MIDPOINT:5Y,2024-11-29,2645.83,2666.39,2634.1,2655.14,-1.0,-1.0,-1
XAUUSD:MIDPOINT:5Y,2024-12-02,2662.75,2674.65,2622.02,2639.36,-1.0,-1.0,-1
XAUUSD:MIDPOINT:5Y,2024-12-03,2646.4,2655.63,2634.21,2644.09,-1.0,-1.0,-1
XAUUSD:MIDPOINT:5Y,2024-12-04,2650.18,2657.22,2632.44,2650.45,-1.0,-1.0,-1
XAUUSD:MIDPOINT:5Y,2024-12-05,2652.5,2655.73,2623.61,2630.97,-1.0,-1.0,-1
XAUUSD:MIDPOINT:5Y,2024-12-06,2634.99,2645.75,2613.19,2635.44,-1.0,-1.0,-1
XAUUSD:MIDPOINT:5Y,2024-12-09,2649.28,2676.53,2627.58,2661.64,-1.0,-1.0,-1
XAUUSD:MIDPOINT:5Y,2024-12-10,2668.95,2695.7,2658.09,2693.09,-1.0,-1.0,-1
XAUUSD:MIDPOINT:5Y,2024-12-11,2694.15,2721.28,2676.31,2718.25,-1.0,-1.0,-1
XAUUSD:MIDPOINT:5Y,2024-12-12,2718.91,2726.55,2675.17,2680.68,-1.0,-1.0,-1
XAUUSD:MIDPOINT:5Y,2024-12-13,2686.3,2692.79,2646.17,2648.41,-1.0,-1.0,-1
XAUUSD:MIDPOINT:5Y,2024-12-16,2679.54,2679.54,2643.74,2654.02,-1.0,-1.0,-1
XAUUSD:MIDPOINT:5Y,2024-12-17,2654.82,2658.73,2633.06,2645.68,-1.0,-1.0,-1
XAUUSD:MIDPOINT:5Y,2024-12-18,2650.86,2651.78,2583.87,2592.33,-1.0,-1.0,-1
XAUUSD:MIDPOINT:5Y,2024-12-19,2588.84,2626.55,2583.6,2593.76,-1.0,-1.0,-1
XAUUSD:MIDPOINT:5Y,2024-12-20,2600.57,2631.92,2589.65,2623.49,-1.0,-1.0,-1
XAUUSD:MIDPOINT:5Y,2024-12-23,2619.0,2633.39,2608.26,2611.53,-1.0,-1.0,-1
XAUUSD:MIDPOINT:5Y,2024-12-24,2618.0,2621.5,2610.21,2616.74,-1.0,-1.0,-1
XAUUSD:MIDPOINT:5Y,2024-12-26,2618.86,2639.12,2618.79,2634.36,-1.0,-1.0,-1
XAUUSD:MIDPOINT:5Y,2024-12-27,2635.52,2638.38,2611.68,2618.11,-1.0,-1.0,-1
XAUUSD:MIDPOINT:5Y,2024-12-30,2619.65,2628.17,2596.17,2607.11,-1.0,-1.0,-1
XAUUSD:MIDPOINT:5Y,2024-12-31,2607.07,2627.62,2602.69,2623.6,-1.0,-1.0,-1
XAUUSD:MIDPOINT:5Y,2025-01-02,2623.74,2660.67,2622.86,2657.95,-1.0,-1.0,-1
XAUUSD:MIDPOINT:5Y,2025-01-03,2658.11,2665.38,2636.68,2639.82,-1.0,-1.0,-1
XAUUSD:MIDPOINT:5Y,2025-01-06,2639.25,2649.45,2614.57,2636.26,-1.0,-1.0,-1
XAUUSD:MIDPOINT:5Y,2025-01-07,2636.88,2664.35,2633.11,2651.85,-1.0,-1.0,-1
XAUUSD:MIDPOINT:5Y,2025-01-08,2653.49,2669.97,2645.43,2662.67,-1.0,-1.0,-1
XAUUSD:MIDPOINT:5Y,2025-01-09,2662.87,2678.44,2655.55,2669.75,-1.0,-1.0,-1
XAUUSD:MIDPOINT:5Y,2025-01-10,2675.86,2698.08,2663.85,2689.0,-1.0,-1.0,-1
XAUUSD:MIDPOINT:5Y,2025-01-13,2695.2,2695.2,2657.0,2664.35,-1.0,-1.0,-1
XAUUSD:MIDPOINT:5Y,2025-01-14,2665.06,2678.32,2659.99,2676.15,-1.0,-1.0,-1
XAUUSD:MIDPOINT:5Y,2025-01-15,2676.6,2697.32,2669.53,2694.64,-1.0,-1.0,-1
XAUUSD:MIDPOINT:5Y,2025-01-16,2693.73,2724.66,2690.05,2715.77,-1.0,-1.0,-1
XAUUSD:MIDPOINT:5Y,2025-01-17,2717.47,2717.47,2699.04,2699.9,-1.0,-1.0,-1
XAUUSD:MIDPOINT:5Y,2025-01-20,2701.5,2713.83,2689.35,2707.74,-1.0,-1.0,-1
XAUUSD:MIDPOINT:5Y,2025-01-21,2707.3,2746.1,2702.99,2744.12,-1.0,-1.0,-1
XAUUSD:MIDPOINT:5Y,2025-01-22,2748.09,2763.56,2742.1,2755.87,-1.0,-1.0,-1
XAUUSD:MIDPOINT:5Y,2025-01-23,2758.46,2758.86,2735.98,2754.98,-1.0,-1.0,-1
XAUUSD:MIDPOINT:5Y,2025-01-24,2756.1,2785.93,2753.48,2770.7,-1.0,-1.0,-1
XAUUSD:MIDPOINT:5Y,2025-01-27,2774.98,2774.98,2730.49,2740.66,-1.0,-1.0,-1
XAUUSD:MIDPOINT:5Y,2025-01-28,2747.26,2765.12,2735.01,2763.86,-1.0,-1.0,-1
XAUUSD:MIDPOINT:5Y,2025-01-29,2756.15,2766.41,2744.65,2758.57,-1.0,-1.0,-1
XAUUSD:MIDPOINT:5Y,2025-01-30,2758.3,2798.7,2756.62,2795.77,-1.0,-1.0,-1
XAUUSD:MIDPOINT:5Y,2025-01-31,2795.69,2817.18,2791.06,2801.5,-1.0,-1.0,-1
XAUUSD:MIDPOINT:5Y,2025-02-03,2811.78,2830.9,2772.21,2816.4,-1.0,-1.0,-1
XAUUSD:MIDPOINT:5Y,2025-02-04,2815.37,2845.44,2807.32,2842.71,-1.0,-1.0,-1
XAUUSD:MIDPOINT:5Y,2025-02-05,2843.79,2882.43,2839.77,2864.84,-1.0,-1.0,-1
XAUUSD:MIDPOINT:5Y,2025-02-06,2862.58,2873.44,2834.23,2856.01,-1.0,-1.0,-1
XAUUSD:MIDPOINT:5Y,2025-02-07,2855.73,2886.87,2852.57,2861.09,-1.0,-1.0,-1
XAUUSD:MIDPOINT:5Y,2025-02-10,2858.5,2912.16,2851.79,2908.43,-1.0,-1.0,-1
XAUUSD:MIDPOINT:5Y,2025-02-11,2911.31,2942.84,2881.58,2898.18,-1.0,-1.0,-1
XAUUSD:MIDPOINT:5Y,2025-02-12,2901.12,2909.26,2865.0,2903.94,-1.0,-1.0,-1
XAUUSD:MIDPOINT:5Y,2025-02-13,2907.99,2929.56,2900.49,2928.52,-1.0,-1.0,-1
XAUUSD:MIDPOINT:5Y,2025-02-14,2934.88,2939.98,2876.99,2883.95,-1.0,-1.0,-1
XAUUSD:MIDPOINT:5Y,2025-02-17,2891.0,2906.57,2878.78,2901.28,-1.0,-1.0,-1
XAUUSD:MIDPOINT:5Y,2025-02-18,2898.93,2936.95,2892.14,2935.3,-1.0,-1.0,-1
XAUUSD:MIDPOINT:5Y,2025-02-19,2937.38,2947.06,2918.66,2933.69,-1.0,-1.0,-1
XAUUSD:MIDPOINT:5Y,2025-02-20,2943.25,2955.01,2924.07,2941.5,-1.0,-1.0,-1
XAUUSD:MIDPOINT:5Y,2025-02-21,2945.08,2949.77,2916.81,2936.0,-1.0,-1.0,-1
XAUUSD:MIDPOINT:5Y,2025-02-24,2938.39,2956.28,2921.45,2953.3,-1.0,-1.0,-1
XAUUSD:MIDPOINT:5Y,2025-02-25,2951.88,2953.82,2888.18,2915.32,-1.0,-1.0,-1
XAUUSD:MIDPOINT:5Y,2025-02-26,2915.7,2930.17,2891.02,2916.49,-1.0,-1.0,-1
XAUUSD:MIDPOINT:5Y,2025-02-27,2918.64,2920.83,2867.87,2877.49,-1.0,-1.0,-1
XAUUSD:MIDPOINT:5Y,2025-02-28,2879.83,2884.99,2832.7,2856.84,-1.0,-1.0,-1
XAUUSD:MIDPOINT:5Y,2025-03-03,2854.91,2895.28,2854.9,2893.35,-1.0,-1.0,-1
XAUUSD:MIDPOINT:5Y,2025-03-04,2891.55,2927.91,2882.05,2918.6,-1.0,-1.0,-1
XAUUSD:MIDPOINT:5Y,2025-03-05,2918.32,2929.92,2894.47,2920.64,-1.0,-1.0,-1
XAUUSD:MIDPOINT:5Y,2025-03-06,2925.99,2926.68,2891.3,2914.03,-1.0,-1.0,-1
XAUUSD:MIDPOINT:5Y,2025-03-07,2916.0,2930.49,2897.01,2912.0,-1.0,-1.0,-1
XAUUSD:MIDPOINT:5Y,2025-03-10,2913.3,2918.34,2880.25,2888.06,-1.0,-1.0,-1
XAUUSD:MIDPOINT:5Y,2025-03-11,2891.43,2922.34,2880.24,2916.03,-1.0,-1.0,-1
XAUUSD:MIDPOINT:5Y,2025-03-12,2913.2,2940.66,2906.19,2933.61,-1.0,-1.0,-1
XAUUSD:MIDPOINT:5Y,2025-03-13,2933.15,2989.45,2933.1,2987.46,-1.0,-1.0,-1
XAUUSD:MIDPOINT:5Y,2025-03-14,2986.15,3004.97,2978.49,2980.26,-1.0,-1.0,-1
XAUUSD:MIDPOINT:5Y,2025-03-17,2980.81,3001.96,2979.97,3001.47,-1.0,-1.0,-1
XAUUSD:MIDPOINT:5Y,2025-03-18,2999.89,3038.3,2999.52,3034.7,-1.0,-1.0,-1
XAUUSD:MIDPOINT:5Y,2025-03-19,3033.37,3052.14,3022.88,3045.41,-1.0,-1.0,-1
XAUUSD:MIDPOINT:5Y,2025-03-20,3044.93,3057.5,3025.78,3044.82,-1.0,-1.0,-1
XAUUSD:MIDPOINT:5Y,2025-03-21,3042.85,3047.63,2999.55,3024.64,-1.0,-1.0,-1
XAUUSD:MIDPOINT:5Y,2025-03-24,3016.0,3033.38,3002.45,3010.55,-1.0,-1.0,-1
XAUUSD:MIDPOINT:5Y,2025-03-25,3010.32,3036.12,3007.58,3020.63,-1.0,-1.0,-1
XAUUSD:MIDPOINT:5Y,2025-03-26,3021.11,3032.07,3012.35,3019.39,-1.0,-1.0,-1
XAUUSD:MIDPOINT:5Y,2025-03-27,3019.67,3059.8,3017.71,3056.46,-1.0,-1.0,-1
XAUUSD:MIDPOINT:5Y,2025-03-28,3055.89,3086.87,3054.2,3086.36,-1.0,-1.0,-1
XAUUSD:MIDPOINT:5Y,2025-03-31,3081.75,3127.99,3077.0,3123.74,-1.0,-1.0,-1
XAUUSD:MIDPOINT:5Y,2025-04-01,3123.67,3149.07,3101.1,3113.85,-1.0,-1.0,-1
XAUUSD:MIDPOINT:5Y,2025-04-02,3114.01,3147.32,3105.19,3133.29,-1.0,-1.0,-1
XAUUSD:MIDPOINT:5Y,2025-04-03,3129.44,3174.15,3054.11,3115.24,-1.0,-1.0,-1
XAUUSD:MIDPOINT:5Y,2025-04-04,3112.97,3136.81,3016.01,3036.41,-1.0,-1.0,-1
XAUUSD:MIDPOINT:5Y,2025-04-07,3035.27,3055.81,2956.54,2983.43,-1.0,-1.0,-1
XAUUSD:MIDPOINT:5Y,2025-04-08,2975.65,3022.82,2974.84,2982.48,-1.0,-1.0,-1
XAUUSD:MIDPOINT:5Y,2025-04-09,2994.48,3099.67,2970.1,3082.7,-1.0,-1.0,-1
XAUUSD:MIDPOINT:5Y,2025-04-10,3083.03,3176.51,3071.41,3176.0,-1.0,-1.0,-1
XAUUSD:MIDPOINT:5Y,2025-04-11,3174.66,3245.53,3174.65,3236.43,-1.0,-1.0,-1
XAUUSD:MIDPOINT:5Y,2025-04-14,3228.31,3245.8,3193.8,3210.95,-1.0,-1.0,-1
XAUUSD:MIDPOINT:5Y,2025-04-15,3209.87,3233.7,3209.83,3231.22,-1.0,-1.0,-1
XAUUSD:MIDPOINT:5Y,2025-04-16,3229.63,3343.93,3229.63,3343.11,-1.0,-1.0,-1
XAUUSD:MIDPOINT:5Y,2025-04-17,3340.75,3357.79,3284.05,3327.06,-1.0,-1.0,-1
XAUUSD:MIDPOINT:5Y,2025-04-21,3332.75,3430.66,3329.0,3424.07,-1.0,-1.0,-1
XAUUSD:MIDPOINT:5Y,2025-04-22,3419.98,3500.13,3367.01,3380.1,-1.0,-1.0,-1
XAUUSD:MIDPOINT:5Y,2025-04-23,3371.44,3386.65,3260.36,3289.44,-1.0,-1.0,-1
XAUUSD:MIDPOINT:5Y,2025-04-24,3288.51,3367.76,3286.59,3350.03,-1.0,-1.0,-1
XAUUSD:MIDPOINT:5Y,2025-04-25,3347.8,3371.05,3265.25,3319.98,-1.0,-1.0,-1
XAUUSD:MIDPOINT:5Y,2025-04-28,3303.18,3353.04,3268.09,3344.47,-1.0,-1.0,-1
XAUUSD:MIDPOINT:5Y,2025-04-29,3340.51,3348.72,3300.0,3317.45,-1.0,-1.0,-1
XAUUSD:MIDPOINT:5Y,2025-04-30,3315.24,3328.12,3267.05,3289.18,-1.0,-1.0,-1
XAUUSD:MIDPOINT:5Y,2025-05-01,3287.06,3293.43,3202.0,3239.13,-1.0,-1.0,-1
XAUUSD:MIDPOINT:5Y,2025-05-02,3226.68,3269.26,3223.07,3238.5,-1.0,-1.0,-1
XAUUSD:MIDPOINT:5Y,2025-05-05,3239.91,3337.48,3236.5,3335.35,-1.0,-1.0,-1
XAUUSD:MIDPOINT:5Y,2025-05-06,3319.0,3434.85,3319.0,3431.79,-1.0,-1.0,-1
XAUUSD:MIDPOINT:5Y,2025-05-07,3432.97,3440.07,3360.37,3364.91,-1.0,-1.0,-1
XAUUSD:MIDPOINT:5Y,2025-05-08,3367.24,3414.82,3288.8,3305.56,-1.0,-1.0,-1
XAUUSD:MIDPOINT:5Y,2025-05-09,3305.0,3347.58,3275.02,3324.62,-1.0,-1.0,-1
XAUUSD:MIDPOINT:5Y,2025-05-12,3307.5,3318.37,3207.82,3236.12,-1.0,-1.0,-1
XAUUSD:MIDPOINT:5Y,2025-05-13,3234.89,3265.75,3216.01,3250.31,-1.0,-1.0,-1
XAUUSD:MIDPOINT:5Y,2025-05-14,3249.65,3257.2,3168.1,3177.44,-1.0,-1.0,-1
XAUUSD:MIDPOINT:5Y,2025-05-15,3179.51,3240.86,3120.9,3240.28,-1.0,-1.0,-1
XAUUSD:MIDPOINT:5Y,2025-05-16,3239.37,3252.14,3154.33,3202.75,-1.0,-1.0,-1
XAUUSD:MIDPOINT:5Y,2025-05-19,3207.34,3249.83,3206.7,3229.51,-1.0,-1.0,-1
XAUUSD:MIDPOINT:5Y,2025-05-20,3234.78,3295.76,3204.71,3290.06,-1.0,-1.0,-1
XAUUSD:MIDPOINT:5Y,2025-05-21,3293.03,3324.87,3285.51,3315.74,-1.0,-1.0,-1
XAUUSD:MIDPOINT:5Y,2025-05-22,3316.11,3345.43,3279.26,3295.15,-1.0,-1.0,-1
XAUUSD:MIDPOINT:5Y,2025-05-23,3296.39,3366.08,3287.14,3359.39,-1.0,-1.0,-1
XAUUSD:MIDPOINT:5Y,2025-05-26,3359.38,3359.38,3324.01,3341.53,-1.0,-1.0,-1
XAUUSD:MIDPOINT:5Y,2025-05-27,3348.61,3351.03,3285.42,3300.95,-1.0,-1.0,-1
XAUUSD:MIDPOINT:5Y,2025-05-28,3302.3,3325.56,3276.95,3286.31,-1.0,-1.0,-1
XAUUSD:MIDPOINT:5Y,2025-05-29,3290.5,3331.24,3245.51,3318.27,-1.0,-1.0,-1
XAUUSD:MIDPOINT:5Y,2025-05-30,3320.91,3322.88,3271.56,3289.32,-1.0,-1.0,-1
XAUUSD:MIDPOINT:5Y,2025-06-02,3289.8,3382.93,3281.7,3381.7,-1.0,-1.0,-1
XAUUSD:MIDPOINT:5Y,2025-06-03,3380.72,3392.27,3333.23,3353.54,-1.0,-1.0,-1
XAUUSD:MIDPOINT:5Y,2025-06-04,3353.95,3384.8,3343.88,3372.84,-1.0,-1.0,-1
XAUUSD:MIDPOINT:5Y,2025-06-05,3378.55,3403.55,3339.5,3352.82,-1.0,-1.0,-1
XAUUSD:MIDPOINT:5Y,2025-06-06,3353.64,3375.7,3307.15,3311.67,-1.0,-1.0,-1
XAUUSD:MIDPOINT:5Y,2025-06-09,3316.5,3338.26,3293.55,3325.72,-1.0,-1.0,-1
XAUUSD:MIDPOINT:5Y,2025-06-10,3327.91,3349.21,3302.06,3323.66,-1.0,-1.0,-1
XAUUSD:MIDPOINT:5Y,2025-06-11,3328.5,3360.8,3315.63,3355.19,-1.0,-1.0,-1
XAUUSD:MIDPOINT:5Y,2025-06-12,3340.68,3398.97,3338.75,3386.02,-1.0,-1.0,-1
XAUUSD:MIDPOINT:5Y,2025-06-13,3383.37,3446.89,3379.73,3432.77,-1.0,-1.0,-1
XAUUSD:MIDPOINT:5Y,2025-06-16,3413.0,3462.27,3383.01,3384.2,-1.0,-1.0,-1
XAUUSD:MIDPOINT:5Y,2025-06-17,3397.01,3403.39,3366.27,3387.4,-1.0,-1.0,-1
XAUUSD:MIDPOINT:5Y,2025-06-18,3389.4,3400.16,3362.67,3368.74,-1.0,-1.0,-1
XAUUSD:MIDPOINT:5Y,2025-06-19,3369.0,3387.69,3347.63,3369.63,-1.0,-1.0,-1
XAUUSD:MIDPOINT:5Y,2025-06-20,3369.62,3374.57,3340.4,3368.99,-1.0,-1.0,-1
XAUUSD:MIDPOINT:5Y,2025-06-23,3365.65,3411.5,3347.14,3368.52,-1.0,-1.0,-1
XAUUSD:MIDPOINT:5Y,2025-06-24,3374.56,3375.69,3295.55,3323.12,-1.0,-1.0,-1
XAUUSD:MIDPOINT:5Y,2025-06-25,3318.18,3337.19,3312.06,3332.8,-1.0,-1.0,-1
XAUUSD:MIDPOINT:5Y,2025-06-26,3326.26,3350.42,3310.08,3328.45,-1.0,-1.0,-1
XAUUSD:MIDPOINT:5Y,2025-06-27,3327.36,3329.96,3256.0,3268.33,-1.0,-1.0,-1
XAUUSD:MIDPOINT:5Y,2025-06-30,3223.15,3309.59,3223.15,3303.27,-1.0,-1.0,-1
XAUUSD:MIDPOINT:5Y,2025-07-01,3303.72,3358.16,3302.49,3338.29,-1.0,-1.0,-1
XAUUSD:MIDPOINT:5Y,2025-07-02,3339.2,3360.18,3327.66,3357.59,-1.0,-1.0,-1
XAUUSD:MIDPOINT:5Y,2025-07-03,3355.97,3365.77,3311.74,3326.27,-1.0,-1.0,-1
XAUUSD:MIDPOINT:5Y,2025-07-04,3325.39,3345.16,3323.65,3335.07,-1.0,-1.0,-1
XAUUSD:MIDPOINT:5Y,2025-07-07,3338.82,3346.26,3296.46,3337.06,-1.0,-1.0,-1
XAUUSD:MIDPOINT:5Y,2025-07-08,3333.57,3345.89,3287.22,3301.48,-1.0,-1.0,-1
XAUUSD:MIDPOINT:5Y,2025-07-09,3301.53,3316.89,3282.69,3313.66,-1.0,-1.0,-1
XAUUSD:MIDPOINT:5Y,2025-07-10,3307.5,3330.37,3307.5,3324.23,-1.0,-1.0,-1
XAUUSD:MIDPOINT:5Y,2025-07-11,3324.18,3368.81,3320.43,3356.81,-1.0,-1.0,-1
XAUUSD:MIDPOINT:5Y,2025-07-14,3368.49,3374.98,3341.3,3342.8,-1.0,-1.0,-1
XAUUSD:MIDPOINT:5Y,2025-07-15,3343.42,3366.48,3320.22,3325.07,-1.0,-1.0,-1
XAUUSD:MIDPOINT:5Y,2025-07-16,3325.55,3377.64,3319.74,3347.11,-1.0,-1.0,-1
XAUUSD:MIDPOINT:5Y,2025-07-17,3349.99,3352.32,3310.01,3338.74,-1.0,-1.0,-1
XAUUSD:MIDPOINT:5Y,2025-07-18,3335.23,3361.28,3331.88,3351.1,-1.0,-1.0,-1
XAUUSD:MIDPOINT:5Y,2025-07-21,3349.47,3401.59,3345.13,3398.86,-1.0,-1.0,-1
XAUUSD:MIDPOINT:5Y,2025-07-22,3395.47,3433.57,3383.27,3431.32,-1.0,-1.0,-1
XAUUSD:MIDPOINT:5Y,2025-07-23,3431.99,3438.96,3381.59,3387.82,-1.0,-1.0,-1
XAUUSD:MIDPOINT:5Y,2025-07-24,3397.57,3406.14,3351.47,3368.4,-1.0,-1.0,-1
XAUUSD:MIDPOINT:5Y,2025-07-25,3369.11,3373.56,3325.07,3337.6,-1.0,-1.0,-1
XAUUSD:MIDPOINT:5Y,2025-07-28,3352.57,3352.57,3301.89,3314.7,-1.0,-1.0,-1
XAUUSD:MIDPOINT:5Y,2025-07-29,3330.47,3334.24,3308.17,3326.39,-1.0,-1.0,-1
XAUUSD:MIDPOINT:5Y,2025-07-30,3325.45,3334.18,3268.18,3274.66,-1.0,-1.0,-1
XAUUSD:MIDPOINT:5Y,2025-07-31,3279.2,3314.89,3273.96,3290.64,-1.0,-1.0,-1
XAUUSD:MIDPOINT:5Y,2025-08-01,3290.0,3363.54,3281.64,3362.93,-1.0,-1.0,-1
XAUUSD:MIDPOINT:5Y,2025-08-04,3353.39,3385.49,3345.14,3374.26,-1.0,-1.0,-1
XAUUSD:MIDPOINT:5Y,2025-08-05,3374.02,3390.49,3349.82,3381.13,-1.0,-1.0,-1
XAUUSD:MIDPOINT:5Y,2025-08-06,3381.32,3385.4,3358.26,3369.03,-1.0,-1.0,-1
XAUUSD:MIDPOINT:5Y,2025-08-07,3370.58,3401.85,3365.46,3395.24,-1.0,-1.0,-1
XAUUSD:MIDPOINT:5Y,2025-08-08,3400.89,3408.84,3377.87,3398.93,-1.0,-1.0,-1
XAUUSD:MIDPOINT:5Y,2025-08-11,3391.22,3405.17,3341.25,3342.97,-1.0,-1.0,-1
XAUUSD:MIDPOINT:5Y,2025-08-12,3346.83,3359.31,3331.13,3348.01,-1.0,-1.0,-1
XAUUSD:MIDPOINT:5Y,2025-08-13,3350.55,3370.86,3342.77,3356.47,-1.0,-1.0,-1
XAUUSD:MIDPOINT:5Y,2025-08-14,3355.85,3374.82,3330.0,3335.68,-1.0,-1.0,-1
XAUUSD:MIDPOINT:5Y,2025-08-15,3339.24,3348.81,3332.33,3336.32,-1.0,-1.0,-1
XAUUSD:MIDPOINT:5Y,2025-08-18,3340.35,3358.45,3323.61,3332.4,-1.0,-1.0,-1
XAUUSD:MIDPOINT:5Y,2025-08-19,3332.76,3345.44,3315.05,3317.2,-1.0,-1.0,-1
XAUUSD:MIDPOINT:5Y,2025-08-20,3317.81,3350.37,3311.54,3345.11,-1.0,-1.0,-1
XAUUSD:MIDPOINT:5Y,2025-08-21,3346.58,3352.13,3325.34,3339.46,-1.0,-1.0,-1
XAUUSD:MIDPOINT:5Y,2025-08-22,3341.14,3378.81,3321.55,3373.12,-1.0,-1.0,-1
XAUUSD:MIDPOINT:5Y,2025-08-25,3375.94,3376.37,3360.0,3366.96,-1.0,-1.0,-1
XAUUSD:MIDPOINT:5Y,2025-08-26,3366.78,3394.19,3351.52,3393.76,-1.0,-1.0,-1
XAUUSD:MIDPOINT:5Y,2025-08-27,3391.76,3398.91,3373.82,3397.86,-1.0,-1.0,-1
XAUUSD:MIDPOINT:5Y,2025-08-28,3396.8,3423.33,3384.67,3417.3,-1.0,-1.0,-1
XAUUSD:MIDPOINT:5Y,2025-08-29,3416.99,3453.96,3404.34,3449.25,-1.0,-1.0,-1
XAUUSD:MIDPOINT:5Y,2025-09-01,3455.08,3489.92,3437.13,3476.7,-1.0,-1.0,-1
XAUUSD:MIDPOINT:5Y,2025-09-02,3474.74,3540.13,3470.21,3534.78,-1.0,-1.0,-1
XAUUSD:MIDPOINT:5Y,2025-09-03,3535.13,3578.59,3526.46,3559.3,-1.0,-1.0,-1
XAUUSD:MIDPOINT:5Y,2025-09-04,3560.61,3571.43,3511.38,3547.03,-1.0,-1.0,-1
XAUUSD:MIDPOINT:5Y,2025-09-05,3545.53,3600.24,3540.14,3592.5,-1.0,-1.0,-1
XAUUSD:MIDPOINT:5Y,2025-09-08,3585.5,3646.47,3579.06,3635.7,-1.0,-1.0,-1
XAUUSD:MIDPOINT:5Y,2025-09-09,3637.06,3675.22,3626.69,3627.24,-1.0,-1.0,-1
XAUUSD:MIDPOINT:5Y,2025-09-10,3629.04,3657.63,3620.51,3640.49,-1.0,-1.0,-1
XAUUSD:MIDPOINT:5Y,2025-09-11,3642.42,3648.96,3614.14,3634.07,-1.0,-1.0,-1
XAUUSD:MIDPOINT:5Y,2025-09-12,3634.07,3656.7,3630.54,3643.1,-1.0,-1.0,-1
XAUUSD:MIDPOINT:5Y,2025-09-15,3650.0,3685.7,3627.01,3679.38,-1.0,-1.0,-1
XAUUSD:MIDPOINT:5Y,2025-09-16,3679.04,3703.22,3674.79,3691.79,-1.0,-1.0,-1
XAUUSD:MIDPOINT:5Y,2025-09-17,3693.48,3707.58,3646.21,3660.0,-1.0,-1.0,-1
XAUUSD:MIDPOINT:5Y,2025-09-18,3657.83,3673.01,3628.14,3644.01,-1.0,-1.0,-1
XAUUSD:MIDPOINT:5Y,2025-09-19,3650.47,3686.72,3632.54,3684.75,-1.0,-1.0,-1
XAUUSD:MIDPOINT:5Y,2025-09-22,3656.31,3748.95,3656.3,3747.24,-1.0,-1.0,-1
XAUUSD:MIDPOINT:5Y,2025-09-23,3747.47,3791.09,3737.02,3764.18,-1.0,-1.0,-1
XAUUSD:MIDPOINT:5Y,2025-09-24,3770.04,3779.41,3717.57,3736.21,-1.0,-1.0,-1
XAUUSD:MIDPOINT:5Y,2025-09-25,3736.06,3761.64,3722.27,3749.78,-1.0,-1.0,-1
XAUUSD:MIDPOINT:5Y,2025-09-26,3748.67,3783.83,3734.57,3768.66,-1.0,-1.0,-1
XAUUSD:MIDPOINT:5Y,2025-09-29,3759.63,3834.21,3756.99,3833.27,-1.0,-1.0,-1
XAUUSD:MIDPOINT:5Y,2025-09-30,3833.09,3871.76,3793.27,3859.14,-1.0,-1.0,-1
XAUUSD:MIDPOINT:5Y,2025-10-01,3864.51,3895.36,3853.44,3865.08,-1.0,-1.0,-1
XAUUSD:MIDPOINT:5Y,2025-10-02,3870.39,3897.31,3819.57,3856.12,-1.0,-1.0,-1
XAUUSD:MIDPOINT:5Y,2025-10-03,3863.0,3891.74,3838.07,3886.55,-1.0,-1.0,-1
XAUUSD:MIDPOINT:5Y,2025-10-06,3881.32,3969.99,3881.32,3962.55,-1.0,-1.0,-1
XAUUSD:MIDPOINT:5Y,2025-10-07,3966.88,3991.0,3941.07,3985.79,-1.0,-1.0,-1
XAUUSD:MIDPOINT:5Y,2025-10-08,3985.73,4059.38,3983.21,4042.59,-1.0,-1.0,-1
XAUUSD:MIDPOINT:5Y,2025-10-09,4044.75,4057.97,3944.52,3975.05,-1.0,-1.0,-1
XAUUSD:MIDPOINT:5Y,2025-10-10,3975.59,4023.04,3946.84,4013.25,-1.0,-1.0,-1
XAUUSD:MIDPOINT:5Y,2025-10-13,4017.05,4117.01,3996.27,4110.96,-1.0,-1.0,-1
XAUUSD:MIDPOINT:5Y,2025-10-14,4109.34,4179.91,4090.77,4143.25,-1.0,-1.0,-1
XAUUSD:MIDPOINT:5Y,2025-10-15,4140.49,4218.08,4140.49,4208.73,-1.0,-1.0,-1
XAUUSD:MIDPOINT:5Y,2025-10-16,4212.3,4330.77,4200.08,4328.41,-1.0,-1.0,-1
XAUUSD:MIDPOINT:5Y,2025-10-17,4334.66,4379.6,4186.51,4250.15,-1.0,-1.0,-1
XAUUSD:MIDPOINT:5Y,2025-10-20,4250.87,4381.58,4219.23,4357.79,-1.0,-1.0,-1
XAUUSD:MIDPOINT:5Y,2025-10-21,4362.39,4375.53,4081.47,4124.35,-1.0,-1.0,-1
XAUUSD:MIDPOINT:5Y,2025-10-22,4123.42,4161.37,4005.1,4100.44,-1.0,-1.0,-1
XAUUSD:MIDPOINT:5Y,2025-10-23,4093.93,4154.73,4066.14,4126.11,-1.0,-1.0,-1
XAUUSD:MIDPOINT:5Y,2025-10-24,4126.43,4144.38,4044.07,4111.89,-1.0,-1.0,-1
XAUUSD:MIDPOINT:5Y,2025-10-27,4103.1,4109.42,3971.52,3981.53,-1.0,-1.0,-1
XAUUSD:MIDPOINT:5Y,2025-10-28,3979.66,4019.76,3886.69,3952.11,-1.0,-1.0,-1
XAUUSD:MIDPOINT:5Y,2025-10-29,3940.89,4030.46,3919.36,3931.2,-1.0,-1.0,-1
XAUUSD:MIDPOINT:5Y,2025-10-30,3957.25,4027.21,3915.45,4024.61,-1.0,-1.0,-1
XAUUSD:MIDPOINT:5Y,2025-10-31,4022.46,4045.94,3972.43,4004.43,-1.0,-1.0,-1
XAUUSD:MIDPOINT:5Y,2025-11-03,3971.0,4030.8,3962.37,4002.64,-1.0,-1.0,-1
XAUUSD:MIDPOINT:5Y,2025-11-04,4005.22,4006.61,3928.86,3932.15,-1.0,-1.0,-1
XAUUSD:MIDPOINT:5Y,2025-11-05,3934.4,3990.62,3929.69,3980.2,-1.0,-1.0,-1
XAUUSD:MIDPOINT:5Y,2025-11-06,3982.21,4019.66,3964.61,3977.13,-1.0,-1.0,-1
XAUUSD:MIDPOINT:5Y,2025-11-07,3971.0,4027.43,3971.0,4000.98,-1.0,-1.0,-1
XAUUSD:MIDPOINT:5Y,2025-11-10,4002.49,4116.59,3997.8,4116.03,-1.0,-1.0,-1
XAUUSD:MIDPOINT:5Y,2025-11-11,4106.01,4148.98,4097.13,4126.8,-1.0,-1.0,-1
XAUUSD:MIDPOINT:5Y,2025-11-12,4108.36,4211.71,4099.22,4195.26,-1.0,-1.0,-1
XAUUSD:MIDPOINT:5Y,2025-11-13,4196.84,4245.27,4145.21,4170.65,-1.0,-1.0,-1
XAUUSD:MIDPOINT:5Y,2025-11-14,4170.22,4211.41,4032.24,4083.6,-1.0,-1.0,-1
XAUUSD:MIDPOINT:5Y,2025-11-17,4076.85,4106.86,4006.97,4046.57,-1.0,-1.0,-1
XAUUSD:MIDPOINT:5Y,2025-11-18,4038.84,4082.53,3998.03,4067.22,-1.0,-1.0,-1
XAUUSD:MIDPOINT:5Y,2025-11-19,4053.4,4132.84,4053.35,4078.35,-1.0,-1.0,-1
XAUUSD:MIDPOINT:5Y,2025-11-20,4075.52,4110.15,4039.2,4076.84,-1.0,-1.0,-1
XAUUSD:MIDPOINT:5Y,2025-11-21,4076.6,4101.23,4022.39,4061.72,-1.0,-1.0,-1
XAUUSD:MIDPOINT:5Y,2025-11-24,4059.78,4139.93,4040.1,4135.74,-1.0,-1.0,-1
XAUUSD:MIDPOINT:5Y,2025-11-25,4130.2,4159.54,4109.67,4130.97,-1.0,-1.0,-1
XAUUSD:MIDPOINT:5Y,2025-11-26,4130.56,4173.59,4130.15,4162.67,-1.0,-1.0,-1
XAUUSD:MIDPOINT:5Y,2025-11-27,4160.59,4168.83,4142.76,4159.65,-1.0,-1.0,-1
XAUUSD:MIDPOINT:5Y,2025-11-28,4158.13,4227.11,4137.39,4217.81,-1.0,-1.0,-1
XAUUSD:MIDPOINT:5Y,2025-12-01,4211.56,4264.63,4195.13,4231.55,-1.0,-1.0,-1
XAUUSD:MIDPOINT:5Y,2025-12-02,4238.96,4238.96,4163.76,4206.14,-1.0,-1.0,-1
XAUUSD:MIDPOINT:5Y,2025-12-03,4204.0,4241.76,4194.41,4203.23,-1.0,-1.0,-1
XAUUSD:MIDPOINT:5Y,2025-12-04,4205.46,4219.98,4174.93,4208.16,-1.0,-1.0,-1
XAUUSD:MIDPOINT:5Y,2025-12-05,4206.99,4259.29,4192.13,4198.86,-1.0,-1.0,-1
XAUUSD:MIDPOINT:5Y,2025-12-08,4190.24,4218.9,4176.09,4190.16,-1.0,-1.0,-1
XAUUSD:MIDPOINT:5Y,2025-12-09,4191.72,4221.46,4170.2,4208.17,-1.0,-1.0,-1
XAUUSD:MIDPOINT:5Y,2025-12-10,4204.61,4238.78,4182.11,4225.64,-1.0,-1.0,-1
XAUUSD:MIDPOINT:5Y,2025-12-11,4231.5,4286.04,4204.27,4280.03,-1.0,-1.0,-1
XAUUSD:MIDPOINT:5Y,2025-12-12,4281.59,4353.64,4257.43,4298.0,-1.0,-1.0,-1
XAUUSD:MIDPOINT:5Y,2025-12-15,4299.13,4350.43,4285.28,4306.5,-1.0,-1.0,-1
XAUUSD:MIDPOINT:5Y,2025-12-16,4285.2,4335.18,4271.45,4303.59,-1.0,-1.0,-1
XAUUSD:MIDPOINT:5Y,2025-12-17,4297.06,4349.22,4297.05,4338.47,-1.0,-1.0,-1
XAUUSD:MIDPOINT:5Y,2025-12-18,4339.77,4374.78,4308.59,4330.98,-1.0,-1.0,-1
XAUUSD:MIDPOINT:5Y,2025-12-19,4333.79,4356.66,4309.39,4342.73,-1.0,-1.0,-1
XAUUSD:MIDPOINT:5Y,2025-12-22,4340.4,4449.19,4338.03,4444.91,-1.0,-1.0,-1
XAUUSD:MIDPOINT:5Y,2025-12-23,4440.67,4499.95,4430.61,4484.34,-1.0,-1.0,-1
XAUUSD:MIDPOINT:5Y,2025-12-24,4474.59,4525.93,4448.35,4480.84,-1.0,-1.0,-1
XAUUSD:MIDPOINT:5Y,2025-12-26,4495.14,4549.98,4492.47,4531.51,-1.0,-1.0,-1
XAUUSD:MIDPOINT:5Y,2025-12-29,4523.96,4549.13,4302.17,4332.98,-1.0,-1.0,-1
XAUUSD:MIDPOINT:5Y,2025-12-30,4340.73,4404.41,4322.54,4338.49,-1.0,-1.0,-1
XAUUSD:MIDPOINT:5Y,2025-12-31,4794.85,4794.85,4274.27,4319.82,-1.0,-1.0,-1
XAUUSD:MIDPOINT:5Y,2026-01-02,4348.4,4402.47,4309.65,4332.01,-1.0,-1.0,-1
XAUUSD:MIDPOINT:5Y,2026-01-05,4340.69,4455.87,4134.83,4446.4,-1.0,-1.0,-1
XAUUSD:MIDPOINT:5Y,2026-01-06,4451.38,4497.2,4427.82,4496.12,-1.0,-1.0,-1
XAUUSD:MIDPOINT:5Y,2026-01-07,4494.97,4500.81,4423.47,4456.45,-1.0,-1.0,-1
XAUUSD:MIDPOINT:5Y,2026-01-08,4456.91,4479.65,4407.82,4478.35,-1.0,-1.0,-1
XAUUSD:MIDPOINT:5Y,2026-01-09,4475.68,4517.23,4452.91,4510.61,-1.0,-1.0,-1
XAUUSD:MIDPOINT:5Y,2026-01-12,4488.76,4630.26,4488.76,4598.65,-1.0,-1.0,-1
XAUUSD:MIDPOINT:5Y,2026-01-13,4597.55,4634.84,4569.21,4586.43,-1.0,-1.0,-1
XAUUSD:MIDPOINT:5Y,2026-01-14,4589.89,4643.07,4588.73,4628.05,-1.0,-1.0,-1
XAUUSD:MIDPOINT:5Y,2026-01-15,4623.47,4633.16,4581.19,4615.67,-1.0,-1.0,-1
XAUUSD:MIDPOINT:5Y,2026-01-16,4610.17,4621.24,4536.81,4594.83,-1.0,-1.0,-1
XAUUSD:MIDPOINT:5Y,2026-01-19,4593.78,4690.77,4584.64,4677.81,-1.0,-1.0,-1
XAUUSD:MIDPOINT:5Y,2026-01-20,4667.64,4766.4,4659.55,4763.44,-1.0,-1.0,-1
XAUUSD:MIDPOINT:5Y,2026-01-21,4766.35,4888.48,4756.18,4830.48,-1.0,-1.0,-1
XAUUSD:MIDPOINT:5Y,2026-01-22,4832.69,4942.57,4772.53,4935.44,-1.0,-1.0,-1
XAUUSD:MIDPOINT:5Y,2026-01-23,4938.53,4989.84,4900.09,4987.66,-1.0,-1.0,-1
XAUUSD:MIDPOINT:5Y,2026-01-26,4966.7,5111.21,4966.7,5011.23,-1.0,-1.0,-1
XAUUSD:MIDPOINT:5Y,2026-01-27,5029.34,5190.78,5012.5,5181.13,-1.0,-1.0,-1
XAUUSD:MIDPOINT:5Y,2026-01-28,5177.61,5427.5,5157.43,5419.83,-1.0,-1.0,-1
XAUUSD:MIDPOINT:5Y,2026-01-29,5417.72,5608.35,5095.73,5376.74,-1.0,-1.0,-1
XAUUSD:MIDPOINT:5Y,2026-01-30,5390.9,5458.62,4692.99,4887.07,-1.0,-1.0,-1
XAUUSD:MIDPOINT:5Y,2026-02-02,4830.8,4884.88,4404.68,4659.96,-1.0,-1.0,-1
XAUUSD:MIDPOINT:5Y,2026-02-03,4648.44,4993.77,4633.34,4946.39,-1.0,-1.0,-1
XAUUSD:MIDPOINT:5Y,2026-02-04,4951.65,5091.81,4844.65,4965.24,-1.0,-1.0,-1
XAUUSD:MIDPOINT:5Y,2026-02-05,4969.0,5042.25,4760.21,4778.59,-1.0,-1.0,-1
XAUUSD:MIDPOINT:5Y,2026-02-06,4557.4,4970.96,4557.4,4968.56,-1.0,-1.0,-1
XAUUSD:MIDPOINT:5Y,2026-02-09,4934.1,5086.65,4934.1,5059.32,-1.0,-1.0,-1
XAUUSD:MIDPOINT:5Y,2026-02-10,5063.99,5078.87,4981.0,5023.9,-1.0,-1.0,-1
XAUUSD:MIDPOINT:5Y,2026-02-11,5043.89,5119.25,5019.74,5085.01,-1.0,-1.0,-1
XAUUSD:MIDPOINT:5Y,2026-02-12,5066.28,5099.94,4878.5,4921.91,-1.0,-1.0,-1
XAUUSD:MIDPOINT:5Y,2026-02-13,4926.44,5047.65,4887.53,5043.92,-1.0,-1.0,-1
XAUUSD:MIDPOINT:5Y,2026-02-16,5016.4,5017.39,4969.14,4991.11,-1.0,-1.0,-1
XAUUSD:MIDPOINT:5Y,2026-02-17,4987.45,5000.96,4841.6,4879.28,-1.0,-1.0,-1
XAUUSD:MIDPOINT:5Y,2026-02-18,4876.06,5011.05,4854.31,4976.49,-1.0,-1.0,-1
XAUUSD:MIDPOINT:5Y,2026-02-19,4980.91,5022.5,4960.68,4997.74,-1.0,-1.0,-1
XAUUSD:MIDPOINT:5Y,2026-02-20,5000.07,5109.17,4981.74,5109.17,-1.0,-1.0,-1
XAUUSD:MIDPOINT:5Y,2026-02-23,5071.77,5238.02,5068.02,5227.35,-1.0,-1.0,-1
XAUUSD:MIDPOINT:5Y,2026-02-24,5228.85,5249.74,5093.9,5140.05,-1.0,-1.0,-1
XAUUSD:MIDPOINT:5Y,2026-02-25,5144.66,5217.82,5127.06,5164.83,-1.0,-1.0,-1
XAUUSD:MIDPOINT:5Y,2026-02-26,5171.42,5205.82,5130.75,5184.82,-1.0,-1.0,-1
XAUUSD:MIDPOINT:5Y,2026-02-27,5183.53,5281.4,5167.08,5278.01,-1.0,-1.0,-1
XAUUSD:MIDPOINT:5Y,2026-03-02,5355.36,5419.33,5260.57,5322.69,-1.0,-1.0,-1
XAUUSD:MIDPOINT:5Y,2026-03-03,5319.39,5379.96,4996.54,5088.85,-1.0,-1.0,-1
XAUUSD:MIDPOINT:5Y,2026-03-04,5097.16,5206.21,5081.06,5136.33,-1.0,-1.0,-1
XAUUSD:MIDPOINT:5Y,2026-03-05,5133.87,5195.02,5051.09,5084.19,-1.0,-1.0,-1
XAUUSD:MIDPOINT:5Y,2026-03-06,5083.0,5177.51,5062.62,5158.89,-1.0,-1.0,-1
XAUUSD:MIDPOINT:5Y,2026-03-09,5150.05,5198.33,5015.57,5139.56,-1.0,-1.0,-1
XAUUSD:MIDPOINT:5Y,2026-03-10,5135.02,5238.7,5118.01,5189.16,-1.0,-1.0,-1
XAUUSD:MIDPOINT:5Y,2026-03-11,5191.27,5223.27,5149.14,5179.5,-1.0,-1.0,-1
XAUUSD:MIDPOINT:5Y,2026-03-12,5186.29,5191.88,5055.24,5079.19,-1.0,-1.0,-1
XAUUSD:MIDPOINT:5Y,2026-03-13,5077.01,5128.49,5010.01,5022.11,-1.0,-1.0,-1
XAUUSD:MIDPOINT:5Y,2026-03-16,5030.01,5038.16,4967.53,5006.85,-1.0,-1.0,-1
XAUUSD:MIDPOINT:5Y,2026-03-17,5011.69,5044.7,4973.64,5006.93,-1.0,-1.0,-1
XAUUSD:MIDPOINT:5Y,2026-03-18,4994.72,5016.49,4807.1,4819.54,-1.0,-1.0,-1
XAUUSD:MIDPOINT:5Y,2026-03-19,4826.6,4867.34,4503.17,4650.51,-1.0,-1.0,-1
XAUUSD:MIDPOINT:5Y,2026-03-20,4654.99,4736.2,4477.61,4488.72,-1.0,-1.0,-1
XAUUSD:MIDPOINT:5Y,2026-03-23,4430.24,4536.53,4098.73,4408.15,-1.0,-1.0,-1
XAUUSD:MIDPOINT:5Y,2026-03-24,4431.61,4484.3,4305.73,4472.97,-1.0,-1.0,-1
XAUUSD:MIDPOINT:5Y,2026-03-25,4426.1,4602.72,4426.1,4528.95,-1.0,-1.0,-1
XAUUSD:MIDPOINT:5Y,2026-03-26,4518.82,4544.63,4351.28,4379.96,-1.0,-1.0,-1
XAUUSD:MIDPOINT:5Y,2026-03-27,4392.13,4555.63,4375.52,4495.05,-1.0,-1.0,-1
XAUUSD:MIDPOINT:5Y,2026-03-30,4523.65,4580.83,4418.95,4515.24,-1.0,-1.0,-1
XAUUSD:MIDPOINT:5Y,2026-03-31,4503.97,4687.35,4482.73,4674.52,-1.0,-1.0,-1
XAUUSD:MIDPOINT:5Y,2026-04-01,4671.41,4793.0,4661.98,4785.25,-1.0,-1.0,-1
XAUUSD:MIDPOINT:5Y,2026-04-02,4754.77,4800.46,4554.07,4677.28,-1.0,-1.0,-1
XAUUSD:MIDPOINT:5Y,2026-04-06,4610.56,4706.76,4600.91,4651.04,-1.0,-1.0,-1
XAUUSD:MIDPOINT:5Y,2026-04-07,4659.7,4718.82,4607.52,4708.07,-1.0,-1.0,-1
XAUUSD:MIDPOINT:5Y,2026-04-08,4707.45,4857.82,4699.5,4720.94,-1.0,-1.0,-1
XAUUSD:MIDPOINT:5Y,2026-04-09,4724.14,4801.33,4698.51,4763.23,-1.0,-1.0,-1
XAUUSD:MIDPOINT:5Y,2026-04-10,4769.25,4794.93,4731.07,4751.68,-1.0,-1.0,-1
XAUUSD:MIDPOINT:5Y,2026-04-13,4690.82,4877.06,4632.27,4745.58,-1.0,-1.0,-1
XAUUSD:MIDPOINT:5Y,2026-04-14,4737.03,4846.43,4724.58,4841.95,-1.0,-1.0,-1
XAUUSD:MIDPOINT:5Y,2026-04-15,4844.86,4871.65,4786.39,4790.02,-1.0,-1.0,-1
XAUUSD:MIDPOINT:5Y,2026-04-16,4793.71,4838.53,4771.4,4788.52,-1.0,-1.0,-1
XAUUSD:MIDPOINT:5Y,2026-04-17,4790.8,4891.62,4768.02,4833.56,-1.0,-1.0,-1
XAUUSD:MIDPOINT:5Y,2026-04-20,4791.09,4827.76,4736.98,4820.99,-1.0,-1.0,-1
XAUUSD:MIDPOINT:5Y,2026-04-21,4807.47,4833.31,4668.38,4720.58,-1.0,-1.0,-1
XAUUSD:MIDPOINT:5Y,2026-04-22,4722.21,4772.48,4715.58,4739.7,-1.0,-1.0,-1
XAUUSD:MIDPOINT:5Y,2026-04-23,4742.73,4754.02,4664.25,4698.06,-1.0,-1.0,-1
XAUUSD:MIDPOINT:5Y,2026-04-24,4714.25,4740.46,4657.91,4709.27,-1.0,-1.0,-1
XAUUSD:MIDPOINT:5Y,2026-04-27,4720.5,4729.99,4667.21,4683.16,-1.0,-1.0,-1
XAUUSD:MIDPOINT:5Y,2026-04-28,4688.95,4701.5,4554.91,4596.11,-1.0,-1.0,-1
XAUUSD:MIDPOINT:5Y,2026-04-29,4595.17,4610.58,4510.32,4546.02,-1.0,-1.0,-1
XAUUSD:MIDPOINT:5Y,2026-04-30,4544.78,4647.08,4539.4,4622.86,-1.0,-1.0,-1
XAUUSD:MIDPOINT:5Y,2026-05-01,4615.05,4660.35,4560.25,4612.5,-1.0,-1.0,-1
XAUUSD:MIDPOINT:5Y,2026-05-04,4614.98,4641.57,4501.1,4523.19,-1.0,-1.0,-1
XAUUSD:MIDPOINT:5Y,2026-05-05,4523.1,4586.73,4513.71,4556.01,-1.0,-1.0,-1
XAUUSD:MIDPOINT:5Y,2026-05-06,4568.5,4723.13,4546.38,4691.52,-1.0,-1.0,-1
XAUUSD:MIDPOINT:5Y,2026-05-07,4688.69,4764.84,4685.13,4686.34,-1.0,-1.0,-1
XAUUSD:MIDPOINT:5Y,2026-05-08,4687.52,4749.68,4677.54,4715.85,-1.0,-1.0,-1
XAUUSD:MIDPOINT:5Y,2026-05-11,4732.5,4748.74,4648.21,4735.72,-1.0,-1.0,-1
XAUUSD:MIDPOINT:5Y,2026-05-12,4726.75,4773.56,4638.34,4715.13,-1.0,-1.0,-1
XAUUSD:MIDPOINT:5Y,2026-05-13,4711.82,4726.99,4669.54,4686.48,-1.0,-1.0,-1
XAUUSD:MIDPOINT:5Y,2026-05-14,4692.88,4718.79,4644.4,4651.2,-1.0,-1.0,-1
XAUUSD:MIDPOINT:5Y,2026-05-15,4654.11,4666.02,4511.68,4547.89,-1.0,-1.0,-1
XAUUSD:MIDPOINT:5Y,2026-05-18,4559.0,4584.34,4480.44,4566.94,-1.0,-1.0,-1
XAUUSD:MIDPOINT:5Y,2026-05-19,4564.56,4589.54,4464.97,4488.63,-1.0,-1.0,-1
XAUUSD:MIDPOINT:5Y,2026-05-20,4508.57,4552.94,4453.57,4538.26,-1.0,-1.0,-1
XAUUSD:MIDPOINT:5Y,2026-05-21,4537.8,4570.72,4488.53,4542.95,-1.0,-1.0,-1
XAUUSD:MIDPOINT:5Y,2026-05-22,4536.4,4559.9,4492.01,4516.75,-1.0,-1.0,-1
XAUUSD:MIDPOINT:5Y,2026-05-25,4523.6,4580.38,4519.8,4569.32,-1.0,-1.0,-1
XAUUSD:MIDPOINT:5Y,2026-05-26,4563.9,4580.4,4482.56,4510.37,-1.0,-1.0,-1
XAUUSD:MIDPOINT:5Y,2026-05-27,4495.2,4538.55,4401.57,4455.91,-1.0,-1.0,-1
XAUUSD:MIDPOINT:5Y,2026-05-28,4452.21,4516.67,4366.57,4495.5,-1.0,-1.0,-1
XAUUSD:MIDPOINT:5Y,2026-05-29,4503.35,4595.4,4489.21,4541.41,-1.0,-1.0,-1
XAUUSD:MIDPOINT:5Y,2026-06-01,4553.5,4553.5,4448.0,4485.1,-1.0,-1.0,-1
XAUUSD:MIDPOINT:5Y,2026-06-02,4480.95,4541.65,4463.03,4490.05,-1.0,-1.0,-1
XAUUSD:MIDPOINT:5Y,2026-06-03,4487.76,4496.85,4426.35,4434.85,-1.0,-1.0,-1
XAUUSD:MIDPOINT:5Y,2026-06-04,4463.05,4515.45,4423.98,4474.89,-1.0,-1.0,-1
XAUUSD:MIDPOINT:5Y,2026-06-05,4486.0,4493.97,4312.0,4331.0,-1.0,-1.0,-1
XAUUSD:MIDPOINT:5Y,2026-06-08,4396.3,4396.3,4268.54,4332.88,-1.0,-1.0,-1
XAUUSD:MIDPOINT:5Y,2026-06-09,4323.44,4363.65,4236.63,4260.99,-1.0,-1.0,-1
XAUUSD:MIDPOINT:5Y,2026-06-10,4263.0,4270.6,4067.22,4071.92,-1.0,-1.0,-1
XAUUSD:MIDPOINT:5Y,2026-06-11,4099.78,4220.28,4023.86,4212.75,-1.0,-1.0,-1
XAUUSD:MIDPOINT:5Y,2026-06-12,4210.5,4246.45,4170.23,4222.0,-1.0,-1.0,-1
XAUUSD:MIDPOINT:5Y,2026-06-15,4222.5,4369.53,4222.5,4309.68,-1.0,-1.0,-1
XAUUSD:MIDPOINT:5Y,2026-06-16,4322.56,4354.96,4306.16,4331.44,-1.0,-1.0,-1
XAUUSD:MIDPOINT:5Y,2026-06-17,4333.43,4382.76,4219.2,4259.62,-1.0,-1.0,-1
XAUUSD:MIDPOINT:5Y,2026-06-18,4234.13,4330.0,4201.51,4210.0,-1.0,-1.0,-1
XAUUSD:MIDPOINT:5Y,2026-06-19,4228.05,4230.09,4122.0,4151.74,-1.0,-1.0,-1
XAUUSD:MIDPOINT:5Y,2026-06-22,4145.18,4221.38,4136.72,4191.61,-1.0,-1.0,-1
XAUUSD:MIDPOINT:5Y,2026-06-23,4186.78,4198.7,4090.88,4113.61,-1.0,-1.0,-1
XAUUSD:MIDPOINT:5Y,2026-06-24,4118.8,4119.56,3959.19,3999.6,-1.0,-1.0,-1
XAUUSD:MIDPOINT:5Y,2026-06-25,4016.55,4044.24,3963.48,4027.14,-1.0,-1.0,-1
XAUUSD:MIDPOINT:5Y,2026-06-26,4026.55,4096.15,3983.18,4087.01,-1.0,-1.0,-1
XAUUSD:MIDPOINT:5Y,2026-06-29,4059.45,4086.21,4000.28,4016.32,-1.0,-1.0,-1
XAUUSD:MIDPOINT:5Y,2026-06-30,3991.37,4063.43,3941.91,4007.72,-1.0,-1.0,-1
XAUUSD:MIDPOINT:5Y,2026-07-01,4009.1,4115.84,3960.35,4031.36,-1.0,-1.0,-1
XAUUSD:MIDPOINT:5Y,2026-07-02,4034.58,4144.19,4030.92,4122.76,-1.0,-1.0,-1
XAUUSD:MIDPOINT:5Y,2026-07-03,4130.0,4195.68,4119.93,4170.25,-1.0,-1.0,-1
XAUUSD:MIDPOINT:5Y,2026-07-06,4175.15,4203.14,4128.52,4164.82,-1.0,-1.0,-1
XAUUSD:MIDPOINT:5Y,2026-07-07,4160.66,4180.48,4092.26,4105.73,-1.0,-1.0,-1
XAUUSD:MIDPOINT:5Y,2026-07-08,4103.07,4134.15,4022.01,4075.28,-1.0,-1.0,-1
XAUUSD:MIDPOINT:5Y,2026-07-09,4074.39,4138.2,4054.4,4123.72,-1.0,-1.0,-1
XAUUSD:MIDPOINT:5Y,2026-07-10,4118.9,4137.9,4073.43,4121.05,-1.0,-1.0,-1
XAUUSD:MIDPOINT:5Y,2026-07-13,4092.39,4109.63,3986.67,4001.79,-1.0,-1.0,-1
XAUUSD:MIDPOINT:5Y,2026-07-14,4006.72,4102.54,3983.37,4054.3,-1.0,-1.0,-1
XAUUSD:MIDPOINT:5Y,2026-07-15,4055.42,4081.73,4017.56,4060.3,-1.0,-1.0,-1
XAUUSD:MIDPOINT:5Y,2026-07-16,4059.26,4072.5,3969.48,3976.18,-1.0,-1.0,-1
XAUUSD:MIDPOINT:5Y,2026-07-17,3995.49,4023.91,3959.75,4016.95,-1.0,-1.0,-1
XAUUSD:MIDPOINT:5Y,2026-07-20,4000.6,4040.86,3982.78,4008.04,-1.0,-1.0,-1
XAUUSD:MIDPOINT:5Y,2026-07-21,4009.86,4087.45,4000.04,4077.72,-1.0,-1.0,-1
XAUUSD:MIDPOINT:5Y,2026-07-22,4082.16,4166.12,4075.64,4130.59,-1.0,-1.0,-1
XAUUSD:MIDPOINT:5Y,2026-07-23,4134.28,4141.09,4040.28,4049.77,-1.0,-1.0,-1
XAUUSD:MIDPOINT:5Y,2026-07-24,4046.25,4082.11,4022.01,4054.03,-1.0,-1.0,-1
XAUUSD:MIDPOINT:5Y,2026-07-27,4065.84,4116.27,4058.75,4077.44,-1.0,-1.0,-1
XAUUSD:MIDPOINT:5Y,2026-07-28,4080.41,4081.94,4011.69,4028.33,-1.0,-1.0,-1
XAUUSD:MIDPOINT:5Y,2026-07-29,4026.54,4116.48,3996.13,4066.0,-1.0,-1.0,-1
XAUUSD:MIDPOINT:5Y,2026-07-30,4065.12,4120.56,4028.51,4103.4,-1.0,-1.0,-1
XAUUSD:MIDPOINT:5Y,2026-07-31,4100.6,4111.87,4021.17,4042.97,-1.0,-1.0,-1
XAUUSD:MIDPOINT:5Y,2026-08-03,4062.91,4085.98,4019.32,4055.13,-1.0,-1.0,-1
XAUUSD:MIDPOINT:5Y,2026-08-04,4043.56,4106.5,4042.67,4077.86,-1.0,-1.0,-1
XAUUSD:MIDPOINT:5Y,2026-08-05,4084.73,4267.97,4065.43,4247.4,-1.0,-1.0,-1
XAUUSD:MIDPOINT:5Y,2026-08-06,4253.06,4304.23,4223.48,4239.85,-1.0,-1.0,-1
XAUUSD:MIDPOINT:5Y,2026-08-07,4240.65,4371.82,4230.04,4343.43,-1.0,-1.0,-1
XAUUSD:MIDPOINT:5Y,2026-08-10,4340.83,4395.28,4313.4,4391.34,-1.0,-1.0,-1
XAUUSD:MIDPOINT:5Y,2026-08-11,4389.61,4435.36,4356.85,4370.26,-1.0,-1.0,-1
XAUUSD:MIDPOINT:5Y,2026-08-12,4363.69,4441.54,4362.62,4408.6,-1.0,-1.0,-1
XAUUSD:MIDPOINT:5Y,2026-08-13,4406.7,4449.69,4343.71,4349.55,-1.0,-1.0,-1
XAUUSD:MIDPOINT:5Y,2026-08-14,4352.16,4397.42,4311.02,4375.5,-1.0,-1.0,-1
XAUUSD:MIDPOINT:5Y,2026-08-17,4376.11,4428.92,4367.28,4416.04,-1.0,-1.0,-1
XAUUSD:MIDPOINT:5Y,2026-08-18,4419.87,4436.41,4329.38,4334.92,-1.0,-1.0,-1
XAUUSD:MIDPOINT:5Y,2026-08-19,4344.53,4524.36,4324.71,4517.78,-1.0,-1.0,-1
XAUUSD:MIDPOINT:5Y,2026-08-20,4520.67,4541.06,4450.71,4515.78,-1.0,-1.0,-1
XAUUSD:MIDPOINT:5Y,2026-08-21,4512.77,4632.34,4508.98,4607.35,-1.0,-1.0,-1
XAUUSD:MIDPOINT:5Y,2026-08-24,4614.08,4681.01,4594.5,4668.6,-1.0,-1.0,-1
AUD.USD:MIDPOINT:5Y,2021-08-26,0.7275,0.728,0.72345,0.7237,-1.0,-1.0,-1
AUD.USD:MIDPOINT:5Y,2021-08-27,0.72375,0.7317,0.7222,0.731,-1.0,-1.0,-1
AUD.USD:MIDPOINT:5Y,2021-08-30,0.73075,0.73185,0.72845,0.7296,-1.0,-1.0,-1
AUD.USD:MIDPOINT:5Y,2021-08-31,0.72955,0.73415,0.7288,0.73155,-1.0,-1.0,-1
AUD.USD:MIDPOINT:5Y,2021-09-01,0.73155,0.7384,0.7308,0.73665,-1.0,-1.0,-1
AUD.USD:MIDPOINT:5Y,2021-09-02,0.7364,0.741,0.7356,0.74005,-1.0,-1.0,-1
AUD.USD:MIDPOINT:5Y,2021-09-03,0.7401,0.7478,0.73955,0.7454,-1.0,-1.0,-1
AUD.USD:MIDPOINT:5Y,2021-09-06,0.7453,0.74555,0.74265,0.744,-1.0,-1.0,-1
AUD.USD:MIDPOINT:5Y,2021-09-07,0.74385,0.74685,0.73745,0.73875,-1.0,-1.0,-1
AUD.USD:MIDPOINT:5Y,2021-09-08,0.739,0.7404,0.7345,0.7365,-1.0,-1.0,-1
AUD.USD:MIDPOINT:5Y,2021-09-09,0.7365,0.73945,0.7347,0.7367,-1.0,-1.0,-1
AUD.USD:MIDPOINT:5Y,2021-09-10,0.7367,0.741,0.73485,0.73565,-1.0,-1.0,-1
AUD.USD:MIDPOINT:5Y,2021-09-13,0.73575,0.73755,0.7336,0.73695,-1.0,-1.0,-1
AUD.USD:MIDPOINT:5Y,2021-09-14,0.7366,0.73735,0.73135,0.73195,-1.0,-1.0,-1
AUD.USD:MIDPOINT:5Y,2021-09-15,0.732,0.7339,0.73015,0.7332,-1.0,-1.0,-1
AUD.USD:MIDPOINT:5Y,2021-09-16,0.73335,0.73475,0.7274,0.72925,-1.0,-1.0,-1
AUD.USD:MIDPOINT:5Y,2021-09-17,0.72925,0.7322,0.72625,0.7267,-1.0,-1.0,-1
AUD.USD:MIDPOINT:5Y,2021-09-20,0.7264,0.72695,0.72205,0.7252,-1.0,-1.0,-1
AUD.USD:MIDPOINT:5Y,2021-09-21,0.72525,0.7283,0.7222,0.72325,-1.0,-1.0,-1
AUD.USD:MIDPOINT:5Y,2021-09-22,0.72295,0.72965,0.72235,0.7241,-1.0,-1.0,-1
AUD.USD:MIDPOINT:5Y,2021-09-23,0.72405,0.73155,0.7223,0.72955,-1.0,-1.0,-1
AUD.USD:MIDPOINT:5Y,2021-09-24,0.73005,0.73165,0.7236,0.72605,-1.0,-1.0,-1
AUD.USD:MIDPOINT:5Y,2021-09-27,0.72625,0.7294,0.72495,0.7286,-1.0,-1.0,-1
AUD.USD:MIDPOINT:5Y,2021-09-28,0.7285,0.7311,0.72255,0.7238,-1.0,-1.0,-1
AUD.USD:MIDPOINT:5Y,2021-09-29,0.72405,0.72645,0.71705,0.71755,-1.0,-1.0,-1
AUD.USD:MIDPOINT:5Y,2021-09-30,0.7178,0.72575,0.71735,0.7227,-1.0,-1.0,-1
AUD.USD:MIDPOINT:5Y,2021-10-01,0.7228,0.72765,0.7192,0.7266,-1.0,-1.0,-1
AUD.USD:MIDPOINT:5Y,2021-10-04,0.7266,0.7304,0.72515,0.7287,-1.0,-1.0,-1
AUD.USD:MIDPOINT:5Y,2021-10-05,0.7289,0.7309,0.7249,0.7292,-1.0,-1.0,-1
AUD.USD:MIDPOINT:5Y,2021-10-06,0.72915,0.72935,0.7226,0.72725,-1.0,-1.0,-1
AUD.USD:MIDPOINT:5Y,2021-10-07,0.72735,0.73245,0.72695,0.7312,-1.0,-1.0,-1
AUD.USD:MIDPOINT:5Y,2021-10-08,0.7313,0.73385,0.7288,0.73095,-1.0,-1.0,-1
AUD.USD:MIDPOINT:5Y,2021-10-11,0.7308,0.7373,0.72925,0.73465,-1.0,-1.0,-1
AUD.USD:MIDPOINT:5Y,2021-10-12,0.73505,0.73845,0.73325,0.73515,-1.0,-1.0,-1
AUD.USD:MIDPOINT:5Y,2021-10-13,0.73485,0.7382,0.73235,0.7379,-1.0,-1.0,-1
AUD.USD:MIDPOINT:5Y,2021-10-14,0.73775,0.74265,0.7372,0.74155,-1.0,-1.0,-1
AUD.USD:MIDPOINT:5Y,2021-10-15,0.74135,0.744,0.74035,0.74165,-1.0,-1.0,-1
AUD.USD:MIDPOINT:5Y,2021-10-18,0.74155,0.74375,0.73785,0.74125,-1.0,-1.0,-1
AUD.USD:MIDPOINT:5Y,2021-10-19,0.74125,0.74855,0.74075,0.7474,-1.0,-1.0,-1
AUD.USD:MIDPOINT:5Y,2021-10-20,0.74715,0.7523,0.7465,0.75165,-1.0,-1.0,-1
AUD.USD:MIDPOINT:5Y,2021-10-21,0.7509,0.75465,0.74585,0.7467,-1.0,-1.0,-1
AUD.USD:MIDPOINT:5Y,2021-10-22,0.7466,0.75125,0.7454,0.7466,-1.0,-1.0,-1
AUD.USD:MIDPOINT:5Y,2021-10-25,0.7466,0.75055,0.7464,0.74915,-1.0,-1.0,-1
AUD.USD:MIDPOINT:5Y,2021-10-26,0.749,0.75255,0.74845,0.7502,-1.0,-1.0,-1
AUD.USD:MIDPOINT:5Y,2021-10-27,0.74995,0.7536,0.74875,0.75165,-1.0,-1.0,-1
AUD.USD:MIDPOINT:5Y,2021-10-28,0.75165,0.75555,0.74795,0.7543,-1.0,-1.0,-1
AUD.USD:MIDPOINT:5Y,2021-10-29,0.75415,0.75555,0.75005,0.75225,-1.0,-1.0,-1
AUD.USD:MIDPOINT:5Y,2021-11-01,0.75175,0.7536,0.7486,0.75235,-1.0,-1.0,-1
AUD.USD:MIDPOINT:5Y,2021-11-02,0.75195,0.75325,0.74205,0.7429,-1.0,-1.0,-1
AUD.USD:MIDPOINT:5Y,2021-11-03,0.7427,0.74585,0.74125,0.74475,-1.0,-1.0,-1
AUD.USD:MIDPOINT:5Y,2021-11-04,0.7448,0.7471,0.7383,0.7401,-1.0,-1.0,-1
AUD.USD:MIDPOINT:5Y,2021-11-05,0.73995,0.74125,0.736,0.74015,-1.0,-1.0,-1
AUD.USD:MIDPOINT:5Y,2021-11-08,0.7404,0.7431,0.73845,0.74235,-1.0,-1.0,-1
AUD.USD:MIDPOINT:5Y,2021-11-09,0.74245,0.7432,0.7361,0.7378,-1.0,-1.0,-1
AUD.USD:MIDPOINT:5Y,2021-11-10,0.7381,0.73935,0.7324,0.73265,-1.0,-1.0,-1
AUD.USD:MIDPOINT:5Y,2021-11-11,0.73185,0.7341,0.7287,0.7293,-1.0,-1.0,-1
AUD.USD:MIDPOINT:5Y,2021-11-12,0.7292,0.73355,0.72765,0.7331,-1.0,-1.0,-1
AUD.USD:MIDPOINT:5Y,2021-11-15,0.7329,0.73705,0.73235,0.73465,-1.0,-1.0,-1
AUD.USD:MIDPOINT:5Y,2021-11-16,0.7348,0.7368,0.72925,0.7304,-1.0,-1.0,-1
AUD.USD:MIDPOINT:5Y,2021-11-17,0.7301,0.7305,0.7259,0.72665,-1.0,-1.0,-1
AUD.USD:MIDPOINT:5Y,2021-11-18,0.7267,0.72935,0.72495,0.72765,-1.0,-1.0,-1
AUD.USD:MIDPOINT:5Y,2021-11-19,0.72755,0.72915,0.7227,0.72335,-1.0,-1.0,-1
AUD.USD:MIDPOINT:5Y,2021-11-22,0.72315,0.72735,0.7221,0.7225,-1.0,-1.0,-1
AUD.USD:MIDPOINT:5Y,2021-11-23,0.72275,0.72365,0.7207,0.7227,-1.0,-1.0,-1
AUD.USD:MIDPOINT:5Y,2021-11-24,0.7227,0.72285,0.7184,0.71945,-1.0,-1.0,-1
AUD.USD:MIDPOINT:5Y,2021-11-25,0.7198,0.72095,0.71805,0.71895,-1.0,-1.0,-1
AUD.USD:MIDPOINT:5Y,2021-11-26,0.7191,0.71945,0.71125,0.7125,-1.0,-1.0,-1
AUD.USD:MIDPOINT:5Y,2021-11-29,0.7128,0.71595,0.71135,0.7142,-1.0,-1.0,-1
AUD.USD:MIDPOINT:5Y,2021-11-30,0.7143,0.71705,0.7063,0.7128,-1.0,-1.0,-1
AUD.USD:MIDPOINT:5Y,2021-12-01,0.71275,0.7173,0.7095,0.71065,-1.0,-1.0,-1
AUD.USD:MIDPOINT:5Y,2021-12-02,0.7107,0.712,0.70845,0.7094,-1.0,-1.0,-1
AUD.USD:MIDPOINT:5Y,2021-12-03,0.70965,0.7098,0.6993,0.70005,-1.0,-1.0,-1
AUD.USD:MIDPOINT:5Y,2021-12-06,0.7002,0.70545,0.6999,0.70505,-1.0,-1.0,-1
AUD.USD:MIDPOINT:5Y,2021-12-07,0.70535,0.7123,0.70395,0.7119,-1.0,-1.0,-1
AUD.USD:MIDPOINT:5Y,2021-12-08,0.71205,0.7184,0.71155,0.7171,-1.0,-1.0,-1
AUD.USD:MIDPOINT:5Y,2021-12-09,0.71725,0.7187,0.71355,0.71495,-1.0,-1.0,-1
AUD.USD:MIDPOINT:5Y,2021-12-10,0.7146,0.71825,0.7132,0.71735,-1.0,-1.0,-1
AUD.USD:MIDPOINT:5Y,2021-12-13,0.71625,0.71765,0.71105,0.71325,-1.0,-1.0,-1
AUD.USD:MIDPOINT:5Y,2021-12-14,0.71325,0.7136,0.709,0.7105,-1.0,-1.0,-1
AUD.USD:MIDPOINT:5Y,2021-12-15,0.71,0.71775,0.70925,0.717,-1.0,-1.0,-1
AUD.USD:MIDPOINT:5Y,2021-12-16,0.717,0.7224,0.71455,0.71835,-1.0,-1.0,-1
AUD.USD:MIDPOINT:5Y,2021-12-17,0.7183,0.7186,0.7123,0.71245,-1.0,-1.0,-1
AUD.USD:MIDPOINT:5Y,2021-12-20,0.7132,0.7133,0.70825,0.7111,-1.0,-1.0,-1
AUD.USD:MIDPOINT:5Y,2021-12-21,0.71105,0.7156,0.7099,0.71535,-1.0,-1.0,-1
AUD.USD:MIDPOINT:5Y,2021-12-22,0.7155,0.72205,0.7121,0.7214,-1.0,-1.0,-1
AUD.USD:MIDPOINT:5Y,2021-12-23,0.7213,0.7252,0.7196,0.72445,-1.0,-1.0,-1
AUD.USD:MIDPOINT:5Y,2021-12-24,0.7244,0.72455,0.7218,0.72265,-1.0,-1.0,-1
AUD.USD:MIDPOINT:5Y,2021-12-27,0.7228,0.7245,0.7206,0.7239,-1.0,-1.0,-1
AUD.USD:MIDPOINT:5Y,2021-12-28,0.72375,0.7264,0.7219,0.72285,-1.0,-1.0,-1
AUD.USD:MIDPOINT:5Y,2021-12-29,0.7229,0.72725,0.7213,0.725,-1.0,-1.0,-1
AUD.USD:MIDPOINT:5Y,2021-12-30,0.72575,0.7276,0.72435,0.72495,-1.0,-1.0,-1
AUD.USD:MIDPOINT:5Y,2021-12-31,0.72565,0.72775,0.7244,0.72695,-1.0,-1.0,-1
AUD.USD:MIDPOINT:5Y,2022-01-03,0.7264,0.7277,0.7184,0.71905,-1.0,-1.0,-1
AUD.USD:MIDPOINT:5Y,2022-01-04,0.71915,0.7249,0.7185,0.72375,-1.0,-1.0,-1
AUD.USD:MIDPOINT:5Y,2022-01-05,0.72385,0.72725,0.7215,0.72215,-1.0,-1.0,-1
AUD.USD:MIDPOINT:5Y,2022-01-06,0.722,0.7223,0.7146,0.71625,-1.0,-1.0,-1
AUD.USD:MIDPOINT:5Y,2022-01-07,0.7165,0.71875,0.713,0.71805,-1.0,-1.0,-1
AUD.USD:MIDPOINT:5Y,2022-01-10,0.71775,0.72025,0.7149,0.717,-1.0,-1.0,-1
AUD.USD:MIDPOINT:5Y,2022-01-11,0.71725,0.72135,0.7155,0.721,-1.0,-1.0,-1
AUD.USD:MIDPOINT:5Y,2022-01-12,0.7211,0.72925,0.72005,0.72845,-1.0,-1.0,-1
AUD.USD:MIDPOINT:5Y,2022-01-13,0.72835,0.73145,0.72735,0.7282,-1.0,-1.0,-1
AUD.USD:MIDPOINT:5Y,2022-01-14,0.7282,0.72935,0.71985,0.72075,-1.0,-1.0,-1
AUD.USD:MIDPOINT:5Y,2022-01-17,0.7221,0.72295,0.71955,0.7211,-1.0,-1.0,-1
AUD.USD:MIDPOINT:5Y,2022-01-18,0.72095,0.7228,0.717,0.7184,-1.0,-1.0,-1
AUD.USD:MIDPOINT:5Y,2022-01-19,0.7184,0.72385,0.7177,0.72115,-1.0,-1.0,-1
AUD.USD:MIDPOINT:5Y,2022-01-20,0.721,0.72765,0.72085,0.7226,-1.0,-1.0,-1
AUD.USD:MIDPOINT:5Y,2022-01-21,0.7229,0.7233,0.71715,0.71745,-1.0,-1.0,-1
AUD.USD:MIDPOINT:5Y,2022-01-24,0.71755,0.7188,0.70905,0.71445,-1.0,-1.0,-1
AUD.USD:MIDPOINT:5Y,2022-01-25,0.7143,0.7177,0.71215,0.71515,-1.0,-1.0,-1
AUD.USD:MIDPOINT:5Y,2022-01-26,0.71535,0.71815,0.7096,0.7115,-1.0,-1.0,-1
AUD.USD:MIDPOINT:5Y,2022-01-27,0.71155,0.71215,0.7024,0.70345,-1.0,-1.0,-1
AUD.USD:MIDPOINT:5Y,2022-01-28,0.7031,0.7046,0.69675,0.69945,-1.0,-1.0,-1
AUD.USD:MIDPOINT:5Y,2022-01-31,0.69925,0.70765,0.69875,0.70675,-1.0,-1.0,-1
AUD.USD:MIDPOINT:5Y,2022-02-01,0.7066,0.7131,0.70335,0.71285,-1.0,-1.0,-1
AUD.USD:MIDPOINT:5Y,2022-02-02,0.71275,0.7159,0.71185,0.71365,-1.0,-1.0,-1
AUD.USD:MIDPOINT:5Y,2022-02-03,0.71365,0.71685,0.71095,0.71385,-1.0,-1.0,-1
AUD.USD:MIDPOINT:5Y,2022-02-04,0.71365,0.7152,0.70515,0.7076,-1.0,-1.0,-1
AUD.USD:MIDPOINT:5Y,2022-02-07,0.708,0.71305,0.70655,0.7126,-1.0,-1.0,-1
AUD.USD:MIDPOINT:5Y,2022-02-08,0.7124,0.7147,0.71065,0.7146,-1.0,-1.0,-1
AUD.USD:MIDPOINT:5Y,2022-02-09,0.7145,0.71945,0.7142,0.7179,-1.0,-1.0,-1
AUD.USD:MIDPOINT:5Y,2022-02-10,0.7181,0.7249,0.7147,0.71665,-1.0,-1.0,-1
AUD.USD:MIDPOINT:5Y,2022-02-11,0.71685,0.71855,0.71085,0.71335,-1.0,-1.0,-1
AUD.USD:MIDPOINT:5Y,2022-02-14,0.71285,0.71505,0.70865,0.71275,-1.0,-1.0,-1
AUD.USD:MIDPOINT:5Y,2022-02-15,0.7129,0.71565,0.7102,0.7152,-1.0,-1.0,-1
AUD.USD:MIDPOINT:5Y,2022-02-16,0.71515,0.7205,0.71435,0.71945,-1.0,-1.0,-1
AUD.USD:MIDPOINT:5Y,2022-02-17,0.71945,0.72175,0.715,0.7187,-1.0,-1.0,-1
AUD.USD:MIDPOINT:5Y,2022-02-18,0.71905,0.7228,0.7165,0.71775,-1.0,-1.0,-1
AUD.USD:MIDPOINT:5Y,2022-02-21,0.7176,0.72225,0.7167,0.71895,-1.0,-1.0,-1
AUD.USD:MIDPOINT:5Y,2022-02-22,0.71885,0.72335,0.7172,0.72205,-1.0,-1.0,-1
AUD.USD:MIDPOINT:5Y,2022-02-23,0.72215,0.7284,0.7218,0.72335,-1.0,-1.0,-1
AUD.USD:MIDPOINT:5Y,2022-02-24,0.7231,0.72325,0.70945,0.7163,-1.0,-1.0,-1
AUD.USD:MIDPOINT:5Y,2022-02-25,0.7165,0.7238,0.71395,0.7229,-1.0,-1.0,-1
AUD.USD:MIDPOINT:5Y,2022-02-28,0.71865,0.72655,0.71675,0.72625,-1.0,-1.0,-1
AUD.USD:MIDPOINT:5Y,2022-03-01,0.72615,0.729,0.7238,0.72525,-1.0,-1.0,-1
AUD.USD:MIDPOINT:5Y,2022-03-02,0.72555,0.73065,0.72435,0.7297,-1.0,-1.0,-1
AUD.USD:MIDPOINT:5Y,2022-03-03,0.72965,0.73475,0.72765,0.73285,-1.0,-1.0,-1
AUD.USD:MIDPOINT:5Y,2022-03-04,0.7327,0.73805,0.73005,0.73745,-1.0,-1.0,-1
AUD.USD:MIDPOINT:5Y,2022-03-07,0.7375,0.74415,0.73115,0.7315,-1.0,-1.0,-1
AUD.USD:MIDPOINT:5Y,2022-03-08,0.73155,0.73485,0.72455,0.727,-1.0,-1.0,-1
AUD.USD:MIDPOINT:5Y,2022-03-09,0.7269,0.73375,0.7264,0.7321,-1.0,-1.0,-1
AUD.USD:MIDPOINT:5Y,2022-03-10,0.7319,0.73675,0.72875,0.73565,-1.0,-1.0,-1
AUD.USD:MIDPOINT:5Y,2022-03-11,0.73525,0.73675,0.72825,0.72915,-1.0,-1.0,-1
AUD.USD:MIDPOINT:5Y,2022-03-14,0.72915,0.7299,0.71865,0.7188,-1.0,-1.0,-1
AUD.USD:MIDPOINT:5Y,2022-03-15,0.71925,0.72275,0.7165,0.71955,-1.0,-1.0,-1
AUD.USD:MIDPOINT:5Y,2022-03-16,0.71945,0.7297,0.71805,0.729,-1.0,-1.0,-1
AUD.USD:MIDPOINT:5Y,2022-03-17,0.72865,0.7393,0.72825,0.73765,-1.0,-1.0,-1
AUD.USD:MIDPOINT:5Y,2022-03-18,0.73745,0.7418,0.73605,0.7415,-1.0,-1.0,-1
AUD.USD:MIDPOINT:5Y,2022-03-21,0.74125,0.7425,0.7374,0.74005,-1.0,-1.0,-1
AUD.USD:MIDPOINT:5Y,2022-03-22,0.73945,0.74715,0.73755,0.7469,-1.0,-1.0,-1
AUD.USD:MIDPOINT:5Y,2022-03-23,0.7466,0.75075,0.745,0.74995,-1.0,-1.0,-1
AUD.USD:MIDPOINT:5Y,2022-03-24,0.74965,0.75275,0.74665,0.75135,-1.0,-1.0,-1
AUD.USD:MIDPOINT:5Y,2022-03-25,0.75135,0.7537,0.7495,0.7515,-1.0,-1.0,-1
AUD.USD:MIDPOINT:5Y,2022-03-28,0.75185,0.754,0.74665,0.749,-1.0,-1.0,-1
AUD.USD:MIDPOINT:5Y,2022-03-29,0.7492,0.7519,0.7456,0.75095,-1.0,-1.0,-1
AUD.USD:MIDPOINT:5Y,2022-03-30,0.7507,0.75365,0.75025,0.75105,-1.0,-1.0,-1
AUD.USD:MIDPOINT:5Y,2022-03-31,0.751,0.7526,0.74705,0.74835,-1.0,-1.0,-1
AUD.USD:MIDPOINT:5Y,2022-04-01,0.74845,0.75245,0.74725,0.74955,-1.0,-1.0,-1
AUD.USD:MIDPOINT:5Y,2022-04-04,0.7489,0.75565,0.7483,0.7543,-1.0,-1.0,-1
AUD.USD:MIDPOINT:5Y,2022-04-05,0.75455,0.76615,0.7536,0.75785,-1.0,-1.0,-1
AUD.USD:MIDPOINT:5Y,2022-04-06,0.7579,0.7593,0.74855,0.75095,-1.0,-1.0,-1
AUD.USD:MIDPOINT:5Y,2022-04-07,0.7509,0.75195,0.7467,0.74795,-1.0,-1.0,-1
AUD.USD:MIDPOINT:5Y,2022-04-08,0.74815,0.7493,0.74265,0.746,-1.0,-1.0,-1
AUD.USD:MIDPOINT:5Y,2022-04-11,0.7462,0.7466,0.7414,0.74175,-1.0,-1.0,-1
AUD.USD:MIDPOINT:5Y,2022-04-12,0.74215,0.74935,0.73995,0.74555,-1.0,-1.0,-1
AUD.USD:MIDPOINT:5Y,2022-04-13,0.746,0.7475,0.7392,0.74525,-1.0,-1.0,-1
AUD.USD:MIDPOINT:5Y,2022-04-14,0.74515,0.74685,0.73975,0.7416,-1.0,-1.0,-1
AUD.USD:MIDPOINT:5Y,2022-04-15,0.7418,0.742,0.7391,0.7393,-1.0,-1.0,-1
AUD.USD:MIDPOINT:5Y,2022-04-18,0.73975,0.74035,0.7343,0.73495,-1.0,-1.0,-1
AUD.USD:MIDPOINT:5Y,2022-04-19,0.7347,0.74,0.73455,0.7375,-1.0,-1.0,-1
AUD.USD:MIDPOINT:5Y,2022-04-20,0.73775,0.74575,0.73725,0.7451,-1.0,-1.0,-1
AUD.USD:MIDPOINT:5Y,2022-04-21,0.7449,0.7458,0.7365,0.73695,-1.0,-1.0,-1
AUD.USD:MIDPOINT:5Y,2022-04-22,0.73745,0.73775,0.7235,0.724,-1.0,-1.0,-1
AUD.USD:MIDPOINT:5Y,2022-04-25,0.7248,0.72535,0.7135,0.7179,-1.0,-1.0,-1
AUD.USD:MIDPOINT:5Y,2022-04-26,0.71805,0.7229,0.7119,0.7123,-1.0,-1.0,-1
AUD.USD:MIDPOINT:5Y,2022-04-27,0.7126,0.7191,0.7101,0.71255,-1.0,-1.0,-1
AUD.USD:MIDPOINT:5Y,2022-04-28,0.7122,0.7162,0.7055,0.71,-1.0,-1.0,-1
AUD.USD:MIDPOINT:5Y,2022-04-29,0.71,0.718,0.70595,0.70625,-1.0,-1.0,-1
AUD.USD:MIDPOINT:5Y,2022-05-02,0.7072,0.7082,0.703,0.70505,-1.0,-1.0,-1
AUD.USD:MIDPOINT:5Y,2022-05-03,0.70515,0.7148,0.7047,0.7096,-1.0,-1.0,-1
AUD.USD:MIDPOINT:5Y,2022-05-04,0.70955,0.72655,0.70885,0.7259,-1.0,-1.0,-1
AUD.USD:MIDPOINT:5Y,2022-05-05,0.7261,0.7266,0.70775,0.7112,-1.0,-1.0,-1
AUD.USD:MIDPOINT:5Y,2022-05-06,0.7113,0.71355,0.70585,0.7075,-1.0,-1.0,-1
AUD.USD:MIDPOINT:5Y,2022-05-09,0.70685,0.7079,0.6945,0.69495,-1.0,-1.0,-1
AUD.USD:MIDPOINT:5Y,2022-05-10,0.69525,0.69865,0.69105,0.69385,-1.0,-1.0,-1
AUD.USD:MIDPOINT:5Y,2022-05-11,0.6938,0.7054,0.6928,0.69355,-1.0,-1.0,-1
AUD.USD:MIDPOINT:5Y,2022-05-12,0.6939,0.69535,0.6829,0.68555,-1.0,-1.0,-1
AUD.USD:MIDPOINT:5Y,2022-05-13,0.6856,0.69415,0.6854,0.6941,-1.0,-1.0,-1
AUD.USD:MIDPOINT:5Y,2022-05-16,0.69295,0.69825,0.68725,0.6971,-1.0,-1.0,-1
AUD.USD:MIDPOINT:5Y,2022-05-17,0.6969,0.70405,0.69675,0.70285,-1.0,-1.0,-1
AUD.USD:MIDPOINT:5Y,2022-05-18,0.7027,0.70465,0.69495,0.69545,-1.0,-1.0,-1
AUD.USD:MIDPOINT:5Y,2022-05-19,0.6956,0.70725,0.69525,0.7048,-1.0,-1.0,-1
AUD.USD:MIDPOINT:5Y,2022-05-20,0.705,0.70735,0.70025,0.70455,-1.0,-1.0,-1
AUD.USD:MIDPOINT:5Y,2022-05-23,0.7046,0.7127,0.70415,0.7108,-1.0,-1.0,-1
AUD.USD:MIDPOINT:5Y,2022-05-24,0.7108,0.7113,0.7057,0.71075,-1.0,-1.0,-1
AUD.USD:MIDPOINT:5Y,2022-05-25,0.71095,0.71195,0.70355,0.7088,-1.0,-1.0,-1
AUD.USD:MIDPOINT:5Y,2022-05-26,0.7087,0.711,0.7057,0.7098,-1.0,-1.0,-1
AUD.USD:MIDPOINT:5Y,2022-05-27,0.7096,0.7167,0.70895,0.7159,-1.0,-1.0,-1
AUD.USD:MIDPOINT:5Y,2022-05-30,0.71605,0.72,0.71545,0.7198,-1.0,-1.0,-1
AUD.USD:MIDPOINT:5Y,2022-05-31,0.7196,0.72035,0.715,0.7178,-1.0,-1.0,-1
AUD.USD:MIDPOINT:5Y,2022-06-01,0.71765,0.72305,0.71555,0.71735,-1.0,-1.0,-1
AUD.USD:MIDPOINT:5Y,2022-06-02,0.7187,0.727,0.7141,0.72655,-1.0,-1.0,-1
AUD.USD:MIDPOINT:5Y,2022-06-03,0.7265,0.7283,0.72015,0.7208,-1.0,-1.0,-1
AUD.USD:MIDPOINT:5Y,2022-06-06,0.7213,0.7232,0.7187,0.7193,-1.0,-1.0,-1
AUD.USD:MIDPOINT:5Y,2022-06-07,0.71935,0.72485,0.7157,0.72335,-1.0,-1.0,-1
AUD.USD:MIDPOINT:5Y,2022-06-08,0.7232,0.7235,0.71755,0.719,-1.0,-1.0,-1
AUD.USD:MIDPOINT:5Y,2022-06-09,0.71905,0.71975,0.7093,0.70975,-1.0,-1.0,-1
AUD.USD:MIDPOINT:5Y,2022-06-10,0.70985,0.7138,0.70375,0.7046,-1.0,-1.0,-1
AUD.USD:MIDPOINT:5Y,2022-06-13,0.7042,0.7047,0.69115,0.6925,-1.0,-1.0,-1
AUD.USD:MIDPOINT:5Y,2022-06-14,0.6922,0.69705,0.68505,0.68735,-1.0,-1.0,-1
AUD.USD:MIDPOINT:5Y,2022-06-15,0.68695,0.70245,0.68695,0.70025,-1.0,-1.0,-1
AUD.USD:MIDPOINT:5Y,2022-06-16,0.7005,0.7069,0.69435,0.7046,-1.0,-1.0,-1
AUD.USD:MIDPOINT:5Y,2022-06-17,0.7049,0.70515,0.68975,0.69355,-1.0,-1.0,-1
AUD.USD:MIDPOINT:5Y,2022-06-20,0.6924,0.6996,0.6924,0.69515,-1.0,-1.0,-1
AUD.USD:MIDPOINT:5Y,2022-06-21,0.69485,0.6994,0.69345,0.69735,-1.0,-1.0,-1
AUD.USD:MIDPOINT:5Y,2022-06-22,0.69715,0.69735,0.6881,0.69255,-1.0,-1.0,-1
AUD.USD:MIDPOINT:5Y,2022-06-23,0.6926,0.6928,0.6869,0.6897,-1.0,-1.0,-1
AUD.USD:MIDPOINT:5Y,2022-06-24,0.68885,0.69575,0.68885,0.6946,-1.0,-1.0,-1
AUD.USD:MIDPOINT:5Y,2022-06-27,0.69435,0.6959,0.6907,0.6925,-1.0,-1.0,-1
AUD.USD:MIDPOINT:5Y,2022-06-28,0.69235,0.69645,0.6904,0.69075,-1.0,-1.0,-1
AUD.USD:MIDPOINT:5Y,2022-06-29,0.69075,0.69205,0.6862,0.68805,-1.0,-1.0,-1
AUD.USD:MIDPOINT:5Y,2022-06-30,0.6878,0.69195,0.68535,0.6903,-1.0,-1.0,-1
AUD.USD:MIDPOINT:5Y,2022-07-01,0.6902,0.6905,0.6764,0.6815,-1.0,-1.0,-1
AUD.USD:MIDPOINT:5Y,2022-07-04,0.6814,0.6889,0.6794,0.68655,-1.0,-1.0,-1
AUD.USD:MIDPOINT:5Y,2022-07-05,0.68655,0.6895,0.67615,0.6803,-1.0,-1.0,-1
AUD.USD:MIDPOINT:5Y,2022-07-06,0.6802,0.6826,0.6762,0.67795,-1.0,-1.0,-1
AUD.USD:MIDPOINT:5Y,2022-07-07,0.6777,0.68485,0.67645,0.68385,-1.0,-1.0,-1
AUD.USD:MIDPOINT:5Y,2022-07-08,0.6839,0.68745,0.6792,0.6858,-1.0,-1.0,-1
AUD.USD:MIDPOINT:5Y,2022-07-11,0.6847,0.68555,0.67145,0.67325,-1.0,-1.0,-1
AUD.USD:MIDPOINT:5Y,2022-07-12,0.67345,0.6779,0.6711,0.6756,-1.0,-1.0,-1
AUD.USD:MIDPOINT:5Y,2022-07-13,0.67425,0.68035,0.67255,0.6758,-1.0,-1.0,-1
AUD.USD:MIDPOINT:5Y,2022-07-14,0.6759,0.6788,0.66815,0.675,-1.0,-1.0,-1
AUD.USD:MIDPOINT:5Y,2022-07-15,0.6751,0.68065,0.6719,0.6793,-1.0,-1.0,-1
AUD.USD:MIDPOINT:5Y,2022-07-18,0.67905,0.68545,0.6787,0.6811,-1.0,-1.0,-1
AUD.USD:MIDPOINT:5Y,2022-07-19,0.68145,0.69125,0.68025,0.68985,-1.0,-1.0,-1
AUD.USD:MIDPOINT:5Y,2022-07-20,0.6898,0.69305,0.6873,0.68875,-1.0,-1.0,-1
AUD.USD:MIDPOINT:5Y,2022-07-21,0.6887,0.69375,0.6859,0.6933,-1.0,-1.0,-1
AUD.USD:MIDPOINT:5Y,2022-07-22,0.6931,0.69775,0.68935,0.6932,-1.0,-1.0,-1
AUD.USD:MIDPOINT:5Y,2022-07-25,0.6927,0.69655,0.68785,0.6956,-1.0,-1.0,-1
AUD.USD:MIDPOINT:5Y,2022-07-26,0.69595,0.69835,0.6922,0.6937,-1.0,-1.0,-1
AUD.USD:MIDPOINT:5Y,2022-07-27,0.6946,0.70125,0.6912,0.69935,-1.0,-1.0,-1
AUD.USD:MIDPOINT:5Y,2022-07-28,0.69975,0.7014,0.6955,0.6992,-1.0,-1.0,-1
AUD.USD:MIDPOINT:5Y,2022-07-29,0.69875,0.7032,0.6911,0.69935,-1.0,-1.0,-1
AUD.USD:MIDPOINT:5Y,2022-08-01,0.69865,0.7047,0.69685,0.7025,-1.0,-1.0,-1
AUD.USD:MIDPOINT:5Y,2022-08-02,0.7025,0.70325,0.69125,0.69195,-1.0,-1.0,-1
AUD.USD:MIDPOINT:5Y,2022-08-03,0.6919,0.6956,0.68865,0.6949,-1.0,-1.0,-1
AUD.USD:MIDPOINT:5Y,2022-08-04,0.69515,0.699,0.6935,0.69685,-1.0,-1.0,-1
AUD.USD:MIDPOINT:5Y,2022-08-05,0.69635,0.6975,0.68695,0.69115,-1.0,-1.0,-1
AUD.USD:MIDPOINT:5Y,2022-08-08,0.69105,0.70095,0.6898,0.69825,-1.0,-1.0,-1
AUD.USD:MIDPOINT:5Y,2022-08-09,0.6978,0.69945,0.6953,0.69625,-1.0,-1.0,-1
AUD.USD:MIDPOINT:5Y,2022-08-10,0.6965,0.7109,0.69465,0.70795,-1.0,-1.0,-1
AUD.USD:MIDPOINT:5Y,2022-08-11,0.7083,0.7137,0.7063,0.7106,-1.0,-1.0,-1
AUD.USD:MIDPOINT:5Y,2022-08-12,0.71085,0.71285,0.7085,0.7122,-1.0,-1.0,-1
AUD.USD:MIDPOINT:5Y,2022-08-15,0.71185,0.7125,0.7011,0.70225,-1.0,-1.0,-1
AUD.USD:MIDPOINT:5Y,2022-08-16,0.70215,0.70405,0.6991,0.7024,-1.0,-1.0,-1
AUD.USD:MIDPOINT:5Y,2022-08-17,0.7025,0.7027,0.6911,0.6935,-1.0,-1.0,-1
AUD.USD:MIDPOINT:5Y,2022-08-18,0.693,0.697,0.6899,0.6916,-1.0,-1.0,-1
AUD.USD:MIDPOINT:5Y,2022-08-19,0.692,0.692,0.6859,0.6874,-1.0,-1.0,-1
AUD.USD:MIDPOINT:5Y,2022-08-22,0.68725,0.6929,0.6862,0.68775,-1.0,-1.0,-1
AUD.USD:MIDPOINT:5Y,2022-08-23,0.6875,0.69635,0.6856,0.69285,-1.0,-1.0,-1
AUD.USD:MIDPOINT:5Y,2022-08-24,0.69275,0.6932,0.6879,0.6909,-1.0,-1.0,-1
AUD.USD:MIDPOINT:5Y,2022-08-25,0.6909,0.69915,0.69025,0.6981,-1.0,-1.0,-1
AUD.USD:MIDPOINT:5Y,2022-08-26,0.69785,0.7009,0.6873,0.6919,-1.0,-1.0,-1
AUD.USD:MIDPOINT:5Y,2022-08-29,0.6885,0.6926,0.6841,0.6902,-1.0,-1.0,-1
AUD.USD:MIDPOINT:5Y,2022-08-30,0.6898,0.6956,0.6846,0.68535,-1.0,-1.0,-1
AUD.USD:MIDPOINT:5Y,2022-08-31,0.6856,0.6904,0.6835,0.6841,-1.0,-1.0,-1
AUD.USD:MIDPOINT:5Y,2022-09-01,0.68415,0.68485,0.6771,0.67885,-1.0,-1.0,-1
AUD.USD:MIDPOINT:5Y,2022-09-02,0.6789,0.6855,0.67795,0.68105,-1.0,-1.0,-1
AUD.USD:MIDPOINT:5Y,2022-09-05,0.6782,0.6804,0.6773,0.6797,-1.0,-1.0,-1
AUD.USD:MIDPOINT:5Y,2022-09-06,0.67995,0.68325,0.6728,0.6735,-1.0,-1.0,-1
AUD.USD:MIDPOINT:5Y,2022-09-07,0.67375,0.67695,0.6699,0.6769,-1.0,-1.0,-1
AUD.USD:MIDPOINT:5Y,2022-09-08,0.6769,0.6774,0.6713,0.6751,-1.0,-1.0,-1
AUD.USD:MIDPOINT:5Y,2022-09-09,0.67495,0.68775,0.6747,0.68315,-1.0,-1.0,-1
AUD.USD:MIDPOINT:5Y,2022-09-12,0.68335,0.68995,0.68245,0.68885,-1.0,-1.0,-1
AUD.USD:MIDPOINT:5Y,2022-09-13,0.689,0.6916,0.67265,0.6731,-1.0,-1.0,-1
AUD.USD:MIDPOINT:5Y,2022-09-14,0.6729,0.67605,0.6705,0.67485,-1.0,-1.0,-1
AUD.USD:MIDPOINT:5Y,2022-09-15,0.6741,0.67705,0.6696,0.6703,-1.0,-1.0,-1
AUD.USD:MIDPOINT:5Y,2022-09-16,0.67025,0.67245,0.667,0.6716,-1.0,-1.0,-1
AUD.USD:MIDPOINT:5Y,2022-09-19,0.6719,0.6734,0.6672,0.6727,-1.0,-1.0,-1
AUD.USD:MIDPOINT:5Y,2022-09-20,0.6728,0.67475,0.66765,0.6689,-1.0,-1.0,-1
AUD.USD:MIDPOINT:5Y,2022-09-21,0.6692,0.67055,0.66215,0.663,-1.0,-1.0,-1
AUD.USD:MIDPOINT:5Y,2022-09-22,0.6628,0.6671,0.6574,0.66455,-1.0,-1.0,-1
AUD.USD:MIDPOINT:5Y,2022-09-23,0.6645,0.6656,0.65115,0.65245,-1.0,-1.0,-1
AUD.USD:MIDPOINT:5Y,2022-09-26,0.6529,0.6538,0.6438,0.64565,-1.0,-1.0,-1
AUD.USD:MIDPOINT:5Y,2022-09-27,0.64535,0.6513,0.6414,0.64345,-1.0,-1.0,-1
AUD.USD:MIDPOINT:5Y,2022-09-28,0.64295,0.6531,0.6363,0.65225,-1.0,-1.0,-1
AUD.USD:MIDPOINT:5Y,2022-09-29,0.6519,0.65255,0.64355,0.65,-1.0,-1.0,-1
AUD.USD:MIDPOINT:5Y,2022-09-30,0.6489,0.6524,0.63915,0.64025,-1.0,-1.0,-1
AUD.USD:MIDPOINT:5Y,2022-10-03,0.6405,0.65225,0.64025,0.6516,-1.0,-1.0,-1
AUD.USD:MIDPOINT:5Y,2022-10-04,0.6516,0.6548,0.6451,0.6502,-1.0,-1.0,-1
AUD.USD:MIDPOINT:5Y,2022-10-05,0.65,0.65265,0.64165,0.64875,-1.0,-1.0,-1
AUD.USD:MIDPOINT:5Y,2022-10-06,0.6489,0.6541,0.63895,0.6405,-1.0,-1.0,-1
AUD.USD:MIDPOINT:5Y,2022-10-07,0.64095,0.64325,0.63545,0.6376,-1.0,-1.0,-1
AUD.USD:MIDPOINT:5Y,2022-10-10,0.63605,0.63805,0.6275,0.6301,-1.0,-1.0,-1
AUD.USD:MIDPOINT:5Y,2022-10-11,0.6296,0.6346,0.62475,0.62715,-1.0,-1.0,-1
AUD.USD:MIDPOINT:5Y,2022-10-12,0.6277,0.6299,0.62355,0.62775,-1.0,-1.0,-1
AUD.USD:MIDPOINT:5Y,2022-10-13,0.62785,0.6317,0.61705,0.62985,-1.0,-1.0,-1
AUD.USD:MIDPOINT:5Y,2022-10-14,0.6298,0.6347,0.61945,0.6198,-1.0,-1.0,-1
AUD.USD:MIDPOINT:5Y,2022-10-17,0.6213,0.63125,0.6204,0.62905,-1.0,-1.0,-1
AUD.USD:MIDPOINT:5Y,2022-10-18,0.62875,0.634,0.6266,0.6307,-1.0,-1.0,-1
AUD.USD:MIDPOINT:5Y,2022-10-19,0.63075,0.63255,0.62515,0.62695,-1.0,-1.0,-1
AUD.USD:MIDPOINT:5Y,2022-10-20,0.6266,0.6356,0.62285,0.62805,-1.0,-1.0,-1
AUD.USD:MIDPOINT:5Y,2022-10-21,0.6278,0.6393,0.62105,0.63775,-1.0,-1.0,-1
AUD.USD:MIDPOINT:5Y,2022-10-24,0.64,0.64115,0.62725,0.63125,-1.0,-1.0,-1
AUD.USD:MIDPOINT:5Y,2022-10-25,0.631,0.64125,0.63035,0.6395,-1.0,-1.0,-1
AUD.USD:MIDPOINT:5Y,2022-10-26,0.63945,0.6511,0.63725,0.6497,-1.0,-1.0,-1
AUD.USD:MIDPOINT:5Y,2022-10-27,0.64925,0.65225,0.6426,0.6452,-1.0,-1.0,-1
AUD.USD:MIDPOINT:5Y,2022-10-28,0.64505,0.648,0.6389,0.64105,-1.0,-1.0,-1
AUD.USD:MIDPOINT:5Y,2022-10-31,0.64025,0.6428,0.6368,0.6399,-1.0,-1.0,-1
AUD.USD:MIDPOINT:5Y,2022-11-01,0.6398,0.6464,0.6377,0.63945,-1.0,-1.0,-1
AUD.USD:MIDPOINT:5Y,2022-11-02,0.63955,0.64925,0.6348,0.63505,-1.0,-1.0,-1
AUD.USD:MIDPOINT:5Y,2022-11-03,0.63525,0.6372,0.62725,0.6288,-1.0,-1.0,-1
AUD.USD:MIDPOINT:5Y,2022-11-04,0.6291,0.6483,0.6285,0.6467,-1.0,-1.0,-1
AUD.USD:MIDPOINT:5Y,2022-11-07,0.64195,0.64905,0.64065,0.64785,-1.0,-1.0,-1
AUD.USD:MIDPOINT:5Y,2022-11-08,0.64745,0.65515,0.64445,0.6506,-1.0,-1.0,-1
AUD.USD:MIDPOINT:5Y,2022-11-09,0.64965,0.65225,0.64145,0.64305,-1.0,-1.0,-1
AUD.USD:MIDPOINT:5Y,2022-11-10,0.643,0.66315,0.63865,0.66185,-1.0,-1.0,-1
AUD.USD:MIDPOINT:5Y,2022-11-11,0.6612,0.6717,0.6578,0.6697,-1.0,-1.0,-1
AUD.USD:MIDPOINT:5Y,2022-11-14,0.66945,0.6724,0.66635,0.6702,-1.0,-1.0,-1
AUD.USD:MIDPOINT:5Y,2022-11-15,0.6703,0.67975,0.66855,0.67565,-1.0,-1.0,-1
AUD.USD:MIDPOINT:5Y,2022-11-16,0.67605,0.6793,0.672,0.6741,-1.0,-1.0,-1
AUD.USD:MIDPOINT:5Y,2022-11-17,0.67325,0.67515,0.6634,0.6686,-1.0,-1.0,-1
AUD.USD:MIDPOINT:5Y,2022-11-18,0.6689,0.67305,0.6661,0.6673,-1.0,-1.0,-1
AUD.USD:MIDPOINT:5Y,2022-11-21,0.66675,0.66835,0.6585,0.66055,-1.0,-1.0,-1
AUD.USD:MIDPOINT:5Y,2022-11-22,0.66035,0.66515,0.66005,0.66485,-1.0,-1.0,-1
AUD.USD:MIDPOINT:5Y,2022-11-23,0.6647,0.6739,0.6634,0.67325,-1.0,-1.0,-1
AUD.USD:MIDPOINT:5Y,2022-11-24,0.6728,0.67785,0.6728,0.67645,-1.0,-1.0,-1
AUD.USD:MIDPOINT:5Y,2022-11-25,0.6766,0.6781,0.67205,0.6748,-1.0,-1.0,-1
AUD.USD:MIDPOINT:5Y,2022-11-28,0.67245,0.673,0.6642,0.66495,-1.0,-1.0,-1
AUD.USD:MIDPOINT:5Y,2022-11-29,0.6648,0.6749,0.66405,0.6688,-1.0,-1.0,-1
AUD.USD:MIDPOINT:5Y,2022-11-30,0.66885,0.6801,0.667,0.6788,-1.0,-1.0,-1
AUD.USD:MIDPOINT:5Y,2022-12-01,0.6784,0.68455,0.6782,0.6811,-1.0,-1.0,-1
AUD.USD:MIDPOINT:5Y,2022-12-02,0.68105,0.6836,0.67425,0.6792,-1.0,-1.0,-1
AUD.USD:MIDPOINT:5Y,2022-12-05,0.6784,0.6851,0.66875,0.66975,-1.0,-1.0,-1
AUD.USD:MIDPOINT:5Y,2022-12-06,0.6701,0.67445,0.6681,0.6688,-1.0,-1.0,-1
AUD.USD:MIDPOINT:5Y,2022-12-07,0.66875,0.6742,0.6669,0.67245,-1.0,-1.0,-1
AUD.USD:MIDPOINT:5Y,2022-12-08,0.67125,0.6781,0.66985,0.67695,-1.0,-1.0,-1
AUD.USD:MIDPOINT:5Y,2022-12-09,0.67685,0.6814,0.67435,0.67945,-1.0,-1.0,-1
AUD.USD:MIDPOINT:5Y,2022-12-12,0.67975,0.6799,0.6729,0.6745,-1.0,-1.0,-1
AUD.USD:MIDPOINT:5Y,2022-12-13,0.67475,0.68935,0.674,0.6855,-1.0,-1.0,-1
AUD.USD:MIDPOINT:5Y,2022-12-14,0.68535,0.6882,0.68105,0.68635,-1.0,-1.0,-1
AUD.USD:MIDPOINT:5Y,2022-12-15,0.6856,0.687,0.6677,0.67035,-1.0,-1.0,-1
AUD.USD:MIDPOINT:5Y,2022-12-16,0.6701,0.6736,0.66755,0.66855,-1.0,-1.0,-1
AUD.USD:MIDPOINT:5Y,2022-12-19,0.6707,0.67325,0.6683,0.67005,-1.0,-1.0,-1
AUD.USD:MIDPOINT:5Y,2022-12-20,0.6703,0.67445,0.6629,0.66795,-1.0,-1.0,-1
AUD.USD:MIDPOINT:5Y,2022-12-21,0.66785,0.67285,0.6657,0.6707,-1.0,-1.0,-1
AUD.USD:MIDPOINT:5Y,2022-12-22,0.6707,0.67675,0.66505,0.667,-1.0,-1.0,-1
AUD.USD:MIDPOINT:5Y,2022-12-23,0.6671,0.6725,0.66605,0.6722,-1.0,-1.0,-1
AUD.USD:MIDPOINT:5Y,2022-12-26,0.6708,0.6732,0.6684,0.67275,-1.0,-1.0,-1
AUD.USD:MIDPOINT:5Y,2022-12-27,0.6723,0.6776,0.6722,0.67315,-1.0,-1.0,-1
AUD.USD:MIDPOINT:5Y,2022-12-28,0.67295,0.6801,0.6719,0.6737,-1.0,-1.0,-1
AUD.USD:MIDPOINT:5Y,2022-12-29,0.6737,0.67875,0.67105,0.67775,-1.0,-1.0,-1
AUD.USD:MIDPOINT:5Y,2022-12-30,0.67715,0.6821,0.6753,0.68115,-1.0,-1.0,-1
AUD.USD:MIDPOINT:5Y,2023-01-03,0.6808,0.68345,0.6688,0.6727,-1.0,-1.0,-1
AUD.USD:MIDPOINT:5Y,2023-01-04,0.6728,0.68865,0.6717,0.6838,-1.0,-1.0,-1
AUD.USD:MIDPOINT:5Y,2023-01-05,0.6836,0.68455,0.6735,0.6752,-1.0,-1.0,-1
AUD.USD:MIDPOINT:5Y,2023-01-06,0.6758,0.6887,0.6722,0.6871,-1.0,-1.0,-1
AUD.USD:MIDPOINT:5Y,2023-01-09,0.6878,0.695,0.68755,0.6911,-1.0,-1.0,-1
AUD.USD:MIDPOINT:5Y,2023-01-10,0.69125,0.6928,0.686,0.68925,-1.0,-1.0,-1
AUD.USD:MIDPOINT:5Y,2023-01-11,0.68925,0.69255,0.6873,0.69045,-1.0,-1.0,-1
AUD.USD:MIDPOINT:5Y,2023-01-12,0.69065,0.69845,0.68745,0.6967,-1.0,-1.0,-1
AUD.USD:MIDPOINT:5Y,2023-01-13,0.69665,0.69945,0.69155,0.69585,-1.0,-1.0,-1
AUD.USD:MIDPOINT:5Y,2023-01-16,0.69725,0.70195,0.6941,0.6955,-1.0,-1.0,-1
AUD.USD:MIDPOINT:5Y,2023-01-17,0.6954,0.69975,0.693,0.6988,-1.0,-1.0,-1
AUD.USD:MIDPOINT:5Y,2023-01-18,0.69875,0.7064,0.69355,0.6943,-1.0,-1.0,-1
AUD.USD:MIDPOINT:5Y,2023-01-19,0.69425,0.6948,0.6872,0.691,-1.0,-1.0,-1
AUD.USD:MIDPOINT:5Y,2023-01-20,0.69135,0.69735,0.69065,0.696,-1.0,-1.0,-1
AUD.USD:MIDPOINT:5Y,2023-01-23,0.6966,0.704,0.6962,0.70285,-1.0,-1.0,-1
AUD.USD:MIDPOINT:5Y,2023-01-24,0.7026,0.7058,0.69935,0.70465,-1.0,-1.0,-1
AUD.USD:MIDPOINT:5Y,2023-01-25,0.70465,0.7123,0.70325,0.71035,-1.0,-1.0,-1
AUD.USD:MIDPOINT:5Y,2023-01-26,0.7105,0.71425,0.70795,0.71145,-1.0,-1.0,-1
AUD.USD:MIDPOINT:5Y,2023-01-27,0.71125,0.71295,0.70825,0.71015,-1.0,-1.0,-1
AUD.USD:MIDPOINT:5Y,2023-01-30,0.7101,0.71205,0.7051,0.70605,-1.0,-1.0,-1
AUD.USD:MIDPOINT:5Y,2023-01-31,0.7057,0.7065,0.6984,0.70545,-1.0,-1.0,-1
AUD.USD:MIDPOINT:5Y,2023-02-01,0.70535,0.71445,0.70365,0.71375,-1.0,-1.0,-1
AUD.USD:MIDPOINT:5Y,2023-02-02,0.7135,0.7158,0.7069,0.7077,-1.0,-1.0,-1
AUD.USD:MIDPOINT:5Y,2023-02-03,0.7082,0.7082,0.6919,0.69225,-1.0,-1.0,-1
AUD.USD:MIDPOINT:5Y,2023-02-06,0.6904,0.69485,0.68555,0.68835,-1.0,-1.0,-1
AUD.USD:MIDPOINT:5Y,2023-02-07,0.68825,0.6989,0.68825,0.69595,-1.0,-1.0,-1
AUD.USD:MIDPOINT:5Y,2023-02-08,0.69545,0.69965,0.6919,0.69245,-1.0,-1.0,-1
AUD.USD:MIDPOINT:5Y,2023-02-09,0.69235,0.70115,0.69215,0.6936,-1.0,-1.0,-1
AUD.USD:MIDPOINT:5Y,2023-02-10,0.69355,0.69605,0.6909,0.69155,-1.0,-1.0,-1
AUD.USD:MIDPOINT:5Y,2023-02-13,0.6921,0.69735,0.68905,0.6966,-1.0,-1.0,-1
AUD.USD:MIDPOINT:5Y,2023-02-14,0.69655,0.703,0.69215,0.6985,-1.0,-1.0,-1
AUD.USD:MIDPOINT:5Y,2023-02-15,0.69885,0.6989,0.6865,0.69035,-1.0,-1.0,-1
AUD.USD:MIDPOINT:5Y,2023-02-16,0.69065,0.69365,0.68405,0.6879,-1.0,-1.0,-1
AUD.USD:MIDPOINT:5Y,2023-02-17,0.6879,0.68845,0.68115,0.6879,-1.0,-1.0,-1
AUD.USD:MIDPOINT:5Y,2023-02-20,0.6875,0.6921,0.68625,0.69085,-1.0,-1.0,-1
AUD.USD:MIDPOINT:5Y,2023-02-21,0.6907,0.692,0.68475,0.68535,-1.0,-1.0,-1
AUD.USD:MIDPOINT:5Y,2023-02-22,0.68555,0.6865,0.67945,0.68045,-1.0,-1.0,-1
AUD.USD:MIDPOINT:5Y,2023-02-23,0.68035,0.6842,0.67815,0.6808,-1.0,-1.0,-1
AUD.USD:MIDPOINT:5Y,2023-02-24,0.6806,0.6824,0.67185,0.67255,-1.0,-1.0,-1
AUD.USD:MIDPOINT:5Y,2023-02-27,0.6732,0.6745,0.6698,0.67385,-1.0,-1.0,-1
AUD.USD:MIDPOINT:5Y,2023-02-28,0.67365,0.6758,0.6704,0.6729,-1.0,-1.0,-1
AUD.USD:MIDPOINT:5Y,2023-03-01,0.6733,0.6784,0.6695,0.6762,-1.0,-1.0,-1
AUD.USD:MIDPOINT:5Y,2023-03-02,0.6758,0.6766,0.67065,0.673,-1.0,-1.0,-1
AUD.USD:MIDPOINT:5Y,2023-03-03,0.67325,0.6775,0.6726,0.6767,-1.0,-1.0,-1
AUD.USD:MIDPOINT:5Y,2023-03-06,0.6759,0.67695,0.67165,0.67305,-1.0,-1.0,-1
AUD.USD:MIDPOINT:5Y,2023-03-07,0.6729,0.6748,0.65805,0.65835,-1.0,-1.0,-1
AUD.USD:MIDPOINT:5Y,2023-03-08,0.65855,0.6629,0.6568,0.65885,-1.0,-1.0,-1
AUD.USD:MIDPOINT:5Y,2023-03-09,0.65885,0.66365,0.6576,0.659,-1.0,-1.0,-1
AUD.USD:MIDPOINT:5Y,2023-03-10,0.65905,0.66405,0.65645,0.65775,-1.0,-1.0,-1
AUD.USD:MIDPOINT:5Y,2023-03-13,0.6616,0.6717,0.6601,0.66675,-1.0,-1.0,-1
AUD.USD:MIDPOINT:5Y,2023-03-14,0.66685,0.6696,0.6632,0.66825,-1.0,-1.0,-1
AUD.USD:MIDPOINT:5Y,2023-03-15,0.66825,0.67115,0.659,0.6619,-1.0,-1.0,-1
AUD.USD:MIDPOINT:5Y,2023-03-16,0.66165,0.66685,0.66105,0.6656,-1.0,-1.0,-1
AUD.USD:MIDPOINT:5Y,2023-03-17,0.66575,0.6725,0.6647,0.67005,-1.0,-1.0,-1
AUD.USD:MIDPOINT:5Y,2023-03-20,0.67195,0.673,0.6666,0.67185,-1.0,-1.0,-1
AUD.USD:MIDPOINT:5Y,2023-03-21,0.672,0.67265,0.665,0.66685,-1.0,-1.0,-1
AUD.USD:MIDPOINT:5Y,2023-03-22,0.66665,0.6759,0.66615,0.66845,-1.0,-1.0,-1
AUD.USD:MIDPOINT:5Y,2023-03-23,0.6685,0.67555,0.667,0.66835,-1.0,-1.0,-1
AUD.USD:MIDPOINT:5Y,2023-03-24,0.6686,0.66945,0.66255,0.6645,-1.0,-1.0,-1
AUD.USD:MIDPOINT:5Y,2023-03-27,0.66525,0.6666,0.6634,0.66505,-1.0,-1.0,-1
AUD.USD:MIDPOINT:5Y,2023-03-28,0.66495,0.67105,0.6646,0.6709,-1.0,-1.0,-1
AUD.USD:MIDPOINT:5Y,2023-03-29,0.6706,0.67135,0.66615,0.66845,-1.0,-1.0,-1
AUD.USD:MIDPOINT:5Y,2023-03-30,0.6686,0.67185,0.66615,0.67125,-1.0,-1.0,-1
AUD.USD:MIDPOINT:5Y,2023-03-31,0.6711,0.6738,0.66705,0.66855,-1.0,-1.0,-1
AUD.USD:MIDPOINT:5Y,2023-04-03,0.6691,0.679,0.6651,0.67855,-1.0,-1.0,-1
AUD.USD:MIDPOINT:5Y,2023-04-04,0.6783,0.67935,0.67205,0.67515,-1.0,-1.0,-1
AUD.USD:MIDPOINT:5Y,2023-04-05,0.67535,0.6781,0.6677,0.67185,-1.0,-1.0,-1
AUD.USD:MIDPOINT:5Y,2023-04-06,0.67185,0.67255,0.6653,0.6672,-1.0,-1.0,-1
AUD.USD:MIDPOINT:5Y,2023-04-07,0.66725,0.66915,0.6641,0.6674,-1.0,-1.0,-1
AUD.USD:MIDPOINT:5Y,2023-04-10,0.6673,0.66805,0.66195,0.6641,-1.0,-1.0,-1
AUD.USD:MIDPOINT:5Y,2023-04-11,0.6641,0.668,0.6638,0.66535,-1.0,-1.0,-1
AUD.USD:MIDPOINT:5Y,2023-04-12,0.66545,0.67235,0.66485,0.66905,-1.0,-1.0,-1
AUD.USD:MIDPOINT:5Y,2023-04-13,0.6694,0.6797,0.66855,0.6782,-1.0,-1.0,-1
AUD.USD:MIDPOINT:5Y,2023-04-14,0.67825,0.6806,0.6695,0.6705,-1.0,-1.0,-1
AUD.USD:MIDPOINT:5Y,2023-04-17,0.6705,0.6719,0.6681,0.6701,-1.0,-1.0,-1
AUD.USD:MIDPOINT:5Y,2023-04-18,0.6699,0.67475,0.6696,0.67255,-1.0,-1.0,-1
AUD.USD:MIDPOINT:5Y,2023-04-19,0.6723,0.67415,0.66905,0.6713,-1.0,-1.0,-1
AUD.USD:MIDPOINT:5Y,2023-04-20,0.6716,0.67715,0.6697,0.6744,-1.0,-1.0,-1
AUD.USD:MIDPOINT:5Y,2023-04-21,0.6743,0.6748,0.6678,0.66885,-1.0,-1.0,-1
AUD.USD:MIDPOINT:5Y,2023-04-24,0.6697,0.66985,0.66655,0.6696,-1.0,-1.0,-1
AUD.USD:MIDPOINT:5Y,2023-04-25,0.66925,0.67055,0.66145,0.6626,-1.0,-1.0,-1
AUD.USD:MIDPOINT:5Y,2023-04-26,0.663,0.66395,0.65915,0.6604,-1.0,-1.0,-1
AUD.USD:MIDPOINT:5Y,2023-04-27,0.6601,0.66355,0.65955,0.663,-1.0,-1.0,-1
AUD.USD:MIDPOINT:5Y,2023-04-28,0.6627,0.66425,0.6574,0.66075,-1.0,-1.0,-1
AUD.USD:MIDPOINT:5Y,2023-05-01,0.66175,0.66685,0.66075,0.66305,-1.0,-1.0,-1
AUD.USD:MIDPOINT:5Y,2023-05-02,0.66285,0.67175,0.66205,0.66625,-1.0,-1.0,-1
AUD.USD:MIDPOINT:5Y,2023-05-03,0.66635,0.67035,0.66495,0.66705,-1.0,-1.0,-1
AUD.USD:MIDPOINT:5Y,2023-05-04,0.66765,0.67065,0.66405,0.66925,-1.0,-1.0,-1
AUD.USD:MIDPOINT:5Y,2023-05-05,0.6694,0.6757,0.66905,0.67485,-1.0,-1.0,-1
AUD.USD:MIDPOINT:5Y,2023-05-08,0.67505,0.6804,0.674,0.6783,-1.0,-1.0,-1
AUD.USD:MIDPOINT:5Y,2023-05-09,0.6779,0.6787,0.67465,0.6762,-1.0,-1.0,-1
AUD.USD:MIDPOINT:5Y,2023-05-10,0.67625,0.68185,0.67445,0.67795,-1.0,-1.0,-1
AUD.USD:MIDPOINT:5Y,2023-05-11,0.67755,0.6796,0.6689,0.6702,-1.0,-1.0,-1
AUD.USD:MIDPOINT:5Y,2023-05-12,0.67045,0.67065,0.66365,0.66455,-1.0,-1.0,-1
AUD.USD:MIDPOINT:5Y,2023-05-15,0.6648,0.67085,0.6642,0.67005,-1.0,-1.0,-1
AUD.USD:MIDPOINT:5Y,2023-05-16,0.67005,0.671,0.66515,0.66555,-1.0,-1.0,-1
AUD.USD:MIDPOINT:5Y,2023-05-17,0.6659,0.66735,0.6629,0.66595,-1.0,-1.0,-1
AUD.USD:MIDPOINT:5Y,2023-05-18,0.6663,0.6669,0.6605,0.6622,-1.0,-1.0,-1
AUD.USD:MIDPOINT:5Y,2023-05-19,0.6621,0.66755,0.66165,0.66495,-1.0,-1.0,-1
AUD.USD:MIDPOINT:5Y,2023-05-22,0.66465,0.6668,0.66275,0.66525,-1.0,-1.0,-1
AUD.USD:MIDPOINT:5Y,2023-05-23,0.6651,0.6662,0.66075,0.66095,-1.0,-1.0,-1
AUD.USD:MIDPOINT:5Y,2023-05-24,0.66115,0.66155,0.653,0.65445,-1.0,-1.0,-1
AUD.USD:MIDPOINT:5Y,2023-05-25,0.6543,0.6547,0.6499,0.65055,-1.0,-1.0,-1
AUD.USD:MIDPOINT:5Y,2023-05-26,0.65075,0.65445,0.64905,0.6516,-1.0,-1.0,-1
AUD.USD:MIDPOINT:5Y,2023-05-29,0.65235,0.65545,0.65205,0.6539,-1.0,-1.0,-1
AUD.USD:MIDPOINT:5Y,2023-05-30,0.65395,0.65595,0.6503,0.6517,-1.0,-1.0,-1
AUD.USD:MIDPOINT:5Y,2023-05-31,0.6516,0.65395,0.64585,0.65035,-1.0,-1.0,-1
AUD.USD:MIDPOINT:5Y,2023-06-01,0.65,0.65815,0.64845,0.65705,-1.0,-1.0,-1
AUD.USD:MIDPOINT:5Y,2023-06-02,0.65685,0.6639,0.65685,0.6606,-1.0,-1.0,-1
AUD.USD:MIDPOINT:5Y,2023-06-05,0.6605,0.66375,0.65795,0.66175,-1.0,-1.0,-1
AUD.USD:MIDPOINT:5Y,2023-06-06,0.6624,0.66855,0.66095,0.6671,-1.0,-1.0,-1
AUD.USD:MIDPOINT:5Y,2023-06-07,0.66715,0.67175,0.6642,0.66525,-1.0,-1.0,-1
AUD.USD:MIDPOINT:5Y,2023-06-08,0.6656,0.6718,0.6652,0.67165,-1.0,-1.0,-1
AUD.USD:MIDPOINT:5Y,2023-06-09,0.6712,0.6751,0.66925,0.6741,-1.0,-1.0,-1
AUD.USD:MIDPOINT:5Y,2023-06-12,0.6739,0.67735,0.67315,0.67505,-1.0,-1.0,-1
AUD.USD:MIDPOINT:5Y,2023-06-13,0.67525,0.6807,0.6738,0.67665,-1.0,-1.0,-1
AUD.USD:MIDPOINT:5Y,2023-06-14,0.67655,0.6836,0.6756,0.6796,-1.0,-1.0,-1
AUD.USD:MIDPOINT:5Y,2023-06-15,0.6804,0.6893,0.67665,0.68825,-1.0,-1.0,-1
AUD.USD:MIDPOINT:5Y,2023-06-16,0.68855,0.69,0.6855,0.6871,-1.0,-1.0,-1
AUD.USD:MIDPOINT:5Y,2023-06-19,0.68735,0.68825,0.6834,0.68505,-1.0,-1.0,-1
AUD.USD:MIDPOINT:5Y,2023-06-20,0.68475,0.68555,0.6753,0.67855,-1.0,-1.0,-1
AUD.USD:MIDPOINT:5Y,2023-06-21,0.6786,0.68045,0.6741,0.6797,-1.0,-1.0,-1
AUD.USD:MIDPOINT:5Y,2023-06-22,0.6801,0.6806,0.6745,0.67565,-1.0,-1.0,-1
AUD.USD:MIDPOINT:5Y,2023-06-23,0.6754,0.6768,0.6663,0.6678,-1.0,-1.0,-1
AUD.USD:MIDPOINT:5Y,2023-06-26,0.6682,0.6694,0.66675,0.66755,-1.0,-1.0,-1
AUD.USD:MIDPOINT:5Y,2023-06-27,0.66785,0.6721,0.667,0.66865,-1.0,-1.0,-1
AUD.USD:MIDPOINT:5Y,2023-06-28,0.6685,0.66895,0.6597,0.66005,-1.0,-1.0,-1
AUD.USD:MIDPOINT:5Y,2023-06-29,0.6608,0.66405,0.65955,0.66165,-1.0,-1.0,-1
AUD.USD:MIDPOINT:5Y,2023-06-30,0.66165,0.66715,0.66035,0.66665,-1.0,-1.0,-1
AUD.USD:MIDPOINT:5Y,2023-07-03,0.66635,0.6692,0.6637,0.66725,-1.0,-1.0,-1
AUD.USD:MIDPOINT:5Y,2023-07-04,0.6669,0.67055,0.66415,0.66925,-1.0,-1.0,-1
AUD.USD:MIDPOINT:5Y,2023-07-05,0.66965,0.66985,0.6653,0.6655,-1.0,-1.0,-1
AUD.USD:MIDPOINT:5Y,2023-07-06,0.6655,0.6688,0.6599,0.66255,-1.0,-1.0,-1
AUD.USD:MIDPOINT:5Y,2023-07-07,0.66265,0.6701,0.662,0.6689,-1.0,-1.0,-1
AUD.USD:MIDPOINT:5Y,2023-07-10,0.66825,0.66965,0.66235,0.6675,-1.0,-1.0,-1
AUD.USD:MIDPOINT:5Y,2023-07-11,0.66765,0.6695,0.6651,0.6687,-1.0,-1.0,-1
AUD.USD:MIDPOINT:5Y,2023-07-12,0.6683,0.6796,0.6682,0.67855,-1.0,-1.0,-1
AUD.USD:MIDPOINT:5Y,2023-07-13,0.6787,0.6895,0.67845,0.6889,-1.0,-1.0,-1
AUD.USD:MIDPOINT:5Y,2023-07-14,0.68835,0.6895,0.68305,0.68375,-1.0,-1.0,-1
AUD.USD:MIDPOINT:5Y,2023-07-17,0.6838,0.68425,0.67875,0.6816,-1.0,-1.0,-1
AUD.USD:MIDPOINT:5Y,2023-07-18,0.682,0.68375,0.6789,0.68115,-1.0,-1.0,-1
AUD.USD:MIDPOINT:5Y,2023-07-19,0.68135,0.682,0.675,0.6772,-1.0,-1.0,-1
AUD.USD:MIDPOINT:5Y,2023-07-20,0.67715,0.6847,0.67655,0.6779,-1.0,-1.0,-1
AUD.USD:MIDPOINT:5Y,2023-07-21,0.6776,0.6788,0.67225,0.673,-1.0,-1.0,-1
AUD.USD:MIDPOINT:5Y,2023-07-24,0.67335,0.67565,0.6715,0.67395,-1.0,-1.0,-1
AUD.USD:MIDPOINT:5Y,2023-07-25,0.674,0.6795,0.67255,0.6792,-1.0,-1.0,-1
AUD.USD:MIDPOINT:5Y,2023-07-26,0.6784,0.67935,0.67295,0.67575,-1.0,-1.0,-1
AUD.USD:MIDPOINT:5Y,2023-07-27,0.6759,0.68215,0.66985,0.67095,-1.0,-1.0,-1
AUD.USD:MIDPOINT:5Y,2023-07-28,0.67065,0.6714,0.66225,0.665,-1.0,-1.0,-1
AUD.USD:MIDPOINT:5Y,2023-07-31,0.66565,0.674,0.6649,0.6717,-1.0,-1.0,-1
AUD.USD:MIDPOINT:5Y,2023-08-01,0.67215,0.6724,0.6602,0.66135,-1.0,-1.0,-1
AUD.USD:MIDPOINT:5Y,2023-08-02,0.6615,0.663,0.6527,0.65385,-1.0,-1.0,-1
AUD.USD:MIDPOINT:5Y,2023-08-03,0.654,0.6569,0.6514,0.65505,-1.0,-1.0,-1
AUD.USD:MIDPOINT:5Y,2023-08-04,0.65525,0.661,0.6545,0.65725,-1.0,-1.0,-1
AUD.USD:MIDPOINT:5Y,2023-08-07,0.6575,0.6593,0.6555,0.65735,-1.0,-1.0,-1
AUD.USD:MIDPOINT:5Y,2023-08-08,0.65715,0.65765,0.64965,0.6544,-1.0,-1.0,-1
AUD.USD:MIDPOINT:5Y,2023-08-09,0.6543,0.65715,0.652,0.6528,-1.0,-1.0,-1
AUD.USD:MIDPOINT:5Y,2023-08-10,0.65295,0.6617,0.6514,0.6515,-1.0,-1.0,-1
AUD.USD:MIDPOINT:5Y,2023-08-11,0.6517,0.6534,0.6486,0.64965,-1.0,-1.0,-1
AUD.USD:MIDPOINT:5Y,2023-08-14,0.65,0.65035,0.6454,0.6487,-1.0,-1.0,-1
AUD.USD:MIDPOINT:5Y,2023-08-15,0.64945,0.65225,0.64515,0.6455,-1.0,-1.0,-1
AUD.USD:MIDPOINT:5Y,2023-08-16,0.6455,0.6481,0.64155,0.6424,-1.0,-1.0,-1
AUD.USD:MIDPOINT:5Y,2023-08-17,0.64205,0.6451,0.63645,0.6403,-1.0,-1.0,-1
AUD.USD:MIDPOINT:5Y,2023-08-18,0.6401,0.64295,0.6379,0.6407,-1.0,-1.0,-1
AUD.USD:MIDPOINT:5Y,2023-08-21,0.64105,0.64215,0.6387,0.64145,-1.0,-1.0,-1
AUD.USD:MIDPOINT:5Y,2023-08-22,0.6412,0.6458,0.64035,0.6423,-1.0,-1.0,-1
AUD.USD:MIDPOINT:5Y,2023-08-23,0.64215,0.6482,0.6411,0.6481,-1.0,-1.0,-1
AUD.USD:MIDPOINT:5Y,2023-08-24,0.6479,0.64885,0.64125,0.6417,-1.0,-1.0,-1
AUD.USD:MIDPOINT:5Y,2023-08-25,0.6415,0.64415,0.638,0.64025,-1.0,-1.0,-1
AUD.USD:MIDPOINT:5Y,2023-08-28,0.64065,0.644,0.6402,0.64295,-1.0,-1.0,-1
AUD.USD:MIDPOINT:5Y,2023-08-29,0.6425,0.6487,0.64015,0.64805,-1.0,-1.0,-1
AUD.USD:MIDPOINT:5Y,2023-08-30,0.64755,0.6522,0.64495,0.6475,-1.0,-1.0,-1
AUD.USD:MIDPOINT:5Y,2023-08-31,0.6477,0.6508,0.6461,0.64845,-1.0,-1.0,-1
AUD.USD:MIDPOINT:5Y,2023-09-01,0.6482,0.6522,0.64385,0.6453,-1.0,-1.0,-1
AUD.USD:MIDPOINT:5Y,2023-09-04,0.64455,0.64805,0.64445,0.6461,-1.0,-1.0,-1
AUD.USD:MIDPOINT:5Y,2023-09-05,0.6461,0.6465,0.63575,0.6379,-1.0,-1.0,-1
AUD.USD:MIDPOINT:5Y,2023-09-06,0.638,0.6405,0.63575,0.63825,-1.0,-1.0,-1
AUD.USD:MIDPOINT:5Y,2023-09-07,0.63805,0.6395,0.63625,0.63755,-1.0,-1.0,-1
AUD.USD:MIDPOINT:5Y,2023-09-08,0.6379,0.6415,0.6367,0.6374,-1.0,-1.0,-1
AUD.USD:MIDPOINT:5Y,2023-09-11,0.6378,0.64495,0.6378,0.64295,-1.0,-1.0,-1
AUD.USD:MIDPOINT:5Y,2023-09-12,0.6437,0.644,0.64085,0.64255,-1.0,-1.0,-1
AUD.USD:MIDPOINT:5Y,2023-09-13,0.6423,0.6434,0.638,0.64215,-1.0,-1.0,-1
AUD.USD:MIDPOINT:5Y,2023-09-14,0.64235,0.646,0.64175,0.644,-1.0,-1.0,-1
AUD.USD:MIDPOINT:5Y,2023-09-15,0.6439,0.64735,0.6425,0.6432,-1.0,-1.0,-1
AUD.USD:MIDPOINT:5Y,2023-09-18,0.6444,0.6449,0.6417,0.6437,-1.0,-1.0,-1
AUD.USD:MIDPOINT:5Y,2023-09-19,0.64355,0.6474,0.6428,0.64535,-1.0,-1.0,-1
AUD.USD:MIDPOINT:5Y,2023-09-20,0.64555,0.65115,0.644,0.64475,-1.0,-1.0,-1
AUD.USD:MIDPOINT:5Y,2023-09-21,0.6445,0.64525,0.63855,0.6416,-1.0,-1.0,-1
AUD.USD:MIDPOINT:5Y,2023-09-22,0.6416,0.64655,0.6404,0.6442,-1.0,-1.0,-1
AUD.USD:MIDPOINT:5Y,2023-09-25,0.6441,0.64465,0.64045,0.64235,-1.0,-1.0,-1
AUD.USD:MIDPOINT:5Y,2023-09-26,0.64215,0.64305,0.63875,0.6397,-1.0,-1.0,-1
AUD.USD:MIDPOINT:5Y,2023-09-27,0.6397,0.6409,0.63315,0.63525,-1.0,-1.0,-1
AUD.USD:MIDPOINT:5Y,2023-09-28,0.6353,0.64325,0.6345,0.64265,-1.0,-1.0,-1
AUD.USD:MIDPOINT:5Y,2023-09-29,0.6424,0.6501,0.6421,0.64375,-1.0,-1.0,-1
AUD.USD:MIDPOINT:5Y,2023-10-02,0.6435,0.6445,0.63625,0.63635,-1.0,-1.0,-1
AUD.USD:MIDPOINT:5Y,2023-10-03,0.63635,0.6367,0.62855,0.6302,-1.0,-1.0,-1
AUD.USD:MIDPOINT:5Y,2023-10-04,0.63045,0.63425,0.62865,0.6325,-1.0,-1.0,-1
AUD.USD:MIDPOINT:5Y,2023-10-05,0.6328,0.6378,0.63215,0.637,-1.0,-1.0,-1
AUD.USD:MIDPOINT:5Y,2023-10-06,0.63695,0.64005,0.63125,0.6385,-1.0,-1.0,-1
AUD.USD:MIDPOINT:5Y,2023-10-09,0.63605,0.6415,0.6343,0.6411,-1.0,-1.0,-1
AUD.USD:MIDPOINT:5Y,2023-10-10,0.641,0.6433,0.63905,0.64315,-1.0,-1.0,-1
AUD.USD:MIDPOINT:5Y,2023-10-11,0.64305,0.64455,0.6388,0.6414,-1.0,-1.0,-1
AUD.USD:MIDPOINT:5Y,2023-10-12,0.6417,0.6431,0.63075,0.6314,-1.0,-1.0,-1
AUD.USD:MIDPOINT:5Y,2023-10-13,0.63115,0.63345,0.62865,0.6295,-1.0,-1.0,-1
AUD.USD:MIDPOINT:5Y,2023-10-16,0.63045,0.6345,0.63005,0.63425,-1.0,-1.0,-1
AUD.USD:MIDPOINT:5Y,2023-10-17,0.63435,0.638,0.6335,0.6365,-1.0,-1.0,-1
AUD.USD:MIDPOINT:5Y,2023-10-18,0.6363,0.63935,0.6328,0.63365,-1.0,-1.0,-1
AUD.USD:MIDPOINT:5Y,2023-10-19,0.63345,0.6357,0.6296,0.6329,-1.0,-1.0,-1
AUD.USD:MIDPOINT:5Y,2023-10-20,0.6329,0.6331,0.62975,0.63135,-1.0,-1.0,-1
AUD.USD:MIDPOINT:5Y,2023-10-23,0.6313,0.6349,0.6289,0.63355,-1.0,-1.0,-1
AUD.USD:MIDPOINT:5Y,2023-10-24,0.63345,0.6379,0.63325,0.6355,-1.0,-1.0,-1
AUD.USD:MIDPOINT:5Y,2023-10-25,0.6357,0.64,0.63055,0.63085,-1.0,-1.0,-1
AUD.USD:MIDPOINT:5Y,2023-10-26,0.6312,0.6331,0.62705,0.63215,-1.0,-1.0,-1
AUD.USD:MIDPOINT:5Y,2023-10-27,0.632,0.6368,0.632,0.63335,-1.0,-1.0,-1
AUD.USD:MIDPOINT:5Y,2023-10-30,0.6338,0.6384,0.63325,0.6374,-1.0,-1.0,-1
AUD.USD:MIDPOINT:5Y,2023-10-31,0.6374,0.6377,0.63145,0.6337,-1.0,-1.0,-1
AUD.USD:MIDPOINT:5Y,2023-11-01,0.6335,0.63995,0.6318,0.63935,-1.0,-1.0,-1
AUD.USD:MIDPOINT:5Y,2023-11-02,0.6395,0.6456,0.6394,0.6434,-1.0,-1.0,-1
AUD.USD:MIDPOINT:5Y,2023-11-03,0.64345,0.65185,0.642,0.6512,-1.0,-1.0,-1
AUD.USD:MIDPOINT:5Y,2023-11-06,0.65075,0.6523,0.6485,0.6489,-1.0,-1.0,-1
AUD.USD:MIDPOINT:5Y,2023-11-07,0.6489,0.6502,0.6404,0.64365,-1.0,-1.0,-1
AUD.USD:MIDPOINT:5Y,2023-11-08,0.64335,0.64495,0.63975,0.6402,-1.0,-1.0,-1
AUD.USD:MIDPOINT:5Y,2023-11-09,0.6406,0.64285,0.63635,0.63665,-1.0,-1.0,-1
AUD.USD:MIDPOINT:5Y,2023-11-10,0.63715,0.63715,0.63385,0.63595,-1.0,-1.0,-1
AUD.USD:MIDPOINT:5Y,2023-11-13,0.63555,0.63915,0.63525,0.63765,-1.0,-1.0,-1
AUD.USD:MIDPOINT:5Y,2023-11-14,0.63745,0.65125,0.63605,0.6507,-1.0,-1.0,-1
AUD.USD:MIDPOINT:5Y,2023-11-15,0.6505,0.65425,0.64835,0.65085,-1.0,-1.0,-1
AUD.USD:MIDPOINT:5Y,2023-11-16,0.65055,0.65185,0.64605,0.6469,-1.0,-1.0,-1
AUD.USD:MIDPOINT:5Y,2023-11-17,0.64725,0.65165,0.64525,0.65145,-1.0,-1.0,-1
AUD.USD:MIDPOINT:5Y,2023-11-20,0.6511,0.6565,0.6501,0.65565,-1.0,-1.0,-1
AUD.USD:MIDPOINT:5Y,2023-11-21,0.65565,0.65895,0.65445,0.6556,-1.0,-1.0,-1
AUD.USD:MIDPOINT:5Y,2023-11-22,0.6559,0.65695,0.65215,0.65425,-1.0,-1.0,-1
AUD.USD:MIDPOINT:5Y,2023-11-23,0.65435,0.6575,0.65395,0.65575,-1.0,-1.0,-1
AUD.USD:MIDPOINT:5Y,2023-11-24,0.65545,0.6591,0.655,0.6586,-1.0,-1.0,-1
AUD.USD:MIDPOINT:5Y,2023-11-27,0.6579,0.66145,0.6567,0.66065,-1.0,-1.0,-1
AUD.USD:MIDPOINT:5Y,2023-11-28,0.66065,0.6666,0.65965,0.66485,-1.0,-1.0,-1
AUD.USD:MIDPOINT:5Y,2023-11-29,0.66475,0.66765,0.66055,0.66175,-1.0,-1.0,-1
AUD.USD:MIDPOINT:5Y,2023-11-30,0.6615,0.66505,0.6571,0.6605,-1.0,-1.0,-1
AUD.USD:MIDPOINT:5Y,2023-12-01,0.6604,0.6676,0.65995,0.66755,-1.0,-1.0,-1
AUD.USD:MIDPOINT:5Y,2023-12-04,0.66725,0.66905,0.6605,0.66195,-1.0,-1.0,-1
AUD.USD:MIDPOINT:5Y,2023-12-05,0.6619,0.66225,0.65445,0.65515,-1.0,-1.0,-1
AUD.USD:MIDPOINT:5Y,2023-12-06,0.65505,0.65975,0.65475,0.65485,-1.0,-1.0,-1
AUD.USD:MIDPOINT:5Y,2023-12-07,0.65515,0.662,0.65255,0.6602,-1.0,-1.0,-1
AUD.USD:MIDPOINT:5Y,2023-12-08,0.66075,0.66195,0.6558,0.65795,-1.0,-1.0,-1
AUD.USD:MIDPOINT:5Y,2023-12-11,0.65725,0.65835,0.655,0.65675,-1.0,-1.0,-1
AUD.USD:MIDPOINT:5Y,2023-12-12,0.65695,0.66125,0.654,0.65595,-1.0,-1.0,-1
AUD.USD:MIDPOINT:5Y,2023-12-13,0.65615,0.66735,0.65415,0.66615,-1.0,-1.0,-1
AUD.USD:MIDPOINT:5Y,2023-12-14,0.66625,0.67285,0.66565,0.66985,-1.0,-1.0,-1
AUD.USD:MIDPOINT:5Y,2023-12-15,0.6695,0.67285,0.6663,0.66965,-1.0,-1.0,-1
AUD.USD:MIDPOINT:5Y,2023-12-18,0.6699,0.67355,0.66905,0.67065,-1.0,-1.0,-1
AUD.USD:MIDPOINT:5Y,2023-12-19,0.67085,0.6775,0.67005,0.67625,-1.0,-1.0,-1
AUD.USD:MIDPOINT:5Y,2023-12-20,0.6765,0.6779,0.67245,0.673,-1.0,-1.0,-1
AUD.USD:MIDPOINT:5Y,2023-12-21,0.67295,0.68035,0.67255,0.6802,-1.0,-1.0,-1
AUD.USD:MIDPOINT:5Y,2023-12-22,0.68005,0.6825,0.67735,0.68,-1.0,-1.0,-1
AUD.USD:MIDPOINT:5Y,2023-12-26,0.6804,0.6827,0.67975,0.68245,-1.0,-1.0,-1
AUD.USD:MIDPOINT:5Y,2023-12-27,0.6823,0.68515,0.68175,0.6847,-1.0,-1.0,-1
AUD.USD:MIDPOINT:5Y,2023-12-28,0.6849,0.6871,0.6824,0.68285,-1.0,-1.0,-1
AUD.USD:MIDPOINT:5Y,2023-12-29,0.68315,0.68465,0.67815,0.68155,-1.0,-1.0,-1
AUD.USD:MIDPOINT:5Y,2024-01-02,0.68095,0.6839,0.6757,0.67615,-1.0,-1.0,-1
AUD.USD:MIDPOINT:5Y,2024-01-03,0.6769,0.6771,0.6702,0.67315,-1.0,-1.0,-1
AUD.USD:MIDPOINT:5Y,2024-01-04,0.6729,0.676,0.66965,0.67065,-1.0,-1.0,-1
AUD.USD:MIDPOINT:5Y,2024-01-05,0.6707,0.6748,0.66405,0.67125,-1.0,-1.0,-1
AUD.USD:MIDPOINT:5Y,2024-01-08,0.6716,0.67345,0.66775,0.672,-1.0,-1.0,-1
AUD.USD:MIDPOINT:5Y,2024-01-09,0.67175,0.67345,0.6677,0.6687,-1.0,-1.0,-1
AUD.USD:MIDPOINT:5Y,2024-01-10,0.66865,0.6713,0.668,0.67,-1.0,-1.0,-1
AUD.USD:MIDPOINT:5Y,2024-01-11,0.66985,0.6727,0.6647,0.66875,-1.0,-1.0,-1
AUD.USD:MIDPOINT:5Y,2024-01-12,0.66885,0.6729,0.6678,0.66855,-1.0,-1.0,-1
AUD.USD:MIDPOINT:5Y,2024-01-15,0.66855,0.67045,0.66505,0.6661,-1.0,-1.0,-1
AUD.USD:MIDPOINT:5Y,2024-01-16,0.66615,0.66615,0.6576,0.6584,-1.0,-1.0,-1
AUD.USD:MIDPOINT:5Y,2024-01-17,0.6583,0.6595,0.6525,0.65525,-1.0,-1.0,-1
AUD.USD:MIDPOINT:5Y,2024-01-18,0.65545,0.6575,0.6526,0.65725,-1.0,-1.0,-1
AUD.USD:MIDPOINT:5Y,2024-01-19,0.65705,0.6602,0.65655,0.6597,-1.0,-1.0,-1
AUD.USD:MIDPOINT:5Y,2024-01-22,0.6597,0.6614,0.65665,0.657,-1.0,-1.0,-1
AUD.USD:MIDPOINT:5Y,2024-01-23,0.6569,0.66125,0.65515,0.65795,-1.0,-1.0,-1
AUD.USD:MIDPOINT:5Y,2024-01-24,0.6578,0.6621,0.6566,0.65775,-1.0,-1.0,-1
AUD.USD:MIDPOINT:5Y,2024-01-25,0.65775,0.661,0.6566,0.65845,-1.0,-1.0,-1
AUD.USD:MIDPOINT:5Y,2024-01-26,0.6586,0.66095,0.6572,0.6574,-1.0,-1.0,-1
AUD.USD:MIDPOINT:5Y,2024-01-29,0.6573,0.6616,0.657,0.66105,-1.0,-1.0,-1
AUD.USD:MIDPOINT:5Y,2024-01-30,0.6607,0.66245,0.6575,0.6602,-1.0,-1.0,-1
AUD.USD:MIDPOINT:5Y,2024-01-31,0.6601,0.66225,0.65515,0.6566,-1.0,-1.0,-1
AUD.USD:MIDPOINT:5Y,2024-02-01,0.65665,0.6579,0.6508,0.6572,-1.0,-1.0,-1
AUD.USD:MIDPOINT:5Y,2024-02-02,0.6573,0.66105,0.65025,0.65125,-1.0,-1.0,-1
AUD.USD:MIDPOINT:5Y,2024-02-05,0.6508,0.652,0.6469,0.64835,-1.0,-1.0,-1
AUD.USD:MIDPOINT:5Y,2024-02-06,0.6482,0.6525,0.6478,0.65235,-1.0,-1.0,-1
AUD.USD:MIDPOINT:5Y,2024-02-07,0.6523,0.65405,0.65155,0.65205,-1.0,-1.0,-1
AUD.USD:MIDPOINT:5Y,2024-02-08,0.65225,0.6532,0.64805,0.6492,-1.0,-1.0,-1
AUD.USD:MIDPOINT:5Y,2024-02-09,0.64935,0.65345,0.64875,0.6524,-1.0,-1.0,-1
AUD.USD:MIDPOINT:5Y,2024-02-12,0.65275,0.6543,0.65125,0.6531,-1.0,-1.0,-1
AUD.USD:MIDPOINT:5Y,2024-02-13,0.65285,0.6541,0.6443,0.6454,-1.0,-1.0,-1
AUD.USD:MIDPOINT:5Y,2024-02-14,0.6455,0.64955,0.64465,0.64915,-1.0,-1.0,-1
AUD.USD:MIDPOINT:5Y,2024-02-15,0.64925,0.65295,0.64775,0.6525,-1.0,-1.0,-1
AUD.USD:MIDPOINT:5Y,2024-02-16,0.65255,0.6545,0.64965,0.65305,-1.0,-1.0,-1
AUD.USD:MIDPOINT:5Y,2024-02-19,0.65345,0.6552,0.6527,0.65405,-1.0,-1.0,-1
AUD.USD:MIDPOINT:5Y,2024-02-20,0.6538,0.6579,0.65215,0.6549,-1.0,-1.0,-1
AUD.USD:MIDPOINT:5Y,2024-02-21,0.6549,0.65735,0.6533,0.65505,-1.0,-1.0,-1
AUD.USD:MIDPOINT:5Y,2024-02-22,0.65505,0.6595,0.65405,0.6557,-1.0,-1.0,-1
AUD.USD:MIDPOINT:5Y,2024-02-23,0.6555,0.65805,0.655,0.65615,-1.0,-1.0,-1
AUD.USD:MIDPOINT:5Y,2024-02-26,0.6564,0.6567,0.6531,0.654,-1.0,-1.0,-1
AUD.USD:MIDPOINT:5Y,2024-02-27,0.6542,0.6558,0.6525,0.65435,-1.0,-1.0,-1
AUD.USD:MIDPOINT:5Y,2024-02-28,0.65445,0.65495,0.64885,0.6496,-1.0,-1.0,-1
AUD.USD:MIDPOINT:5Y,2024-02-29,0.64965,0.6531,0.6487,0.64955,-1.0,-1.0,-1
AUD.USD:MIDPOINT:5Y,2024-03-01,0.65045,0.6534,0.64895,0.6526,-1.0,-1.0,-1
AUD.USD:MIDPOINT:5Y,2024-03-04,0.6525,0.65355,0.65075,0.65085,-1.0,-1.0,-1
AUD.USD:MIDPOINT:5Y,2024-03-05,0.6509,0.6521,0.64775,0.6503,-1.0,-1.0,-1
AUD.USD:MIDPOINT:5Y,2024-03-06,0.6506,0.65815,0.64925,0.6564,-1.0,-1.0,-1
AUD.USD:MIDPOINT:5Y,2024-03-07,0.65665,0.66245,0.65605,0.662,-1.0,-1.0,-1
AUD.USD:MIDPOINT:5Y,2024-03-08,0.6619,0.66675,0.6613,0.66355,-1.0,-1.0,-1
AUD.USD:MIDPOINT:5Y,2024-03-11,0.66255,0.6628,0.6597,0.6614,-1.0,-1.0,-1
AUD.USD:MIDPOINT:5Y,2024-03-12,0.66145,0.6639,0.65845,0.66065,-1.0,-1.0,-1
AUD.USD:MIDPOINT:5Y,2024-03-13,0.66045,0.66355,0.66005,0.66215,-1.0,-1.0,-1
AUD.USD:MIDPOINT:5Y,2024-03-14,0.6626,0.6632,0.65695,0.6581,-1.0,-1.0,-1
AUD.USD:MIDPOINT:5Y,2024-03-15,0.6582,0.6585,0.6552,0.6559,-1.0,-1.0,-1
AUD.USD:MIDPOINT:5Y,2024-03-18,0.6567,0.6574,0.6551,0.65595,-1.0,-1.0,-1
AUD.USD:MIDPOINT:5Y,2024-03-19,0.65565,0.6564,0.6504,0.6532,-1.0,-1.0,-1
AUD.USD:MIDPOINT:5Y,2024-03-20,0.65315,0.6587,0.65115,0.65865,-1.0,-1.0,-1
AUD.USD:MIDPOINT:5Y,2024-03-21,0.6586,0.66345,0.6561,0.657,-1.0,-1.0,-1
AUD.USD:MIDPOINT:5Y,2024-03-22,0.657,0.6577,0.65105,0.6514,-1.0,-1.0,-1
AUD.USD:MIDPOINT:5Y,2024-03-25,0.65135,0.6547,0.651,0.654,-1.0,-1.0,-1
AUD.USD:MIDPOINT:5Y,2024-03-26,0.654,0.6559,0.65305,0.6533,-1.0,-1.0,-1
AUD.USD:MIDPOINT:5Y,2024-03-27,0.6533,0.6539,0.65115,0.65345,-1.0,-1.0,-1
AUD.USD:MIDPOINT:5Y,2024-03-28,0.6535,0.6541,0.64855,0.6516,-1.0,-1.0,-1
AUD.USD:MIDPOINT:5Y,2024-03-29,0.65155,0.65335,0.65055,0.6523,-1.0,-1.0,-1
AUD.USD:MIDPOINT:5Y,2024-04-01,0.65195,0.6539,0.6481,0.64895,-1.0,-1.0,-1
AUD.USD:MIDPOINT:5Y,2024-04-02,0.64895,0.6524,0.6483,0.6518,-1.0,-1.0,-1
AUD.USD:MIDPOINT:5Y,2024-04-03,0.65155,0.657,0.65035,0.6565,-1.0,-1.0,-1
AUD.USD:MIDPOINT:5Y,2024-04-04,0.65635,0.6619,0.65615,0.6588,-1.0,-1.0,-1
AUD.USD:MIDPOINT:5Y,2024-04-05,0.6588,0.65945,0.65495,0.65785,-1.0,-1.0,-1
AUD.USD:MIDPOINT:5Y,2024-04-08,0.6584,0.661,0.65595,0.66045,-1.0,-1.0,-1
AUD.USD:MIDPOINT:5Y,2024-04-09,0.66035,0.66445,0.65985,0.66285,-1.0,-1.0,-1
AUD.USD:MIDPOINT:5Y,2024-04-10,0.6628,0.66315,0.64985,0.65125,-1.0,-1.0,-1
AUD.USD:MIDPOINT:5Y,2024-04-11,0.65115,0.6553,0.6502,0.65375,-1.0,-1.0,-1
AUD.USD:MIDPOINT:5Y,2024-04-12,0.654,0.65435,0.6456,0.64625,-1.0,-1.0,-1
AUD.USD:MIDPOINT:5Y,2024-04-15,0.6467,0.64935,0.6438,0.6442,-1.0,-1.0,-1
AUD.USD:MIDPOINT:5Y,2024-04-16,0.6443,0.64445,0.63895,0.64015,-1.0,-1.0,-1
AUD.USD:MIDPOINT:5Y,2024-04-17,0.6402,0.6446,0.64,0.6435,-1.0,-1.0,-1
AUD.USD:MIDPOINT:5Y,2024-04-18,0.6441,0.64565,0.64165,0.64215,-1.0,-1.0,-1
AUD.USD:MIDPOINT:5Y,2024-04-19,0.6423,0.6433,0.6362,0.6418,-1.0,-1.0,-1
AUD.USD:MIDPOINT:5Y,2024-04-22,0.64155,0.64555,0.6414,0.64495,-1.0,-1.0,-1
AUD.USD:MIDPOINT:5Y,2024-04-23,0.64475,0.64905,0.6441,0.6487,-1.0,-1.0,-1
AUD.USD:MIDPOINT:5Y,2024-04-24,0.6487,0.65295,0.64835,0.6498,-1.0,-1.0,-1
AUD.USD:MIDPOINT:5Y,2024-04-25,0.6494,0.65395,0.64855,0.65185,-1.0,-1.0,-1
AUD.USD:MIDPOINT:5Y,2024-04-26,0.6519,0.65545,0.65175,0.6533,-1.0,-1.0,-1
AUD.USD:MIDPOINT:5Y,2024-04-29,0.6529,0.65865,0.6528,0.65665,-1.0,-1.0,-1
AUD.USD:MIDPOINT:5Y,2024-04-30,0.6566,0.6568,0.6472,0.6473,-1.0,-1.0,-1
AUD.USD:MIDPOINT:5Y,2024-05-01,0.64765,0.654,0.64655,0.6523,-1.0,-1.0,-1
AUD.USD:MIDPOINT:5Y,2024-05-02,0.65205,0.65735,0.6515,0.65655,-1.0,-1.0,-1
AUD.USD:MIDPOINT:5Y,2024-05-03,0.65645,0.66505,0.65635,0.66095,-1.0,-1.0,-1
AUD.USD:MIDPOINT:5Y,2024-05-06,0.66145,0.66385,0.66055,0.66255,-1.0,-1.0,-1
AUD.USD:MIDPOINT:5Y,2024-05-07,0.6625,0.6644,0.65865,0.65975,-1.0,-1.0,-1
AUD.USD:MIDPOINT:5Y,2024-05-08,0.65995,0.66,0.6558,0.65795,-1.0,-1.0,-1
AUD.USD:MIDPOINT:5Y,2024-05-09,0.6578,0.6621,0.65655,0.662,-1.0,-1.0,-1
AUD.USD:MIDPOINT:5Y,2024-05-10,0.66175,0.66255,0.6596,0.6602,-1.0,-1.0,-1
AUD.USD:MIDPOINT:5Y,2024-05-13,0.6602,0.66285,0.6586,0.6608,-1.0,-1.0,-1
AUD.USD:MIDPOINT:5Y,2024-05-14,0.6607,0.6628,0.6579,0.66265,-1.0,-1.0,-1
AUD.USD:MIDPOINT:5Y,2024-05-15,0.6625,0.6695,0.6622,0.66935,-1.0,-1.0,-1
AUD.USD:MIDPOINT:5Y,2024-05-16,0.66915,0.6714,0.6654,0.66785,-1.0,-1.0,-1
AUD.USD:MIDPOINT:5Y,2024-05-17,0.6677,0.6701,0.66485,0.66935,-1.0,-1.0,-1
AUD.USD:MIDPOINT:5Y,2024-05-20,0.6694,0.67095,0.6662,0.66675,-1.0,-1.0,-1
AUD.USD:MIDPOINT:5Y,2024-05-21,0.667,0.6679,0.66465,0.66655,-1.0,-1.0,-1
AUD.USD:MIDPOINT:5Y,2024-05-22,0.66655,0.66855,0.6608,0.66195,-1.0,-1.0,-1
AUD.USD:MIDPOINT:5Y,2024-05-23,0.6618,0.6653,0.65975,0.66065,-1.0,-1.0,-1
AUD.USD:MIDPOINT:5Y,2024-05-24,0.66045,0.66365,0.6592,0.6628,-1.0,-1.0,-1
AUD.USD:MIDPOINT:5Y,2024-05-27,0.66275,0.666,0.66225,0.66535,-1.0,-1.0,-1
AUD.USD:MIDPOINT:5Y,2024-05-28,0.66545,0.668,0.66425,0.66495,-1.0,-1.0,-1
AUD.USD:MIDPOINT:5Y,2024-05-29,0.666,0.66665,0.66095,0.66105,-1.0,-1.0,-1
AUD.USD:MIDPOINT:5Y,2024-05-30,0.6611,0.66475,0.6591,0.66335,-1.0,-1.0,-1
AUD.USD:MIDPOINT:5Y,2024-05-31,0.66305,0.6673,0.6627,0.6653,-1.0,-1.0,-1
AUD.USD:MIDPOINT:5Y,2024-06-03,0.66525,0.66955,0.66325,0.66895,-1.0,-1.0,-1
AUD.USD:MIDPOINT:5Y,2024-06-04,0.66875,0.66985,0.6631,0.66495,-1.0,-1.0,-1
AUD.USD:MIDPOINT:5Y,2024-06-05,0.66495,0.66645,0.6626,0.66475,-1.0,-1.0,-1
AUD.USD:MIDPOINT:5Y,2024-06-06,0.66485,0.66835,0.66335,0.6666,-1.0,-1.0,-1
AUD.USD:MIDPOINT:5Y,2024-06-07,0.66675,0.6681,0.6579,0.658,-1.0,-1.0,-1
AUD.USD:MIDPOINT:5Y,2024-06-10,0.6581,0.66115,0.6576,0.661,-1.0,-1.0,-1
AUD.USD:MIDPOINT:5Y,2024-06-11,0.66095,0.6614,0.65885,0.66065,-1.0,-1.0,-1
AUD.USD:MIDPOINT:5Y,2024-06-12,0.6608,0.67045,0.65975,0.66635,-1.0,-1.0,-1
AUD.USD:MIDPOINT:5Y,2024-06-13,0.66645,0.66755,0.6626,0.66355,-1.0,-1.0,-1
AUD.USD:MIDPOINT:5Y,2024-06-14,0.66385,0.66415,0.65915,0.6616,-1.0,-1.0,-1
AUD.USD:MIDPOINT:5Y,2024-06-17,0.66105,0.6618,0.65855,0.66135,-1.0,-1.0,-1
AUD.USD:MIDPOINT:5Y,2024-06-18,0.66145,0.6658,0.66,0.66565,-1.0,-1.0,-1
AUD.USD:MIDPOINT:5Y,2024-06-19,0.66545,0.66775,0.66545,0.66715,-1.0,-1.0,-1
AUD.USD:MIDPOINT:5Y,2024-06-20,0.667,0.6679,0.66475,0.66555,-1.0,-1.0,-1
AUD.USD:MIDPOINT:5Y,2024-06-21,0.6659,0.667,0.66315,0.66415,-1.0,-1.0,-1
AUD.USD:MIDPOINT:5Y,2024-06-24,0.6639,0.66675,0.6626,0.6657,-1.0,-1.0,-1
AUD.USD:MIDPOINT:5Y,2024-06-25,0.66585,0.66725,0.6635,0.6647,-1.0,-1.0,-1
AUD.USD:MIDPOINT:5Y,2024-06-26,0.6643,0.66885,0.6636,0.6648,-1.0,-1.0,-1
AUD.USD:MIDPOINT:5Y,2024-06-27,0.6652,0.66725,0.664,0.6647,-1.0,-1.0,-1
AUD.USD:MIDPOINT:5Y,2024-06-28,0.6648,0.66845,0.662,0.66695,-1.0,-1.0,-1
AUD.USD:MIDPOINT:5Y,2024-07-01,0.6679,0.6689,0.6644,0.666,-1.0,-1.0,-1
AUD.USD:MIDPOINT:5Y,2024-07-02,0.66575,0.66705,0.6634,0.6667,-1.0,-1.0,-1
AUD.USD:MIDPOINT:5Y,2024-07-03,0.66665,0.67335,0.6665,0.67045,-1.0,-1.0,-1
AUD.USD:MIDPOINT:5Y,2024-07-04,0.6705,0.6732,0.6703,0.6727,-1.0,-1.0,-1
AUD.USD:MIDPOINT:5Y,2024-07-05,0.6728,0.6753,0.67105,0.6749,-1.0,-1.0,-1
AUD.USD:MIDPOINT:5Y,2024-07-08,0.6739,0.6761,0.6732,0.6737,-1.0,-1.0,-1
AUD.USD:MIDPOINT:5Y,2024-07-09,0.67365,0.67475,0.6724,0.6741,-1.0,-1.0,-1
AUD.USD:MIDPOINT:5Y,2024-07-10,0.6741,0.6752,0.6732,0.67475,-1.0,-1.0,-1
AUD.USD:MIDPOINT:5Y,2024-07-11,0.6747,0.67985,0.6744,0.6759,-1.0,-1.0,-1
AUD.USD:MIDPOINT:5Y,2024-07-12,0.6759,0.6794,0.6754,0.6784,-1.0,-1.0,-1
AUD.USD:MIDPOINT:5Y,2024-07-15,0.67735,0.6789,0.67525,0.67595,-1.0,-1.0,-1
AUD.USD:MIDPOINT:5Y,2024-07-16,0.676,0.67645,0.67145,0.67335,-1.0,-1.0,-1
AUD.USD:MIDPOINT:5Y,2024-07-17,0.67345,0.6755,0.6721,0.6729,-1.0,-1.0,-1
AUD.USD:MIDPOINT:5Y,2024-07-18,0.67295,0.67435,0.66975,0.6706,-1.0,-1.0,-1
AUD.USD:MIDPOINT:5Y,2024-07-19,0.6708,0.67095,0.668,0.6684,-1.0,-1.0,-1
AUD.USD:MIDPOINT:5Y,2024-07-22,0.6688,0.67025,0.66315,0.66425,-1.0,-1.0,-1
AUD.USD:MIDPOINT:5Y,2024-07-23,0.66425,0.6646,0.66115,0.6615,-1.0,-1.0,-1
AUD.USD:MIDPOINT:5Y,2024-07-24,0.66145,0.66175,0.65775,0.65815,-1.0,-1.0,-1
AUD.USD:MIDPOINT:5Y,2024-07-25,0.6581,0.6583,0.6514,0.65385,-1.0,-1.0,-1
AUD.USD:MIDPOINT:5Y,2024-07-26,0.65375,0.65685,0.65355,0.6547,-1.0,-1.0,-1
AUD.USD:MIDPOINT:5Y,2024-07-29,0.65505,0.65685,0.6524,0.6549,-1.0,-1.0,-1
AUD.USD:MIDPOINT:5Y,2024-07-30,0.6548,0.65625,0.6529,0.65375,-1.0,-1.0,-1
AUD.USD:MIDPOINT:5Y,2024-07-31,0.6537,0.6556,0.64795,0.6541,-1.0,-1.0,-1
AUD.USD:MIDPOINT:5Y,2024-08-01,0.654,0.656,0.6489,0.65015,-1.0,-1.0,-1
AUD.USD:MIDPOINT:5Y,2024-08-02,0.65,0.65475,0.6487,0.65115,-1.0,-1.0,-1
AUD.USD:MIDPOINT:5Y,2024-08-05,0.65175,0.65205,0.63485,0.64965,-1.0,-1.0,-1
AUD.USD:MIDPOINT:5Y,2024-08-06,0.6495,0.6542,0.64725,0.65175,-1.0,-1.0,-1
AUD.USD:MIDPOINT:5Y,2024-08-07,0.6522,0.65745,0.65095,0.65185,-1.0,-1.0,-1
AUD.USD:MIDPOINT:5Y,2024-08-08,0.652,0.6594,0.65075,0.65925,-1.0,-1.0,-1
AUD.USD:MIDPOINT:5Y,2024-08-09,0.65905,0.66055,0.6567,0.65785,-1.0,-1.0,-1
AUD.USD:MIDPOINT:5Y,2024-08-12,0.6574,0.6605,0.6565,0.6586,-1.0,-1.0,-1
AUD.USD:MIDPOINT:5Y,2024-08-13,0.6585,0.6638,0.6579,0.66335,-1.0,-1.0,-1
AUD.USD:MIDPOINT:5Y,2024-08-14,0.6634,0.6643,0.65955,0.6596,-1.0,-1.0,-1
AUD.USD:MIDPOINT:5Y,2024-08-15,0.65995,0.66345,0.65645,0.6611,-1.0,-1.0,-1
AUD.USD:MIDPOINT:5Y,2024-08-16,0.66115,0.66715,0.66075,0.66685,-1.0,-1.0,-1
AUD.USD:MIDPOINT:5Y,2024-08-19,0.6667,0.67335,0.66655,0.67305,-1.0,-1.0,-1
AUD.USD:MIDPOINT:5Y,2024-08-20,0.673,0.67495,0.67135,0.67455,-1.0,-1.0,-1
AUD.USD:MIDPOINT:5Y,2024-08-21,0.6746,0.6761,0.6731,0.6743,-1.0,-1.0,-1
AUD.USD:MIDPOINT:5Y,2024-08-22,0.6745,0.67525,0.6697,0.67045,-1.0,-1.0,-1
AUD.USD:MIDPOINT:5Y,2024-08-23,0.6702,0.67985,0.67015,0.67945,-1.0,-1.0,-1
AUD.USD:MIDPOINT:5Y,2024-08-26,0.67935,0.67975,0.67665,0.67715,-1.0,-1.0,-1
AUD.USD:MIDPOINT:5Y,2024-08-27,0.67735,0.67955,0.6762,0.67925,-1.0,-1.0,-1
AUD.USD:MIDPOINT:5Y,2024-08-28,0.6792,0.6813,0.67645,0.6785,-1.0,-1.0,-1
AUD.USD:MIDPOINT:5Y,2024-08-29,0.6784,0.6824,0.6781,0.67985,-1.0,-1.0,-1
AUD.USD:MIDPOINT:5Y,2024-08-30,0.67975,0.68165,0.67515,0.6765,-1.0,-1.0,-1
AUD.USD:MIDPOINT:5Y,2024-09-02,0.6767,0.6795,0.6757,0.6791,-1.0,-1.0,-1
AUD.USD:MIDPOINT:5Y,2024-09-03,0.67915,0.67925,0.6708,0.67115,-1.0,-1.0,-1
AUD.USD:MIDPOINT:5Y,2024-09-04,0.67125,0.67495,0.66855,0.6725,-1.0,-1.0,-1
AUD.USD:MIDPOINT:5Y,2024-09-05,0.67235,0.67415,0.67135,0.67405,-1.0,-1.0,-1
AUD.USD:MIDPOINT:5Y,2024-09-06,0.674,0.67675,0.666,0.667,-1.0,-1.0,-1
AUD.USD:MIDPOINT:5Y,2024-09-09,0.66685,0.6689,0.6648,0.6661,-1.0,-1.0,-1
AUD.USD:MIDPOINT:5Y,2024-09-10,0.6662,0.66765,0.6641,0.66525,-1.0,-1.0,-1
AUD.USD:MIDPOINT:5Y,2024-09-11,0.6654,0.6676,0.6622,0.6674,-1.0,-1.0,-1
AUD.USD:MIDPOINT:5Y,2024-09-12,0.6674,0.67255,0.66565,0.67225,-1.0,-1.0,-1
AUD.USD:MIDPOINT:5Y,2024-09-13,0.6724,0.67325,0.66925,0.67035,-1.0,-1.0,-1
AUD.USD:MIDPOINT:5Y,2024-09-16,0.6706,0.67535,0.6703,0.67515,-1.0,-1.0,-1
AUD.USD:MIDPOINT:5Y,2024-09-17,0.67515,0.6769,0.67415,0.67555,-1.0,-1.0,-1
AUD.USD:MIDPOINT:5Y,2024-09-18,0.67565,0.68205,0.67425,0.67645,-1.0,-1.0,-1
AUD.USD:MIDPOINT:5Y,2024-09-19,0.67615,0.6839,0.67375,0.6815,-1.0,-1.0,-1
AUD.USD:MIDPOINT:5Y,2024-09-20,0.68175,0.6829,0.6783,0.68065,-1.0,-1.0,-1
AUD.USD:MIDPOINT:5Y,2024-09-23,0.6805,0.68535,0.68005,0.68385,-1.0,-1.0,-1
AUD.USD:MIDPOINT:5Y,2024-09-24,0.6836,0.68935,0.68145,0.6892,-1.0,-1.0,-1
AUD.USD:MIDPOINT:5Y,2024-09-25,0.68925,0.6908,0.6818,0.6823,-1.0,-1.0,-1
AUD.USD:MIDPOINT:5Y,2024-09-26,0.6823,0.6905,0.6819,0.6896,-1.0,-1.0,-1
AUD.USD:MIDPOINT:5Y,2024-09-27,0.68935,0.6937,0.6868,0.6903,-1.0,-1.0,-1
AUD.USD:MIDPOINT:5Y,2024-09-30,0.6904,0.69425,0.68975,0.6913,-1.0,-1.0,-1
AUD.USD:MIDPOINT:5Y,2024-10-01,0.69105,0.69345,0.68565,0.6883,-1.0,-1.0,-1
AUD.USD:MIDPOINT:5Y,2024-10-02,0.68835,0.6916,0.68755,0.6885,-1.0,-1.0,-1
AUD.USD:MIDPOINT:5Y,2024-10-03,0.6884,0.68885,0.683,0.684,-1.0,-1.0,-1
AUD.USD:MIDPOINT:5Y,2024-10-04,0.68435,0.6852,0.67855,0.6792,-1.0,-1.0,-1
AUD.USD:MIDPOINT:5Y,2024-10-07,0.67915,0.68105,0.67435,0.67575,-1.0,-1.0,-1
AUD.USD:MIDPOINT:5Y,2024-10-08,0.6758,0.67695,0.6715,0.67435,-1.0,-1.0,-1
AUD.USD:MIDPOINT:5Y,2024-10-09,0.67465,0.6762,0.6708,0.67185,-1.0,-1.0,-1
AUD.USD:MIDPOINT:5Y,2024-10-10,0.67185,0.67425,0.6701,0.67385,-1.0,-1.0,-1
AUD.USD:MIDPOINT:5Y,2024-10-11,0.67405,0.67595,0.6725,0.675,-1.0,-1.0,-1
AUD.USD:MIDPOINT:5Y,2024-10-14,0.6739,0.67465,0.6702,0.6726,-1.0,-1.0,-1
AUD.USD:MIDPOINT:5Y,2024-10-15,0.67225,0.67325,0.6698,0.67035,-1.0,-1.0,-1
AUD.USD:MIDPOINT:5Y,2024-10-16,0.67045,0.6706,0.66585,0.66665,-1.0,-1.0,-1
AUD.USD:MIDPOINT:5Y,2024-10-17,0.66655,0.67105,0.66595,0.6696,-1.0,-1.0,-1
AUD.USD:MIDPOINT:5Y,2024-10-18,0.66965,0.67195,0.6694,0.6706,-1.0,-1.0,-1
AUD.USD:MIDPOINT:5Y,2024-10-21,0.6705,0.67235,0.66525,0.6659,-1.0,-1.0,-1
AUD.USD:MIDPOINT:5Y,2024-10-22,0.6677,0.6695,0.6651,0.6682,-1.0,-1.0,-1
AUD.USD:MIDPOINT:5Y,2024-10-23,0.668,0.66915,0.6614,0.6634,-1.0,-1.0,-1
AUD.USD:MIDPOINT:5Y,2024-10-24,0.66325,0.66615,0.6621,0.664,-1.0,-1.0,-1
AUD.USD:MIDPOINT:5Y,2024-10-25,0.66425,0.6647,0.6601,0.66085,-1.0,-1.0,-1
AUD.USD:MIDPOINT:5Y,2024-10-28,0.6611,0.6617,0.65795,0.65835,-1.0,-1.0,-1
AUD.USD:MIDPOINT:5Y,2024-10-29,0.6585,0.6586,0.6545,0.65605,-1.0,-1.0,-1
AUD.USD:MIDPOINT:5Y,2024-10-30,0.656,0.6596,0.6537,0.6572,-1.0,-1.0,-1
AUD.USD:MIDPOINT:5Y,2024-10-31,0.6576,0.65845,0.65395,0.6582,-1.0,-1.0,-1
AUD.USD:MIDPOINT:5Y,2024-11-01,0.6582,0.65915,0.6554,0.65595,-1.0,-1.0,-1
AUD.USD:MIDPOINT:5Y,2024-11-04,0.6606,0.6619,0.65795,0.6585,-1.0,-1.0,-1
AUD.USD:MIDPOINT:5Y,2024-11-05,0.6583,0.66415,0.6579,0.66375,-1.0,-1.0,-1
AUD.USD:MIDPOINT:5Y,2024-11-06,0.66375,0.6645,0.65125,0.65685,-1.0,-1.0,-1
AUD.USD:MIDPOINT:5Y,2024-11-07,0.65705,0.6688,0.65645,0.6679,-1.0,-1.0,-1
AUD.USD:MIDPOINT:5Y,2024-11-08,0.66755,0.66815,0.65585,0.6582,-1.0,-1.0,-1
AUD.USD:MIDPOINT:5Y,2024-11-11,0.6584,0.65985,0.6563,0.65745,-1.0,-1.0,-1
AUD.USD:MIDPOINT:5Y,2024-11-12,0.65745,0.6582,0.6514,0.65325,-1.0,-1.0,-1
AUD.USD:MIDPOINT:5Y,2024-11-13,0.6533,0.6546,0.64805,0.64855,-1.0,-1.0,-1
AUD.USD:MIDPOINT:5Y,2024-11-14,0.6486,0.64975,0.6441,0.6454,-1.0,-1.0,-1
AUD.USD:MIDPOINT:5Y,2024-11-15,0.6453,0.64815,0.6443,0.6462,-1.0,-1.0,-1
AUD.USD:MIDPOINT:5Y,2024-11-18,0.64605,0.65115,0.6448,0.6508,-1.0,-1.0,-1
AUD.USD:MIDPOINT:5Y,2024-11-19,0.6507,0.6534,0.64825,0.65315,-1.0,-1.0,-1
AUD.USD:MIDPOINT:5Y,2024-11-20,0.65275,0.65445,0.64845,0.65055,-1.0,-1.0,-1
AUD.USD:MIDPOINT:5Y,2024-11-21,0.65045,0.65325,0.6497,0.65115,-1.0,-1.0,-1
AUD.USD:MIDPOINT:5Y,2024-11-22,0.6511,0.65215,0.6471,0.6502,-1.0,-1.0,-1
AUD.USD:MIDPOINT:5Y,2024-11-25,0.6533,0.655,0.64875,0.6504,-1.0,-1.0,-1
AUD.USD:MIDPOINT:5Y,2024-11-26,0.6504,0.65075,0.6434,0.64745,-1.0,-1.0,-1
AUD.USD:MIDPOINT:5Y,2024-11-27,0.64695,0.65005,0.64595,0.6497,-1.0,-1.0,-1
AUD.USD:MIDPOINT:5Y,2024-11-28,0.6497,0.65095,0.64775,0.6499,-1.0,-1.0,-1
AUD.USD:MIDPOINT:5Y,2024-11-29,0.6503,0.6528,0.6496,0.6511,-1.0,-1.0,-1
AUD.USD:MIDPOINT:5Y,2024-12-02,0.65135,0.65155,0.6443,0.64745,-1.0,-1.0,-1
AUD.USD:MIDPOINT:5Y,2024-12-03,0.64735,0.65045,0.64555,0.64865,-1.0,-1.0,-1
AUD.USD:MIDPOINT:5Y,2024-12-04,0.6483,0.64885,0.63995,0.64305,-1.0,-1.0,-1
AUD.USD:MIDPOINT:5Y,2024-12-05,0.64305,0.6455,0.64215,0.64525,-1.0,-1.0,-1
AUD.USD:MIDPOINT:5Y,2024-12-06,0.64525,0.6456,0.63725,0.639,-1.0,-1.0,-1
AUD.USD:MIDPOINT:5Y,2024-12-09,0.6394,0.64715,0.638,0.64395,-1.0,-1.0,-1
AUD.USD:MIDPOINT:5Y,2024-12-10,0.6439,0.6443,0.63655,0.63775,-1.0,-1.0,-1
AUD.USD:MIDPOINT:5Y,2024-12-11,0.6379,0.63895,0.6337,0.6369,-1.0,-1.0,-1
AUD.USD:MIDPOINT:5Y,2024-12-12,0.63695,0.64295,0.6361,0.6369,-1.0,-1.0,-1
AUD.USD:MIDPOINT:5Y,2024-12-13,0.63655,0.63835,0.6352,0.6359,-1.0,-1.0,-1
AUD.USD:MIDPOINT:5Y,2024-12-16,0.63555,0.6383,0.6345,0.63705,-1.0,-1.0,-1
AUD.USD:MIDPOINT:5Y,2024-12-17,0.63715,0.6378,0.6332,0.6337,-1.0,-1.0,-1
AUD.USD:MIDPOINT:5Y,2024-12-18,0.6339,0.63395,0.6214,0.62175,-1.0,-1.0,-1
AUD.USD:MIDPOINT:5Y,2024-12-19,0.62205,0.62655,0.6199,0.6238,-1.0,-1.0,-1
AUD.USD:MIDPOINT:5Y,2024-12-20,0.62385,0.62745,0.6215,0.6251,-1.0,-1.0,-1
AUD.USD:MIDPOINT:5Y,2024-12-23,0.6257,0.6265,0.6219,0.62485,-1.0,-1.0,-1
AUD.USD:MIDPOINT:5Y,2024-12-24,0.625,0.6251,0.62245,0.6237,-1.0,-1.0,-1
AUD.USD:MIDPOINT:5Y,2024-12-26,0.62435,0.62545,0.6216,0.62205,-1.0,-1.0,-1
AUD.USD:MIDPOINT:5Y,2024-12-27,0.62265,0.623,0.62005,0.6215,-1.0,-1.0,-1
AUD.USD:MIDPOINT:5Y,2024-12-30,0.62145,0.6247,0.6202,0.6221,-1.0,-1.0,-1
AUD.USD:MIDPOINT:5Y,2024-12-31,0.62225,0.62315,0.6179,0.61895,-1.0,-1.0,-1
AUD.USD:MIDPOINT:5Y,2025-01-02,0.61935,0.6223,0.61885,0.6202,-1.0,-1.0,-1
AUD.USD:MIDPOINT:5Y,2025-01-03,0.61965,0.62255,0.61965,0.6214,-1.0,-1.0,-1
AUD.USD:MIDPOINT:5Y,2025-01-06,0.6209,0.6302,0.62085,0.6246,-1.0,-1.0,-1
AUD.USD:MIDPOINT:5Y,2025-01-07,0.6243,0.6288,0.6228,0.62305,-1.0,-1.0,-1
AUD.USD:MIDPOINT:5Y,2025-01-08,0.62305,0.6242,0.61875,0.6215,-1.0,-1.0,-1
AUD.USD:MIDPOINT:5Y,2025-01-09,0.6214,0.6217,0.6172,0.61955,-1.0,-1.0,-1
AUD.USD:MIDPOINT:5Y,2025-01-10,0.6196,0.6206,0.61395,0.6144,-1.0,-1.0,-1
AUD.USD:MIDPOINT:5Y,2025-01-13,0.615,0.6178,0.6131,0.6177,-1.0,-1.0,-1
AUD.USD:MIDPOINT:5Y,2025-01-14,0.61705,0.62075,0.6166,0.61945,-1.0,-1.0,-1
AUD.USD:MIDPOINT:5Y,2025-01-15,0.61945,0.62465,0.6181,0.62275,-1.0,-1.0,-1
AUD.USD:MIDPOINT:5Y,2025-01-16,0.62245,0.6247,0.6192,0.62125,-1.0,-1.0,-1
AUD.USD:MIDPOINT:5Y,2025-01-17,0.62105,0.62275,0.61645,0.6191,-1.0,-1.0,-1
AUD.USD:MIDPOINT:5Y,2025-01-20,0.6199,0.62865,0.619,0.62745,-1.0,-1.0,-1
AUD.USD:MIDPOINT:5Y,2025-01-21,0.6274,0.6289,0.62085,0.62745,-1.0,-1.0,-1
AUD.USD:MIDPOINT:5Y,2025-01-22,0.62745,0.62955,0.6253,0.6273,-1.0,-1.0,-1
AUD.USD:MIDPOINT:5Y,2025-01-23,0.6272,0.63,0.6255,0.62845,-1.0,-1.0,-1
AUD.USD:MIDPOINT:5Y,2025-01-24,0.62855,0.63305,0.62785,0.63145,-1.0,-1.0,-1
AUD.USD:MIDPOINT:5Y,2025-01-27,0.63045,0.6308,0.6275,0.62925,-1.0,-1.0,-1
AUD.USD:MIDPOINT:5Y,2025-01-28,0.62915,0.62945,0.6237,0.62525,-1.0,-1.0,-1
AUD.USD:MIDPOINT:5Y,2025-01-29,0.6251,0.6256,0.621,0.623,-1.0,-1.0,-1
AUD.USD:MIDPOINT:5Y,2025-01-30,0.62275,0.62435,0.6199,0.6209,-1.0,-1.0,-1
AUD.USD:MIDPOINT:5Y,2025-01-31,0.621,0.6263,0.62025,0.62205,-1.0,-1.0,-1
AUD.USD:MIDPOINT:5Y,2025-02-03,0.61645,0.62375,0.60875,0.62265,-1.0,-1.0,-1
AUD.USD:MIDPOINT:5Y,2025-02-04,0.62245,0.6262,0.61705,0.62535,-1.0,-1.0,-1
AUD.USD:MIDPOINT:5Y,2025-02-05,0.62535,0.6297,0.62405,0.6285,-1.0,-1.0,-1
AUD.USD:MIDPOINT:5Y,2025-02-06,0.6285,0.6288,0.62555,0.62825,-1.0,-1.0,-1
AUD.USD:MIDPOINT:5Y,2025-02-07,0.62815,0.6301,0.6253,0.6274,-1.0,-1.0,-1
AUD.USD:MIDPOINT:5Y,2025-02-10,0.6245,0.62875,0.62395,0.62775,-1.0,-1.0,-1
AUD.USD:MIDPOINT:5Y,2025-02-11,0.62845,0.6302,0.62605,0.6295,-1.0,-1.0,-1
AUD.USD:MIDPOINT:5Y,2025-02-12,0.6294,0.63095,0.6235,0.62795,-1.0,-1.0,-1
AUD.USD:MIDPOINT:5Y,2025-02-13,0.62815,0.6323,0.6255,0.63175,-1.0,-1.0,-1
AUD.USD:MIDPOINT:5Y,2025-02-14,0.6318,0.6368,0.63105,0.6351,-1.0,-1.0,-1
AUD.USD:MIDPOINT:5Y,2025-02-17,0.63485,0.6374,0.63465,0.6356,-1.0,-1.0,-1
AUD.USD:MIDPOINT:5Y,2025-02-18,0.6355,0.6368,0.63345,0.63535,-1.0,-1.0,-1
AUD.USD:MIDPOINT:5Y,2025-02-19,0.63515,0.637,0.63365,0.6344,-1.0,-1.0,-1
AUD.USD:MIDPOINT:5Y,2025-02-20,0.6346,0.64045,0.6328,0.63995,-1.0,-1.0,-1
AUD.USD:MIDPOINT:5Y,2025-02-21,0.6398,0.64085,0.6352,0.63575,-1.0,-1.0,-1
AUD.USD:MIDPOINT:5Y,2025-02-24,0.63625,0.6392,0.63445,0.63495,-1.0,-1.0,-1
AUD.USD:MIDPOINT:5Y,2025-02-25,0.63505,0.63565,0.6322,0.63425,-1.0,-1.0,-1
AUD.USD:MIDPOINT:5Y,2025-02-26,0.63445,0.6354,0.6296,0.6305,-1.0,-1.0,-1
AUD.USD:MIDPOINT:5Y,2025-02-27,0.6309,0.63145,0.6232,0.6236,-1.0,-1.0,-1
AUD.USD:MIDPOINT:5Y,2025-02-28,0.6244,0.6244,0.61925,0.6203,-1.0,-1.0,-1
AUD.USD:MIDPOINT:5Y,2025-03-03,0.6217,0.62545,0.6204,0.6225,-1.0,-1.0,-1
AUD.USD:MIDPOINT:5Y,2025-03-04,0.6222,0.6273,0.6187,0.6272,-1.0,-1.0,-1
AUD.USD:MIDPOINT:5Y,2025-03-05,0.62675,0.63425,0.6234,0.63355,-1.0,-1.0,-1
AUD.USD:MIDPOINT:5Y,2025-03-06,0.6338,0.6364,0.63225,0.6333,-1.0,-1.0,-1
AUD.USD:MIDPOINT:5Y,2025-03-07,0.63315,0.6338,0.62825,0.63055,-1.0,-1.0,-1
AUD.USD:MIDPOINT:5Y,2025-03-10,0.63085,0.6331,0.62645,0.6278,-1.0,-1.0,-1
AUD.USD:MIDPOINT:5Y,2025-03-11,0.6276,0.6312,0.6259,0.6298,-1.0,-1.0,-1
AUD.USD:MIDPOINT:5Y,2025-03-12,0.6296,0.6323,0.62765,0.6321,-1.0,-1.0,-1
AUD.USD:MIDPOINT:5Y,2025-03-13,0.632,0.6334,0.62695,0.6285,-1.0,-1.0,-1
AUD.USD:MIDPOINT:5Y,2025-03-14,0.6281,0.63315,0.6278,0.63235,-1.0,-1.0,-1
AUD.USD:MIDPOINT:5Y,2025-03-17,0.63235,0.6391,0.63215,0.63845,-1.0,-1.0,-1
AUD.USD:MIDPOINT:5Y,2025-03-18,0.63835,0.6391,0.6344,0.63615,-1.0,-1.0,-1
AUD.USD:MIDPOINT:5Y,2025-03-19,0.6362,0.63665,0.63205,0.6357,-1.0,-1.0,-1
AUD.USD:MIDPOINT:5Y,2025-03-20,0.6357,0.6364,0.62715,0.6303,-1.0,-1.0,-1
AUD.USD:MIDPOINT:5Y,2025-03-21,0.6294,0.63065,0.6258,0.6273,-1.0,-1.0,-1
AUD.USD:MIDPOINT:5Y,2025-03-24,0.6275,0.63055,0.62675,0.6286,-1.0,-1.0,-1
AUD.USD:MIDPOINT:5Y,2025-03-25,0.62855,0.63255,0.62785,0.63035,-1.0,-1.0,-1
AUD.USD:MIDPOINT:5Y,2025-03-26,0.6311,0.63305,0.62785,0.6298,-1.0,-1.0,-1
AUD.USD:MIDPOINT:5Y,2025-03-27,0.63,0.63185,0.6279,0.6303,-1.0,-1.0,-1
AUD.USD:MIDPOINT:5Y,2025-03-28,0.63055,0.6312,0.6281,0.62865,-1.0,-1.0,-1
AUD.USD:MIDPOINT:5Y,2025-03-31,0.62895,0.63005,0.6219,0.62475,-1.0,-1.0,-1
AUD.USD:MIDPOINT:5Y,2025-04-01,0.62495,0.62835,0.6232,0.6279,-1.0,-1.0,-1
AUD.USD:MIDPOINT:5Y,2025-04-02,0.6277,0.6341,0.6257,0.6299,-1.0,-1.0,-1
AUD.USD:MIDPOINT:5Y,2025-04-03,0.62895,0.6389,0.62265,0.63285,-1.0,-1.0,-1
AUD.USD:MIDPOINT:5Y,2025-04-04,0.63315,0.6332,0.59865,0.604,-1.0,-1.0,-1
AUD.USD:MIDPOINT:5Y,2025-04-07,0.5998,0.6128,0.5933,0.5984,-1.0,-1.0,-1
AUD.USD:MIDPOINT:5Y,2025-04-08,0.5982,0.60855,0.59465,0.59555,-1.0,-1.0,-1
AUD.USD:MIDPOINT:5Y,2025-04-09,0.5969,0.6176,0.5914,0.61515,-1.0,-1.0,-1
AUD.USD:MIDPOINT:5Y,2025-04-10,0.6155,0.62495,0.61155,0.62225,-1.0,-1.0,-1
AUD.USD:MIDPOINT:5Y,2025-04-11,0.6231,0.6301,0.6181,0.62895,-1.0,-1.0,-1
AUD.USD:MIDPOINT:5Y,2025-04-14,0.63055,0.6343,0.62755,0.6323,-1.0,-1.0,-1
AUD.USD:MIDPOINT:5Y,2025-04-15,0.6324,0.6383,0.6316,0.6345,-1.0,-1.0,-1
AUD.USD:MIDPOINT:5Y,2025-04-16,0.635,0.63915,0.63225,0.637,-1.0,-1.0,-1
AUD.USD:MIDPOINT:5Y,2025-04-17,0.637,0.6394,0.63335,0.63895,-1.0,-1.0,-1
AUD.USD:MIDPOINT:5Y,2025-04-18,0.639,0.6394,0.6367,0.6376,-1.0,-1.0,-1
AUD.USD:MIDPOINT:5Y,2025-04-21,0.63895,0.6438,0.63835,0.64145,-1.0,-1.0,-1
AUD.USD:MIDPOINT:5Y,2025-04-22,0.64085,0.64395,0.63615,0.63645,-1.0,-1.0,-1
AUD.USD:MIDPOINT:5Y,2025-04-23,0.63715,0.64355,0.63495,0.6359,-1.0,-1.0,-1
AUD.USD:MIDPOINT:5Y,2025-04-24,0.63685,0.64135,0.6344,0.64075,-1.0,-1.0,-1
AUD.USD:MIDPOINT:5Y,2025-04-25,0.64025,0.6421,0.6375,0.63945,-1.0,-1.0,-1
AUD.USD:MIDPOINT:5Y,2025-04-28,0.63915,0.6435,0.6368,0.64315,-1.0,-1.0,-1
AUD.USD:MIDPOINT:5Y,2025-04-29,0.64315,0.64495,0.6376,0.6383,-1.0,-1.0,-1
AUD.USD:MIDPOINT:5Y,2025-04-30,0.63855,0.6418,0.6356,0.6402,-1.0,-1.0,-1
AUD.USD:MIDPOINT:5Y,2025-05-01,0.64015,0.64275,0.63655,0.63835,-1.0,-1.0,-1
AUD.USD:MIDPOINT:5Y,2025-05-02,0.63885,0.647,0.63755,0.64305,-1.0,-1.0,-1
AUD.USD:MIDPOINT:5Y,2025-05-05,0.6456,0.6494,0.64345,0.64685,-1.0,-1.0,-1
AUD.USD:MIDPOINT:5Y,2025-05-06,0.6465,0.65015,0.6438,0.64945,-1.0,-1.0,-1
AUD.USD:MIDPOINT:5Y,2025-05-07,0.6493,0.6515,0.64215,0.64245,-1.0,-1.0,-1
AUD.USD:MIDPOINT:5Y,2025-05-08,0.6426,0.64645,0.6395,0.64,-1.0,-1.0,-1
AUD.USD:MIDPOINT:5Y,2025-05-09,0.6405,0.64325,0.6371,0.64175,-1.0,-1.0,-1
AUD.USD:MIDPOINT:5Y,2025-05-12,0.6417,0.6461,0.6357,0.6373,-1.0,-1.0,-1
AUD.USD:MIDPOINT:5Y,2025-05-13,0.63665,0.6479,0.63615,0.64705,-1.0,-1.0,-1
AUD.USD:MIDPOINT:5Y,2025-05-14,0.6473,0.6501,0.64225,0.6428,-1.0,-1.0,-1
AUD.USD:MIDPOINT:5Y,2025-05-15,0.64265,0.6458,0.63905,0.64065,-1.0,-1.0,-1
AUD.USD:MIDPOINT:5Y,2025-05-16,0.64065,0.6436,0.6388,0.64025,-1.0,-1.0,-1
AUD.USD:MIDPOINT:5Y,2025-05-19,0.6403,0.6465,0.6398,0.6457,-1.0,-1.0,-1
AUD.USD:MIDPOINT:5Y,2025-05-20,0.64565,0.6459,0.6392,0.6424,-1.0,-1.0,-1
AUD.USD:MIDPOINT:5Y,2025-05-21,0.64225,0.64695,0.6418,0.6436,-1.0,-1.0,-1
AUD.USD:MIDPOINT:5Y,2025-05-22,0.6447,0.6459,0.64075,0.64105,-1.0,-1.0,-1
AUD.USD:MIDPOINT:5Y,2025-05-23,0.641,0.64995,0.64085,0.6459,-1.0,-1.0,-1
AUD.USD:MIDPOINT:5Y,2025-05-26,0.6489,0.65375,0.64825,0.6486,-1.0,-1.0,-1
AUD.USD:MIDPOINT:5Y,2025-05-27,0.64865,0.64955,0.6435,0.6443,-1.0,-1.0,-1
AUD.USD:MIDPOINT:5Y,2025-05-28,0.6444,0.64535,0.641,0.64265,-1.0,-1.0,-1
AUD.USD:MIDPOINT:5Y,2025-05-29,0.6424,0.646,0.64075,0.6442,-1.0,-1.0,-1
AUD.USD:MIDPOINT:5Y,2025-05-30,0.64565,0.64565,0.64075,0.64315,-1.0,-1.0,-1
AUD.USD:MIDPOINT:5Y,2025-06-02,0.64295,0.65005,0.64295,0.64955,-1.0,-1.0,-1
AUD.USD:MIDPOINT:5Y,2025-06-03,0.6491,0.65,0.6447,0.64625,-1.0,-1.0,-1
AUD.USD:MIDPOINT:5Y,2025-06-04,0.6462,0.6505,0.64505,0.64925,-1.0,-1.0,-1
AUD.USD:MIDPOINT:5Y,2025-06-05,0.64905,0.6538,0.6486,0.6506,-1.0,-1.0,-1
AUD.USD:MIDPOINT:5Y,2025-06-06,0.65125,0.6517,0.64795,0.6491,-1.0,-1.0,-1
AUD.USD:MIDPOINT:5Y,2025-06-09,0.6493,0.6534,0.6493,0.6516,-1.0,-1.0,-1
AUD.USD:MIDPOINT:5Y,2025-06-10,0.6517,0.6533,0.649,0.6522,-1.0,-1.0,-1
AUD.USD:MIDPOINT:5Y,2025-06-11,0.6527,0.6546,0.6496,0.65005,-1.0,-1.0,-1
AUD.USD:MIDPOINT:5Y,2025-06-12,0.6502,0.6534,0.64775,0.6533,-1.0,-1.0,-1
AUD.USD:MIDPOINT:5Y,2025-06-13,0.65295,0.65335,0.64565,0.64895,-1.0,-1.0,-1
AUD.USD:MIDPOINT:5Y,2025-06-16,0.64885,0.6552,0.64665,0.65235,-1.0,-1.0,-1
AUD.USD:MIDPOINT:5Y,2025-06-17,0.652,0.6544,0.6466,0.6475,-1.0,-1.0,-1
AUD.USD:MIDPOINT:5Y,2025-06-18,0.64835,0.6538,0.64685,0.65085,-1.0,-1.0,-1
AUD.USD:MIDPOINT:5Y,2025-06-19,0.65035,0.6511,0.64455,0.6482,-1.0,-1.0,-1
AUD.USD:MIDPOINT:5Y,2025-06-20,0.6474,0.64955,0.6448,0.6453,-1.0,-1.0,-1
AUD.USD:MIDPOINT:5Y,2025-06-23,0.6431,0.64635,0.63725,0.64595,-1.0,-1.0,-1
AUD.USD:MIDPOINT:5Y,2025-06-24,0.6458,0.65195,0.64565,0.6489,-1.0,-1.0,-1
AUD.USD:MIDPOINT:5Y,2025-06-25,0.64905,0.6515,0.64845,0.6513,-1.0,-1.0,-1
AUD.USD:MIDPOINT:5Y,2025-06-26,0.65085,0.6564,0.6506,0.6546,-1.0,-1.0,-1
AUD.USD:MIDPOINT:5Y,2025-06-27,0.6556,0.6561,0.6508,0.6529,-1.0,-1.0,-1
AUD.USD:MIDPOINT:5Y,2025-06-30,0.6538,0.6583,0.6523,0.65805,-1.0,-1.0,-1
AUD.USD:MIDPOINT:5Y,2025-07-01,0.65745,0.65905,0.6554,0.65825,-1.0,-1.0,-1
AUD.USD:MIDPOINT:5Y,2025-07-02,0.6581,0.6589,0.65435,0.6584,-1.0,-1.0,-1
AUD.USD:MIDPOINT:5Y,2025-07-03,0.65715,0.6588,0.6537,0.65715,-1.0,-1.0,-1
AUD.USD:MIDPOINT:5Y,2025-07-04,0.65705,0.6579,0.6546,0.6556,-1.0,-1.0,-1
AUD.USD:MIDPOINT:5Y,2025-07-07,0.65555,0.6558,0.64855,0.6491,-1.0,-1.0,-1
AUD.USD:MIDPOINT:5Y,2025-07-08,0.64945,0.65585,0.6491,0.65305,-1.0,-1.0,-1
AUD.USD:MIDPOINT:5Y,2025-07-09,0.65305,0.6548,0.65095,0.65355,-1.0,-1.0,-1
AUD.USD:MIDPOINT:5Y,2025-07-10,0.6532,0.65915,0.6532,0.6588,-1.0,-1.0,-1
AUD.USD:MIDPOINT:5Y,2025-07-11,0.6584,0.6595,0.65565,0.65775,-1.0,-1.0,-1
AUD.USD:MIDPOINT:5Y,2025-07-14,0.65545,0.65875,0.6543,0.65445,-1.0,-1.0,-1
AUD.USD:MIDPOINT:5Y,2025-07-15,0.65515,0.6576,0.6508,0.6514,-1.0,-1.0,-1
AUD.USD:MIDPOINT:5Y,2025-07-16,0.6517,0.65545,0.64955,0.6528,-1.0,-1.0,-1
AUD.USD:MIDPOINT:5Y,2025-07-17,0.65265,0.65325,0.64545,0.6488,-1.0,-1.0,-1
AUD.USD:MIDPOINT:5Y,2025-07-18,0.6485,0.6541,0.64845,0.65065,-1.0,-1.0,-1
AUD.USD:MIDPOINT:5Y,2025-07-21,0.6523,0.65375,0.6498,0.6525,-1.0,-1.0,-1
AUD.USD:MIDPOINT:5Y,2025-07-22,0.65235,0.6558,0.6504,0.65545,-1.0,-1.0,-1
AUD.USD:MIDPOINT:5Y,2025-07-23,0.6553,0.6603,0.65475,0.6602,-1.0,-1.0,-1
AUD.USD:MIDPOINT:5Y,2025-07-24,0.66005,0.6625,0.6586,0.659,-1.0,-1.0,-1
AUD.USD:MIDPOINT:5Y,2025-07-25,0.65935,0.65985,0.6551,0.6566,-1.0,-1.0,-1
AUD.USD:MIDPOINT:5Y,2025-07-28,0.6573,0.6586,0.6513,0.6521,-1.0,-1.0,-1
AUD.USD:MIDPOINT:5Y,2025-07-29,0.6518,0.653,0.6496,0.65095,-1.0,-1.0,-1
AUD.USD:MIDPOINT:5Y,2025-07-30,0.65115,0.6529,0.6426,0.6434,-1.0,-1.0,-1
AUD.USD:MIDPOINT:5Y,2025-07-31,0.64375,0.64765,0.6424,0.6426,-1.0,-1.0,-1
AUD.USD:MIDPOINT:5Y,2025-08-01,0.64295,0.64935,0.6419,0.64725,-1.0,-1.0,-1
AUD.USD:MIDPOINT:5Y,2025-08-04,0.64625,0.64895,0.64595,0.6467,-1.0,-1.0,-1
AUD.USD:MIDPOINT:5Y,2025-08-05,0.64695,0.64795,0.64495,0.64725,-1.0,-1.0,-1
AUD.USD:MIDPOINT:5Y,2025-08-06,0.64715,0.6509,0.64685,0.6503,-1.0,-1.0,-1
AUD.USD:MIDPOINT:5Y,2025-08-07,0.65035,0.65415,0.64895,0.65235,-1.0,-1.0,-1
AUD.USD:MIDPOINT:5Y,2025-08-08,0.65155,0.6535,0.65115,0.6518,-1.0,-1.0,-1
AUD.USD:MIDPOINT:5Y,2025-08-11,0.6512,0.65285,0.6501,0.6513,-1.0,-1.0,-1
AUD.USD:MIDPOINT:5Y,2025-08-12,0.65135,0.65405,0.6482,0.65295,-1.0,-1.0,-1
AUD.USD:MIDPOINT:5Y,2025-08-13,0.65295,0.6563,0.65165,0.65455,-1.0,-1.0,-1
AUD.USD:MIDPOINT:5Y,2025-08-14,0.6546,0.6569,0.6483,0.64945,-1.0,-1.0,-1
AUD.USD:MIDPOINT:5Y,2025-08-15,0.64955,0.6523,0.6488,0.65065,-1.0,-1.0,-1
AUD.USD:MIDPOINT:5Y,2025-08-18,0.6509,0.65245,0.64815,0.6491,-1.0,-1.0,-1
AUD.USD:MIDPOINT:5Y,2025-08-19,0.64965,0.64975,0.64495,0.6454,-1.0,-1.0,-1
AUD.USD:MIDPOINT:5Y,2025-08-20,0.6459,0.6459,0.64235,0.64335,-1.0,-1.0,-1
AUD.USD:MIDPOINT:5Y,2025-08-21,0.6431,0.6437,0.64145,0.642,-1.0,-1.0,-1
AUD.USD:MIDPOINT:5Y,2025-08-22,0.64255,0.6501,0.6415,0.64825,-1.0,-1.0,-1
AUD.USD:MIDPOINT:5Y,2025-08-25,0.64945,0.6505,0.6472,0.6482,-1.0,-1.0,-1
AUD.USD:MIDPOINT:5Y,2025-08-26,0.6483,0.65005,0.647,0.64945,-1.0,-1.0,-1
AUD.USD:MIDPOINT:5Y,2025-08-27,0.64915,0.6513,0.64625,0.6506,-1.0,-1.0,-1
AUD.USD:MIDPOINT:5Y,2025-08-28,0.65035,0.65375,0.65025,0.6532,-1.0,-1.0,-1
AUD.USD:MIDPOINT:5Y,2025-08-29,0.6531,0.65485,0.6523,0.65365,-1.0,-1.0,-1
AUD.USD:MIDPOINT:5Y,2025-09-01,0.65465,0.656,0.6535,0.6552,-1.0,-1.0,-1
AUD.USD:MIDPOINT:5Y,2025-09-02,0.65505,0.65585,0.6483,0.65205,-1.0,-1.0,-1
AUD.USD:MIDPOINT:5Y,2025-09-03,0.65115,0.65545,0.65025,0.65435,-1.0,-1.0,-1
AUD.USD:MIDPOINT:5Y,2025-09-04,0.6539,0.655,0.65015,0.6518,-1.0,-1.0,-1
AUD.USD:MIDPOINT:5Y,2025-09-05,0.6517,0.65885,0.65145,0.65525,-1.0,-1.0,-1
AUD.USD:MIDPOINT:5Y,2025-09-08,0.65535,0.65985,0.6546,0.6592,-1.0,-1.0,-1
AUD.USD:MIDPOINT:5Y,2025-09-09,0.6588,0.662,0.6582,0.6585,-1.0,-1.0,-1
AUD.USD:MIDPOINT:5Y,2025-09-10,0.6591,0.66355,0.658,0.6613,-1.0,-1.0,-1
AUD.USD:MIDPOINT:5Y,2025-09-11,0.66175,0.6665,0.659,0.66595,-1.0,-1.0,-1
AUD.USD:MIDPOINT:5Y,2025-09-12,0.666,0.6669,0.66305,0.6645,-1.0,-1.0,-1
AUD.USD:MIDPOINT:5Y,2025-09-15,0.66475,0.6675,0.66385,0.66695,-1.0,-1.0,-1
AUD.USD:MIDPOINT:5Y,2025-09-16,0.6668,0.66885,0.666,0.66855,-1.0,-1.0,-1
AUD.USD:MIDPOINT:5Y,2025-09-17,0.6682,0.6707,0.66415,0.66525,-1.0,-1.0,-1
AUD.USD:MIDPOINT:5Y,2025-09-18,0.66545,0.666,0.6607,0.6612,-1.0,-1.0,-1
AUD.USD:MIDPOINT:5Y,2025-09-19,0.66145,0.66195,0.6586,0.65945,-1.0,-1.0,-1
AUD.USD:MIDPOINT:5Y,2025-09-22,0.65975,0.66025,0.6575,0.6599,-1.0,-1.0,-1
AUD.USD:MIDPOINT:5Y,2025-09-23,0.6596,0.66155,0.65815,0.65985,-1.0,-1.0,-1
AUD.USD:MIDPOINT:5Y,2025-09-24,0.6596,0.6628,0.6575,0.65825,-1.0,-1.0,-1
AUD.USD:MIDPOINT:5Y,2025-09-25,0.6583,0.6604,0.6526,0.65405,-1.0,-1.0,-1
AUD.USD:MIDPOINT:5Y,2025-09-26,0.65355,0.65515,0.65205,0.6543,-1.0,-1.0,-1
AUD.USD:MIDPOINT:5Y,2025-09-29,0.65495,0.6581,0.6547,0.65765,-1.0,-1.0,-1
AUD.USD:MIDPOINT:5Y,2025-09-30,0.65775,0.66285,0.6571,0.6613,-1.0,-1.0,-1
AUD.USD:MIDPOINT:5Y,2025-10-01,0.6612,0.6629,0.65895,0.6613,-1.0,-1.0,-1
AUD.USD:MIDPOINT:5Y,2025-10-02,0.66125,0.66245,0.6577,0.6596,-1.0,-1.0,-1
AUD.USD:MIDPOINT:5Y,2025-10-03,0.6595,0.6614,0.6589,0.6604,-1.0,-1.0,-1
AUD.USD:MIDPOINT:5Y,2025-10-06,0.65845,0.66205,0.65845,0.66165,-1.0,-1.0,-1
AUD.USD:MIDPOINT:5Y,2025-10-07,0.6614,0.66245,0.65785,0.6581,-1.0,-1.0,-1
AUD.USD:MIDPOINT:5Y,2025-10-08,0.65835,0.6589,0.65565,0.65865,-1.0,-1.0,-1
AUD.USD:MIDPOINT:5Y,2025-10-09,0.65835,0.66125,0.654,0.6556,-1.0,-1.0,-1
AUD.USD:MIDPOINT:5Y,2025-10-10,0.6555,0.6573,0.64715,0.6474,-1.0,-1.0,-1
AUD.USD:MIDPOINT:5Y,2025-10-13,0.651,0.6533,0.64915,0.65145,-1.0,-1.0,-1
AUD.USD:MIDPOINT:5Y,2025-10-14,0.65185,0.6521,0.64405,0.6486,-1.0,-1.0,-1
AUD.USD:MIDPOINT:5Y,2025-10-15,0.6484,0.65235,0.6484,0.65125,-1.0,-1.0,-1
AUD.USD:MIDPOINT:5Y,2025-10-16,0.6509,0.6516,0.6471,0.64845,-1.0,-1.0,-1
AUD.USD:MIDPOINT:5Y,2025-10-17,0.64845,0.65025,0.64435,0.6498,-1.0,-1.0,-1
AUD.USD:MIDPOINT:5Y,2025-10-20,0.64925,0.6521,0.64845,0.6513,-1.0,-1.0,-1
AUD.USD:MIDPOINT:5Y,2025-10-21,0.65135,0.6525,0.6473,0.6488,-1.0,-1.0,-1
AUD.USD:MIDPOINT:5Y,2025-10-22,0.64865,0.6512,0.64785,0.6488,-1.0,-1.0,-1
AUD.USD:MIDPOINT:5Y,2025-10-23,0.64905,0.6518,0.6479,0.6512,-1.0,-1.0,-1
AUD.USD:MIDPOINT:5Y,2025-10-24,0.65095,0.6529,0.6493,0.65125,-1.0,-1.0,-1
AUD.USD:MIDPOINT:5Y,2025-10-27,0.6538,0.65595,0.65285,0.65555,-1.0,-1.0,-1
AUD.USD:MIDPOINT:5Y,2025-10-28,0.6554,0.65905,0.65445,0.6585,-1.0,-1.0,-1
AUD.USD:MIDPOINT:5Y,2025-10-29,0.65835,0.66175,0.6557,0.65745,-1.0,-1.0,-1
AUD.USD:MIDPOINT:5Y,2025-10-30,0.65715,0.65975,0.65325,0.6555,-1.0,-1.0,-1
AUD.USD:MIDPOINT:5Y,2025-10-31,0.65515,0.656,0.65335,0.6544,-1.0,-1.0,-1
AUD.USD:MIDPOINT:5Y,2025-11-03,0.65325,0.65625,0.65175,0.65375,-1.0,-1.0,-1
AUD.USD:MIDPOINT:5Y,2025-11-04,0.65355,0.65405,0.6481,0.6489,-1.0,-1.0,-1
AUD.USD:MIDPOINT:5Y,2025-11-05,0.64885,0.6513,0.6459,0.6505,-1.0,-1.0,-1
AUD.USD:MIDPOINT:5Y,2025-11-06,0.65055,0.65185,0.6463,0.64795,-1.0,-1.0,-1
AUD.USD:MIDPOINT:5Y,2025-11-07,0.6479,0.6499,0.64675,0.64925,-1.0,-1.0,-1
AUD.USD:MIDPOINT:5Y,2025-11-10,0.6496,0.654,0.649,0.6536,-1.0,-1.0,-1
AUD.USD:MIDPOINT:5Y,2025-11-11,0.65335,0.6538,0.6515,0.65275,-1.0,-1.0,-1
AUD.USD:MIDPOINT:5Y,2025-11-12,0.6527,0.65505,0.6516,0.6541,-1.0,-1.0,-1
AUD.USD:MIDPOINT:5Y,2025-11-13,0.6541,0.65805,0.6524,0.65295,-1.0,-1.0,-1
AUD.USD:MIDPOINT:5Y,2025-11-14,0.65315,0.65515,0.65035,0.65415,-1.0,-1.0,-1
AUD.USD:MIDPOINT:5Y,2025-11-17,0.65365,0.65375,0.6482,0.6494,-1.0,-1.0,-1
AUD.USD:MIDPOINT:5Y,2025-11-18,0.64925,0.65185,0.6465,0.6507,-1.0,-1.0,-1
AUD.USD:MIDPOINT:5Y,2025-11-19,0.65075,0.6512,0.6451,0.6478,-1.0,-1.0,-1
AUD.USD:MIDPOINT:5Y,2025-11-20,0.6478,0.65025,0.64365,0.644,-1.0,-1.0,-1
AUD.USD:MIDPOINT:5Y,2025-11-21,0.6442,0.6461,0.64215,0.6458,-1.0,-1.0,-1
AUD.USD:MIDPOINT:5Y,2025-11-24,0.64575,0.64685,0.64425,0.64635,-1.0,-1.0,-1
AUD.USD:MIDPOINT:5Y,2025-11-25,0.6461,0.6476,0.6436,0.64695,-1.0,-1.0,-1
AUD.USD:MIDPOINT:5Y,2025-11-26,0.64665,0.6521,0.64665,0.65175,-1.0,-1.0,-1
AUD.USD:MIDPOINT:5Y,2025-11-27,0.65195,0.654,0.6517,0.6534,-1.0,-1.0,-1
AUD.USD:MIDPOINT:5Y,2025-11-28,0.6524,0.65595,0.65205,0.655,-1.0,-1.0,-1
AUD.USD:MIDPOINT:5Y,2025-12-01,0.65435,0.65665,0.65375,0.65435,-1.0,-1.0,-1
AUD.USD:MIDPOINT:5Y,2025-12-02,0.65435,0.6571,0.6537,0.65625,-1.0,-1.0,-1
AUD.USD:MIDPOINT:5Y,2025-12-03,0.65635,0.6602,0.65525,0.6601,-1.0,-1.0,-1
AUD.USD:MIDPOINT:5Y,2025-12-04,0.6598,0.6624,0.6598,0.66095,-1.0,-1.0,-1
AUD.USD:MIDPOINT:5Y,2025-12-05,0.6611,0.6649,0.66055,0.664,-1.0,-1.0,-1
AUD.USD:MIDPOINT:5Y,2025-12-08,0.66375,0.6649,0.66145,0.6624,-1.0,-1.0,-1
AUD.USD:MIDPOINT:5Y,2025-12-09,0.6624,0.66545,0.66085,0.66415,-1.0,-1.0,-1
AUD.USD:MIDPOINT:5Y,2025-12-10,0.6641,0.6686,0.6629,0.66755,-1.0,-1.0,-1
AUD.USD:MIDPOINT:5Y,2025-12-11,0.6675,0.6679,0.66265,0.66645,-1.0,-1.0,-1
AUD.USD:MIDPOINT:5Y,2025-12-12,0.66645,0.6677,0.66325,0.66515,-1.0,-1.0,-1
AUD.USD:MIDPOINT:5Y,2025-12-15,0.6646,0.66565,0.6632,0.66415,-1.0,-1.0,-1
AUD.USD:MIDPOINT:5Y,2025-12-16,0.66365,0.66615,0.6618,0.66315,-1.0,-1.0,-1
AUD.USD:MIDPOINT:5Y,2025-12-17,0.6633,0.6635,0.6599,0.66045,-1.0,-1.0,-1
AUD.USD:MIDPOINT:5Y,2025-12-18,0.66055,0.6631,0.65925,0.66125,-1.0,-1.0,-1
AUD.USD:MIDPOINT:5Y,2025-12-19,0.66125,0.6625,0.66,0.66105,-1.0,-1.0,-1
AUD.USD:MIDPOINT:5Y,2025-12-22,0.66165,0.66605,0.6606,0.66575,-1.0,-1.0,-1
AUD.USD:MIDPOINT:5Y,2025-12-23,0.66555,0.67025,0.6655,0.6702,-1.0,-1.0,-1
AUD.USD:MIDPOINT:5Y,2025-12-24,0.66995,0.67175,0.6698,0.67055,-1.0,-1.0,-1
AUD.USD:MIDPOINT:5Y,2025-12-26,0.6705,0.6725,0.6697,0.67165,-1.0,-1.0,-1
AUD.USD:MIDPOINT:5Y,2025-12-29,0.6702,0.67275,0.6683,0.6694,-1.0,-1.0,-1
AUD.USD:MIDPOINT:5Y,2025-12-30,0.6694,0.6718,0.6688,0.66955,-1.0,-1.0,-1
AUD.USD:MIDPOINT:5Y,2025-12-31,0.66955,0.67015,0.666,0.66725,-1.0,-1.0,-1
AUD.USD:MIDPOINT:5Y,2026-01-02,0.66785,0.6707,0.66765,0.6693,-1.0,-1.0,-1
AUD.USD:MIDPOINT:5Y,2026-01-05,0.66915,0.6719,0.6663,0.6714,-1.0,-1.0,-1
AUD.USD:MIDPOINT:5Y,2026-01-06,0.67145,0.6742,0.6703,0.67375,-1.0,-1.0,-1
AUD.USD:MIDPOINT:5Y,2026-01-07,0.67385,0.67665,0.6717,0.6721,-1.0,-1.0,-1
AUD.USD:MIDPOINT:5Y,2026-01-08,0.6723,0.67255,0.66815,0.6699,-1.0,-1.0,-1
AUD.USD:MIDPOINT:5Y,2026-01-09,0.66995,0.67045,0.66635,0.6688,-1.0,-1.0,-1
AUD.USD:MIDPOINT:5Y,2026-01-12,0.66795,0.67225,0.66785,0.671,-1.0,-1.0,-1
AUD.USD:MIDPOINT:5Y,2026-01-13,0.6711,0.67275,0.6673,0.66825,-1.0,-1.0,-1
AUD.USD:MIDPOINT:5Y,2026-01-14,0.6683,0.67025,0.6673,0.6682,-1.0,-1.0,-1
AUD.USD:MIDPOINT:5Y,2026-01-15,0.66805,0.67095,0.66675,0.66985,-1.0,-1.0,-1
AUD.USD:MIDPOINT:5Y,2026-01-16,0.66975,0.67095,0.6671,0.6684,-1.0,-1.0,-1
AUD.USD:MIDPOINT:5Y,2026-01-19,0.6673,0.67175,0.66685,0.6714,-1.0,-1.0,-1
AUD.USD:MIDPOINT:5Y,2026-01-20,0.6711,0.67475,0.6707,0.67365,-1.0,-1.0,-1
AUD.USD:MIDPOINT:5Y,2026-01-21,0.67305,0.6778,0.67275,0.67615,-1.0,-1.0,-1
AUD.USD:MIDPOINT:5Y,2026-01-22,0.67605,0.68445,0.6754,0.684,-1.0,-1.0,-1
AUD.USD:MIDPOINT:5Y,2026-01-23,0.6839,0.6899,0.68345,0.68935,-1.0,-1.0,-1
AUD.USD:MIDPOINT:5Y,2026-01-26,0.69155,0.6941,0.6906,0.69165,-1.0,-1.0,-1
AUD.USD:MIDPOINT:5Y,2026-01-27,0.69135,0.7016,0.69015,0.7011,-1.0,-1.0,-1
AUD.USD:MIDPOINT:5Y,2026-01-28,0.701,0.70435,0.6977,0.7041,-1.0,-1.0,-1
AUD.USD:MIDPOINT:5Y,2026-01-29,0.70375,0.7094,0.6969,0.70495,-1.0,-1.0,-1
AUD.USD:MIDPOINT:5Y,2026-01-30,0.70495,0.70555,0.694,0.6959,-1.0,-1.0,-1
AUD.USD:MIDPOINT:5Y,2026-02-02,0.69515,0.6971,0.69085,0.69475,-1.0,-1.0,-1
AUD.USD:MIDPOINT:5Y,2026-02-03,0.6946,0.70505,0.6945,0.7021,-1.0,-1.0,-1
AUD.USD:MIDPOINT:5Y,2026-02-04,0.70185,0.7043,0.69715,0.69975,-1.0,-1.0,-1
AUD.USD:MIDPOINT:5Y,2026-02-05,0.69955,0.70075,0.69265,0.69265,-1.0,-1.0,-1
AUD.USD:MIDPOINT:5Y,2026-02-06,0.69325,0.7025,0.6897,0.7013,-1.0,-1.0,-1
AUD.USD:MIDPOINT:5Y,2026-02-09,0.70155,0.7099,0.7014,0.7093,-1.0,-1.0,-1
AUD.USD:MIDPOINT:5Y,2026-02-10,0.70885,0.70945,0.70645,0.70755,-1.0,-1.0,-1
AUD.USD:MIDPOINT:5Y,2026-02-11,0.7076,0.7143,0.70695,0.71275,-1.0,-1.0,-1
AUD.USD:MIDPOINT:5Y,2026-02-12,0.7124,0.7147,0.7076,0.709,-1.0,-1.0,-1
AUD.USD:MIDPOINT:5Y,2026-02-13,0.7088,0.70975,0.70435,0.7072,-1.0,-1.0,-1
AUD.USD:MIDPOINT:5Y,2026-02-16,0.7065,0.70965,0.70575,0.7072,-1.0,-1.0,-1
AUD.USD:MIDPOINT:5Y,2026-02-17,0.7072,0.70905,0.70285,0.7086,-1.0,-1.0,-1
AUD.USD:MIDPOINT:5Y,2026-02-18,0.7083,0.7088,0.7035,0.70425,-1.0,-1.0,-1
AUD.USD:MIDPOINT:5Y,2026-02-19,0.7042,0.70805,0.7024,0.70555,-1.0,-1.0,-1
AUD.USD:MIDPOINT:5Y,2026-02-20,0.7054,0.70945,0.70155,0.7086,-1.0,-1.0,-1
AUD.USD:MIDPOINT:5Y,2026-02-23,0.70825,0.7112,0.70485,0.7055,-1.0,-1.0,-1
AUD.USD:MIDPOINT:5Y,2026-02-24,0.7058,0.70735,0.70265,0.7058,-1.0,-1.0,-1
AUD.USD:MIDPOINT:5Y,2026-02-25,0.7059,0.7126,0.7057,0.71235,-1.0,-1.0,-1
AUD.USD:MIDPOINT:5Y,2026-02-26,0.7121,0.71365,0.7067,0.7105,-1.0,-1.0,-1
AUD.USD:MIDPOINT:5Y,2026-02-27,0.7103,0.71325,0.70865,0.71155,-1.0,-1.0,-1
AUD.USD:MIDPOINT:5Y,2026-03-02,0.70455,0.7117,0.7045,0.70935,-1.0,-1.0,-1
AUD.USD:MIDPOINT:5Y,2026-03-03,0.70905,0.7123,0.69445,0.7036,-1.0,-1.0,-1
AUD.USD:MIDPOINT:5Y,2026-03-04,0.70335,0.70835,0.69845,0.70755,-1.0,-1.0,-1
AUD.USD:MIDPOINT:5Y,2026-03-05,0.70755,0.70895,0.69735,0.7008,-1.0,-1.0,-1
AUD.USD:MIDPOINT:5Y,2026-03-06,0.7007,0.70475,0.6977,0.7029,-1.0,-1.0,-1
AUD.USD:MIDPOINT:5Y,2026-03-09,0.6989,0.70785,0.69565,0.70755,-1.0,-1.0,-1
AUD.USD:MIDPOINT:5Y,2026-03-10,0.7074,0.71685,0.70535,0.71195,-1.0,-1.0,-1
AUD.USD:MIDPOINT:5Y,2026-03-11,0.712,0.71875,0.71125,0.71515,-1.0,-1.0,-1
AUD.USD:MIDPOINT:5Y,2026-03-12,0.715,0.7161,0.70725,0.70765,-1.0,-1.0,-1
AUD.USD:MIDPOINT:5Y,2026-03-13,0.70765,0.70925,0.698,0.6981,-1.0,-1.0,-1
AUD.USD:MIDPOINT:5Y,2026-03-16,0.69935,0.70825,0.6986,0.70715,-1.0,-1.0,-1
AUD.USD:MIDPOINT:5Y,2026-03-17,0.7073,0.71185,0.7049,0.7105,-1.0,-1.0,-1
AUD.USD:MIDPOINT:5Y,2026-03-18,0.70975,0.71235,0.7018,0.7024,-1.0,-1.0,-1
AUD.USD:MIDPOINT:5Y,2026-03-19,0.70285,0.7109,0.7,0.7087,-1.0,-1.0,-1
AUD.USD:MIDPOINT:5Y,2026-03-20,0.7091,0.7097,0.70055,0.70215,-1.0,-1.0,-1
AUD.USD:MIDPOINT:5Y,2026-03-23,0.7,0.70625,0.69105,0.70105,-1.0,-1.0,-1
AUD.USD:MIDPOINT:5Y,2026-03-24,0.7014,0.7025,0.69385,0.69955,-1.0,-1.0,-1
AUD.USD:MIDPOINT:5Y,2026-03-25,0.6987,0.7004,0.6943,0.69475,-1.0,-1.0,-1
AUD.USD:MIDPOINT:5Y,2026-03-26,0.6949,0.6957,0.68755,0.6887,-1.0,-1.0,-1
AUD.USD:MIDPOINT:5Y,2026-03-27,0.68935,0.6912,0.68645,0.68705,-1.0,-1.0,-1
AUD.USD:MIDPOINT:5Y,2026-03-30,0.6864,0.68745,0.68335,0.68525,-1.0,-1.0,-1
AUD.USD:MIDPOINT:5Y,2026-03-31,0.68465,0.6904,0.6834,0.69,-1.0,-1.0,-1
AUD.USD:MIDPOINT:5Y,2026-04-01,0.68975,0.6964,0.68955,0.6928,-1.0,-1.0,-1
AUD.USD:MIDPOINT:5Y,2026-04-02,0.6929,0.6941,0.686,0.69095,-1.0,-1.0,-1
AUD.USD:MIDPOINT:5Y,2026-04-03,0.6908,0.6916,0.6885,0.6895,-1.0,-1.0,-1
AUD.USD:MIDPOINT:5Y,2026-04-06,0.6885,0.6938,0.68845,0.69175,-1.0,-1.0,-1
AUD.USD:MIDPOINT:5Y,2026-04-07,0.69165,0.6979,0.68985,0.69735,-1.0,-1.0,-1
AUD.USD:MIDPOINT:5Y,2026-04-08,0.6979,0.7085,0.69655,0.7044,-1.0,-1.0,-1
AUD.USD:MIDPOINT:5Y,2026-04-09,0.7049,0.7095,0.7022,0.7082,-1.0,-1.0,-1
AUD.USD:MIDPOINT:5Y,2026-04-10,0.7083,0.7094,0.70535,0.70645,-1.0,-1.0,-1
AUD.USD:MIDPOINT:5Y,2026-04-13,0.7003,0.71005,0.7002,0.7095,-1.0,-1.0,-1
AUD.USD:MIDPOINT:5Y,2026-04-14,0.70925,0.7148,0.7077,0.7125,-1.0,-1.0,-1
AUD.USD:MIDPOINT:5Y,2026-04-15,0.71205,0.71775,0.7119,0.717,-1.0,-1.0,-1
AUD.USD:MIDPOINT:5Y,2026-04-16,0.7169,0.71975,0.7152,0.7161,-1.0,-1.0,-1
AUD.USD:MIDPOINT:5Y,2026-04-17,0.7163,0.7222,0.7154,0.71705,-1.0,-1.0,-1
AUD.USD:MIDPOINT:5Y,2026-04-20,0.71305,0.718,0.7116,0.7178,-1.0,-1.0,-1
AUD.USD:MIDPOINT:5Y,2026-04-21,0.71765,0.7186,0.713,0.71515,-1.0,-1.0,-1
AUD.USD:MIDPOINT:5Y,2026-04-22,0.71525,0.71765,0.71465,0.71605,-1.0,-1.0,-1
AUD.USD:MIDPOINT:5Y,2026-04-23,0.7157,0.7167,0.7111,0.71285,-1.0,-1.0,-1
AUD.USD:MIDPOINT:5Y,2026-04-24,0.71265,0.71555,0.71145,0.7153,-1.0,-1.0,-1
AUD.USD:MIDPOINT:5Y,2026-04-27,0.71345,0.72,0.71325,0.71865,-1.0,-1.0,-1
AUD.USD:MIDPOINT:5Y,2026-04-28,0.71865,0.71945,0.7151,0.7181,-1.0,-1.0,-1
AUD.USD:MIDPOINT:5Y,2026-04-29,0.718,0.71895,0.71015,0.71165,-1.0,-1.0,-1
AUD.USD:MIDPOINT:5Y,2026-04-30,0.71125,0.72035,0.711,0.72015,-1.0,-1.0,-1
AUD.USD:MIDPOINT:5Y,2026-05-01,0.71995,0.7228,0.71835,0.7198,-1.0,-1.0,-1
AUD.USD:MIDPOINT:5Y,2026-05-04,0.72135,0.72205,0.71535,0.7167,-1.0,-1.0,-1
AUD.USD:MIDPOINT:5Y,2026-05-05,0.7168,0.7198,0.71355,0.7183,-1.0,-1.0,-1
AUD.USD:MIDPOINT:5Y,2026-05-06,0.71815,0.72775,0.71795,0.7237,-1.0,-1.0,-1
AUD.USD:MIDPOINT:5Y,2026-05-07,0.7238,0.72645,0.7205,0.7209,-1.0,-1.0,-1
AUD.USD:MIDPOINT:5Y,2026-05-08,0.7206,0.72505,0.72005,0.7245,-1.0,-1.0,-1
AUD.USD:MIDPOINT:5Y,2026-05-11,0.7225,0.72595,0.7218,0.72495,-1.0,-1.0,-1
AUD.USD:MIDPOINT:5Y,2026-05-12,0.72465,0.7252,0.7209,0.724,-1.0,-1.0,-1
AUD.USD:MIDPOINT:5Y,2026-05-13,0.72405,0.72715,0.72305,0.7258,-1.0,-1.0,-1
AUD.USD:MIDPOINT:5Y,2026-05-14,0.72625,0.72645,0.7216,0.7221,-1.0,-1.0,-1
AUD.USD:MIDPOINT:5Y,2026-05-15,0.7221,0.7223,0.714,0.7154,-1.0,-1.0,-1
AUD.USD:MIDPOINT:5Y,2026-05-18,0.7152,0.71845,0.71185,0.7168,-1.0,-1.0,-1
AUD.USD:MIDPOINT:5Y,2026-05-19,0.7165,0.7177,0.70795,0.71075,-1.0,-1.0,-1
AUD.USD:MIDPOINT:5Y,2026-05-20,0.71085,0.71745,0.7087,0.715,-1.0,-1.0,-1
AUD.USD:MIDPOINT:5Y,2026-05-21,0.71505,0.71685,0.71,0.715,-1.0,-1.0,-1
AUD.USD:MIDPOINT:5Y,2026-05-22,0.7148,0.7155,0.71165,0.713,-1.0,-1.0,-1
AUD.USD:MIDPOINT:5Y,2026-05-25,0.7158,0.7182,0.71525,0.7173,-1.0,-1.0,-1
AUD.USD:MIDPOINT:5Y,2026-05-26,0.7172,0.71765,0.71555,0.71685,-1.0,-1.0,-1
AUD.USD:MIDPOINT:5Y,2026-05-27,0.7169,0.71795,0.7124,0.71405,-1.0,-1.0,-1
AUD.USD:MIDPOINT:5Y,2026-05-28,0.7139,0.717,0.7098,0.7163,-1.0,-1.0,-1
AUD.USD:MIDPOINT:5Y,2026-05-29,0.7161,0.72005,0.71495,0.71865,-1.0,-1.0,-1
AUD.USD:MIDPOINT:5Y,2026-06-01,0.71755,0.71905,0.71345,0.71585,-1.0,-1.0,-1
AUD.USD:MIDPOINT:5Y,2026-06-02,0.7163,0.7188,0.7153,0.71805,-1.0,-1.0,-1
AUD.USD:MIDPOINT:5Y,2026-06-03,0.71765,0.7182,0.7127,0.71285,-1.0,-1.0,-1
AUD.USD:MIDPOINT:5Y,2026-06-04,0.71375,0.7149,0.71225,0.7134,-1.0,-1.0,-1
AUD.USD:MIDPOINT:5Y,2026-06-05,0.7137,0.7144,0.70375,0.7049,-1.0,-1.0,-1
AUD.USD:MIDPOINT:5Y,2026-06-08,0.70275,0.70785,0.70235,0.70445,-1.0,-1.0,-1
AUD.USD:MIDPOINT:5Y,2026-06-09,0.7044,0.70705,0.7005,0.70285,-1.0,-1.0,-1
AUD.USD:MIDPOINT:5Y,2026-06-10,0.7028,0.70375,0.69945,0.6999,-1.0,-1.0,-1
AUD.USD:MIDPOINT:5Y,2026-06-11,0.70005,0.70555,0.6979,0.7049,-1.0,-1.0,-1
AUD.USD:MIDPOINT:5Y,2026-06-12,0.7046,0.706,0.70215,0.70475,-1.0,-1.0,-1
AUD.USD:MIDPOINT:5Y,2026-06-15,0.7042,0.70885,0.7042,0.70725,-1.0,-1.0,-1
AUD.USD:MIDPOINT:5Y,2026-06-16,0.70735,0.708,0.7042,0.7067,-1.0,-1.0,-1
AUD.USD:MIDPOINT:5Y,2026-06-17,0.7067,0.70755,0.6995,0.7014,-1.0,-1.0,-1
AUD.USD:MIDPOINT:5Y,2026-06-18,0.70145,0.70415,0.7001,0.7013,-1.0,-1.0,-1
AUD.USD:MIDPOINT:5Y,2026-06-19,0.7016,0.70245,0.69895,0.7012,-1.0,-1.0,-1
AUD.USD:MIDPOINT:5Y,2026-06-22,0.70105,0.70195,0.6994,0.70015,-1.0,-1.0,-1
AUD.USD:MIDPOINT:5Y,2026-06-23,0.7003,0.70035,0.6907,0.69165,-1.0,-1.0,-1
AUD.USD:MIDPOINT:5Y,2026-06-24,0.69165,0.69235,0.68825,0.6901,-1.0,-1.0,-1
AUD.USD:MIDPOINT:5Y,2026-06-25,0.69025,0.69275,0.6887,0.691,-1.0,-1.0,-1
AUD.USD:MIDPOINT:5Y,2026-06-26,0.691,0.6917,0.68755,0.6895,-1.0,-1.0,-1
AUD.USD:MIDPOINT:5Y,2026-06-29,0.68925,0.69045,0.68775,0.68865,-1.0,-1.0,-1
AUD.USD:MIDPOINT:5Y,2026-06-30,0.68875,0.693,0.68655,0.69195,-1.0,-1.0,-1
AUD.USD:MIDPOINT:5Y,2026-07-01,0.6914,0.692,0.6883,0.68935,-1.0,-1.0,-1
AUD.USD:MIDPOINT:5Y,2026-07-02,0.68945,0.69435,0.6884,0.69225,-1.0,-1.0,-1
AUD.USD:MIDPOINT:5Y,2026-07-03,0.69175,0.69495,0.6911,0.69385,-1.0,-1.0,-1
AUD.USD:MIDPOINT:5Y,2026-07-06,0.6943,0.6959,0.6922,0.69555,-1.0,-1.0,-1
AUD.USD:MIDPOINT:5Y,2026-07-07,0.69575,0.69605,0.6921,0.69285,-1.0,-1.0,-1
AUD.USD:MIDPOINT:5Y,2026-07-08,0.69305,0.69465,0.69065,0.69295,-1.0,-1.0,-1
AUD.USD:MIDPOINT:5Y,2026-07-09,0.69295,0.6947,0.6925,0.6941,-1.0,-1.0,-1
AUD.USD:MIDPOINT:5Y,2026-07-10,0.6939,0.697,0.69335,0.6957,-1.0,-1.0,-1
AUD.USD:MIDPOINT:5Y,2026-07-13,0.69485,0.695,0.6913,0.69185,-1.0,-1.0,-1
AUD.USD:MIDPOINT:5Y,2026-07-14,0.69165,0.6993,0.6913,0.6975,-1.0,-1.0,-1
AUD.USD:MIDPOINT:5Y,2026-07-15,0.6975,0.70215,0.69695,0.70045,-1.0,-1.0,-1
AUD.USD:MIDPOINT:5Y,2026-07-16,0.7006,0.70125,0.6986,0.69955,-1.0,-1.0,-1
AUD.USD:MIDPOINT:5Y,2026-07-17,0.6994,0.70015,0.6966,0.6982,-1.0,-1.0,-1
AUD.USD:MIDPOINT:5Y,2026-07-20,0.69665,0.7015,0.6965,0.69965,-1.0,-1.0,-1
AUD.USD:MIDPOINT:5Y,2026-07-21,0.6996,0.7027,0.69935,0.69995,-1.0,-1.0,-1
AUD.USD:MIDPOINT:5Y,2026-07-22,0.70015,0.70125,0.698,0.69975,-1.0,-1.0,-1
AUD.USD:MIDPOINT:5Y,2026-07-23,0.69955,0.7021,0.69625,0.6969,-1.0,-1.0,-1
AUD.USD:MIDPOINT:5Y,2026-07-24,0.697,0.7001,0.6966,0.69775,-1.0,-1.0,-1
AUD.USD:MIDPOINT:5Y,2026-07-27,0.7003,0.70115,0.69855,0.69905,-1.0,-1.0,-1
AUD.USD:MIDPOINT:5Y,2026-07-28,0.6991,0.69965,0.69625,0.69745,-1.0,-1.0,-1
AUD.USD:MIDPOINT:5Y,2026-07-29,0.69765,0.6989,0.69225,0.69555,-1.0,-1.0,-1
AUD.USD:MIDPOINT:5Y,2026-07-30,0.69515,0.70335,0.69465,0.70275,-1.0,-1.0,-1
AUD.USD:MIDPOINT:5Y,2026-07-31,0.7027,0.70445,0.69915,0.7018,-1.0,-1.0,-1
AUD.USD:MIDPOINT:5Y,2026-08-03,0.7046,0.70505,0.6984,0.7,-1.0,-1.0,-1
AUD.USD:MIDPOINT:5Y,2026-08-04,0.7002,0.70485,0.69965,0.70465,-1.0,-1.0,-1
AUD.USD:MIDPOINT:5Y,2026-08-05,0.7042,0.70645,0.70395,0.70585,-1.0,-1.0,-1
AUD.USD:MIDPOINT:5Y,2026-08-06,0.7057,0.70605,0.70225,0.70325,-1.0,-1.0,-1
AUD.USD:MIDPOINT:5Y,2026-08-07,0.70325,0.7078,0.70225,0.70685,-1.0,-1.0,-1
AUD.USD:MIDPOINT:5Y,2026-08-10,0.7065,0.70745,0.7053,0.70545,-1.0,-1.0,-1
AUD.USD:MIDPOINT:5Y,2026-08-11,0.70525,0.70695,0.70395,0.70615,-1.0,-1.0,-1
AUD.USD:MIDPOINT:5Y,2026-08-12,0.70585,0.7091,0.7054,0.7062,-1.0,-1.0,-1
AUD.USD:MIDPOINT:5Y,2026-08-13,0.70615,0.70675,0.7044,0.70595,-1.0,-1.0,-1
AUD.USD:MIDPOINT:5Y,2026-08-14,0.7058,0.7096,0.70555,0.7083,-1.0,-1.0,-1
AUD.USD:MIDPOINT:5Y,2026-08-17,0.70875,0.71295,0.70815,0.7105,-1.0,-1.0,-1
AUD.USD:MIDPOINT:5Y,2026-08-18,0.7106,0.712,0.70825,0.7088,-1.0,-1.0,-1
AUD.USD:MIDPOINT:5Y,2026-08-19,0.70825,0.7129,0.7067,0.7125,-1.0,-1.0,-1
AUD.USD:MIDPOINT:5Y,2026-08-20,0.7124,0.7133,0.7103,0.7113,-1.0,-1.0,-1
AUD.USD:MIDPOINT:5Y,2026-08-21,0.71115,0.718,0.7109,0.71715,-1.0,-1.0,-1
AUD.USD:MIDPOINT:5Y,2026-08-24,0.7162,0.7177,0.7153,0.7154,-1.0,-1.0,-1
